{
  "__type__": "cc.SpriteFrame",
  "content": {
    "name": "1_12",
    "atlas": "",
    "rect": {
      "x": 12,
      "y": 32,
      "width": 147,
      "height": 169
    },
    "offset": {
      "x": -24.5,
      "y": -6.5
    },
    "originalSize": {
      "width": 220,
      "height": 220
    },
    "rotated": false,
    "capInsets": [
      0,
      0,
      0,
      0
    ],
    "vertices": {
      "rawPosition": [
        -73.5,
        -84.5,
        0,
        73.5,
        -84.5,
        0,
        -73.5,
        84.5,
        0,
        73.5,
        84.5,
        0
      ],
      "indexes": [
        0,
        1,
        2,
        2,
        1,
        3
      ],
      "uv": [
        12,
        188,
        159,
        188,
        12,
        19,
        159,
        19
      ],
      "nuv": [
        0.05454545454545454,
        0.08636363636363636,
        0.7227272727272728,
        0.08636363636363636,
        0.05454545454545454,
        0.8545454545454545,
        0.7227272727272728,
        0.8545454545454545
      ],
      "minPos": {
        "x": -73.5,
        "y": -84.5,
        "z": 0
      },
      "maxPos": {
        "x": 73.5,
        "y": 84.5,
        "z": 0
      }
    },
    "texture": "371692d5-6046-4e33-8ddb-19f0ab6c9aec@6c48a",
    "packable": true,
    "pixelsToUnit": 100,
    "pivot": {
      "x": 0.5,
      "y": 0.5
    },
    "meshType": 0
  }
}