{
  "__type__": "cc.SpriteFrame",
  "content": {
    "name": "loading",
    "atlas": "",
    "rect": {
      "x": 0,
      "y": 0,
      "width": 776,
      "height": 1663
    },
    "offset": {
      "x": 0,
      "y": 1
    },
    "originalSize": {
      "width": 776,
      "height": 1665
    },
    "rotated": false,
    "capInsets": [
      0,
      0,
      0,
      0
    ],
    "vertices": {
      "rawPosition": [
        -388,
        -831.5,
        0,
        388,
        -831.5,
        0,
        -388,
        831.5,
        0,
        388,
        831.5,
        0
      ],
      "indexes": [
        0,
        1,
        2,
        2,
        1,
        3
      ],
      "uv": [
        0,
        1665,
        776,
        1665,
        0,
        2,
        776,
        2
      ],
      "nuv": [
        0,
        0.0012012012012012011,
        1,
        0.0012012012012012011,
        0,
        1,
        1,
        1
      ],
      "minPos": {
        "x": -388,
        "y": -831.5,
        "z": 0
      },
      "maxPos": {
        "x": 388,
        "y": 831.5,
        "z": 0
      }
    },
    "texture": "372b812d-51fc-441c-8d8a-44db4464181d@6c48a",
    "packable": true,
    "pixelsToUnit": 100,
    "pivot": {
      "x": 0.5,
      "y": 0.5
    },
    "meshType": 0
  }
}