{
  "__type__": "cc.SpriteFrame",
  "content": {
    "name": "1_17",
    "atlas": "",
    "rect": {
      "x": 45,
      "y": 48,
      "width": 142,
      "height": 153
    },
    "offset": {
      "x": 6,
      "y": -14.5
    },
    "originalSize": {
      "width": 220,
      "height": 220
    },
    "rotated": false,
    "capInsets": [
      0,
      0,
      0,
      0
    ],
    "vertices": {
      "rawPosition": [
        -71,
        -76.5,
        0,
        71,
        -76.5,
        0,
        -71,
        76.5,
        0,
        71,
        76.5,
        0
      ],
      "indexes": [
        0,
        1,
        2,
        2,
        1,
        3
      ],
      "uv": [
        45,
        172,
        187,
        172,
        45,
        19,
        187,
        19
      ],
      "nuv": [
        0.20454545454545456,
        0.08636363636363636,
        0.85,
        0.08636363636363636,
        0.20454545454545456,
        0.7818181818181819,
        0.85,
        0.7818181818181819
      ],
      "minPos": {
        "x": -71,
        "y": -76.5,
        "z": 0
      },
      "maxPos": {
        "x": 71,
        "y": 76.5,
        "z": 0
      }
    },
    "texture": "374084f4-2612-435b-9f53-26191c9d7ab7@6c48a",
    "packable": true,
    "pixelsToUnit": 100,
    "pivot": {
      "x": 0.5,
      "y": 0.5
    },
    "meshType": 0
  }
}