{
  "__type__": "cc.SpriteFrame",
  "content": {
    "name": "1_25",
    "atlas": "",
    "rect": {
      "x": 48,
      "y": 54,
      "width": 136,
      "height": 148
    },
    "offset": {
      "x": 6,
      "y": -18
    },
    "originalSize": {
      "width": 220,
      "height": 220
    },
    "rotated": false,
    "capInsets": [
      0,
      0,
      0,
      0
    ],
    "vertices": {
      "rawPosition": [
        -68,
        -74,
        0,
        68,
        -74,
        0,
        -68,
        74,
        0,
        68,
        74,
        0
      ],
      "indexes": [
        0,
        1,
        2,
        2,
        1,
        3
      ],
      "uv": [
        48,
        166,
        184,
        166,
        48,
        18,
        184,
        18
      ],
      "nuv": [
        0.21818181818181817,
        0.08181818181818182,
        0.8363636363636363,
        0.08181818181818182,
        0.21818181818181817,
        0.7545454545454545,
        0.8363636363636363,
        0.7545454545454545
      ],
      "minPos": {
        "x": -68,
        "y": -74,
        "z": 0
      },
      "maxPos": {
        "x": 68,
        "y": 74,
        "z": 0
      }
    },
    "texture": "3778c6ea-fe5e-4434-9115-6ff51315d3e7@6c48a",
    "packable": true,
    "pixelsToUnit": 100,
    "pivot": {
      "x": 0.5,
      "y": 0.5
    },
    "meshType": 0
  }
}