{
  "__type__": "cc.SpriteFrame",
  "content": {
    "name": "1_20",
    "atlas": "",
    "rect": {
      "x": 26,
      "y": 46,
      "width": 148,
      "height": 160
    },
    "offset": {
      "x": -10,
      "y": -16
    },
    "originalSize": {
      "width": 220,
      "height": 220
    },
    "rotated": false,
    "capInsets": [
      0,
      0,
      0,
      0
    ],
    "vertices": {
      "rawPosition": [
        -74,
        -80,
        0,
        74,
        -80,
        0,
        -74,
        80,
        0,
        74,
        80,
        0
      ],
      "indexes": [
        0,
        1,
        2,
        2,
        1,
        3
      ],
      "uv": [
        26,
        174,
        174,
        174,
        26,
        14,
        174,
        14
      ],
      "nuv": [
        0.11818181818181818,
        0.06363636363636363,
        0.7909090909090909,
        0.06363636363636363,
        0.11818181818181818,
        0.7909090909090909,
        0.7909090909090909,
        0.7909090909090909
      ],
      "minPos": {
        "x": -74,
        "y": -80,
        "z": 0
      },
      "maxPos": {
        "x": 74,
        "y": 80,
        "z": 0
      }
    },
    "texture": "37b09aad-2e16-45d6-bccf-1ab67ea29fbd@6c48a",
    "packable": true,
    "pixelsToUnit": 100,
    "pivot": {
      "x": 0.5,
      "y": 0.5
    },
    "meshType": 0
  }
}