{
  "__type__": "cc.SpriteFrame",
  "content": {
    "name": "1_07",
    "atlas": "",
    "rect": {
      "x": 40,
      "y": 41,
      "width": 137,
      "height": 164
    },
    "offset": {
      "x": -1.5,
      "y": -13
    },
    "originalSize": {
      "width": 220,
      "height": 220
    },
    "rotated": false,
    "capInsets": [
      0,
      0,
      0,
      0
    ],
    "vertices": {
      "rawPosition": [
        -68.5,
        -82,
        0,
        68.5,
        -82,
        0,
        -68.5,
        82,
        0,
        68.5,
        82,
        0
      ],
      "indexes": [
        0,
        1,
        2,
        2,
        1,
        3
      ],
      "uv": [
        40,
        179,
        177,
        179,
        40,
        15,
        177,
        15
      ],
      "nuv": [
        0.18181818181818182,
        0.06818181818181818,
        0.8045454545454546,
        0.06818181818181818,
        0.18181818181818182,
        0.8136363636363636,
        0.8045454545454546,
        0.8136363636363636
      ],
      "minPos": {
        "x": -68.5,
        "y": -82,
        "z": 0
      },
      "maxPos": {
        "x": 68.5,
        "y": 82,
        "z": 0
      }
    },
    "texture": "652b15f7-b44a-46d9-b3c0-6e6556915457@6c48a",
    "packable": true,
    "pixelsToUnit": 100,
    "pivot": {
      "x": 0.5,
      "y": 0.5
    },
    "meshType": 0
  }
}