{
  "__type__": "cc.SpriteFrame",
  "content": {
    "name": "1_33",
    "atlas": "",
    "rect": {
      "x": 30,
      "y": 47,
      "width": 213,
      "height": 267
    },
    "offset": {
      "x": -4,
      "y": -15
    },
    "originalSize": {
      "width": 281,
      "height": 331
    },
    "rotated": false,
    "capInsets": [
      0,
      0,
      0,
      0
    ],
    "vertices": {
      "rawPosition": [
        -106.5,
        -133.5,
        0,
        106.5,
        -133.5,
        0,
        -106.5,
        133.5,
        0,
        106.5,
        133.5,
        0
      ],
      "indexes": [
        0,
        1,
        2,
        2,
        1,
        3
      ],
      "uv": [
        30,
        284,
        243,
        284,
        30,
        17,
        243,
        17
      ],
      "nuv": [
        0.10676156583629894,
        0.0513595166163142,
        0.8647686832740213,
        0.0513595166163142,
        0.10676156583629894,
        0.8580060422960725,
        0.8647686832740213,
        0.8580060422960725
      ],
      "minPos": {
        "x": -106.5,
        "y": -133.5,
        "z": 0
      },
      "maxPos": {
        "x": 106.5,
        "y": 133.5,
        "z": 0
      }
    },
    "texture": "6547a700-6f51-494e-b41a-18979497e925@6c48a",
    "packable": true,
    "pixelsToUnit": 100,
    "pivot": {
      "x": 0.5,
      "y": 0.5
    },
    "meshType": 0
  }
}