{
  "__type__": "cc.SpriteFrame",
  "content": {
    "name": "1_60",
    "atlas": "",
    "rect": {
      "x": 32,
      "y": 45,
      "width": 134,
      "height": 156
    },
    "offset": {
      "x": -11,
      "y": -13
    },
    "originalSize": {
      "width": 220,
      "height": 220
    },
    "rotated": false,
    "capInsets": [
      0,
      0,
      0,
      0
    ],
    "vertices": {
      "rawPosition": [
        -67,
        -78,
        0,
        67,
        -78,
        0,
        -67,
        78,
        0,
        67,
        78,
        0
      ],
      "indexes": [
        0,
        1,
        2,
        2,
        1,
        3
      ],
      "uv": [
        32,
        175,
        166,
        175,
        32,
        19,
        166,
        19
      ],
      "nuv": [
        0.14545454545454545,
        0.08636363636363636,
        0.7545454545454545,
        0.08636363636363636,
        0.14545454545454545,
        0.7954545454545454,
        0.7545454545454545,
        0.7954545454545454
      ],
      "minPos": {
        "x": -67,
        "y": -78,
        "z": 0
      },
      "maxPos": {
        "x": 67,
        "y": 78,
        "z": 0
      }
    },
    "texture": "656c1866-d68c-461b-a244-7f924565836e@6c48a",
    "packable": true,
    "pixelsToUnit": 100,
    "pivot": {
      "x": 0.5,
      "y": 0.5
    },
    "meshType": 0
  }
}