{
  "__type__": "cc.SpriteFrame",
  "content": {
    "name": "1_19",
    "atlas": "",
    "rect": {
      "x": 89,
      "y": 258,
      "width": 116,
      "height": 62
    },
    "offset": {
      "x": 6.5,
      "y": -123.5
    },
    "originalSize": {
      "width": 281,
      "height": 331
    },
    "rotated": false,
    "capInsets": [
      0,
      0,
      0,
      0
    ],
    "vertices": {
      "rawPosition": [
        -58,
        -31,
        0,
        58,
        -31,
        0,
        -58,
        31,
        0,
        58,
        31,
        0
      ],
      "indexes": [
        0,
        1,
        2,
        2,
        1,
        3
      ],
      "uv": [
        89,
        73,
        205,
        73,
        89,
        11,
        205,
        11
      ],
      "nuv": [
        0.3167259786476868,
        0.03323262839879154,
        0.7295373665480427,
        0.03323262839879154,
        0.3167259786476868,
        0.22054380664652568,
        0.7295373665480427,
        0.22054380664652568
      ],
      "minPos": {
        "x": -58,
        "y": -31,
        "z": 0
      },
      "maxPos": {
        "x": 58,
        "y": 31,
        "z": 0
      }
    },
    "texture": "6593453b-2efc-4262-a406-9fb5e8369707@6c48a",
    "packable": true,
    "pixelsToUnit": 100,
    "pivot": {
      "x": 0.5,
      "y": 0.5
    },
    "meshType": 0
  }
}