{
  "__type__": "cc.SpriteFrame",
  "content": {
    "name": "tu01-stand_45",
    "atlas": "",
    "rect": {
      "x": 43,
      "y": 65,
      "width": 155,
      "height": 148
    },
    "offset": {
      "x": 10.5,
      "y": -29
    },
    "originalSize": {
      "width": 220,
      "height": 220
    },
    "rotated": false,
    "capInsets": [
      0,
      0,
      0,
      0
    ],
    "vertices": {
      "rawPosition": [
        -77.5,
        -74,
        0,
        77.5,
        -74,
        0,
        -77.5,
        74,
        0,
        77.5,
        74,
        0
      ],
      "indexes": [
        0,
        1,
        2,
        2,
        1,
        3
      ],
      "uv": [
        43,
        155,
        198,
        155,
        43,
        7,
        198,
        7
      ],
      "nuv": [
        0.19545454545454546,
        0.031818181818181815,
        0.9,
        0.031818181818181815,
        0.19545454545454546,
        0.7045454545454546,
        0.9,
        0.7045454545454546
      ],
      "minPos": {
        "x": -77.5,
        "y": -74,
        "z": 0
      },
      "maxPos": {
        "x": 77.5,
        "y": 74,
        "z": 0
      }
    },
    "texture": "65ef6f1d-a502-46ca-9a5d-05b3482920ba@6c48a",
    "packable": true,
    "pixelsToUnit": 100,
    "pivot": {
      "x": 0.5,
      "y": 0.5
    },
    "meshType": 0
  }
}