{
  "__type__": "cc.SpriteFrame",
  "content": {
    "name": "1_010",
    "atlas": "",
    "rect": {
      "x": 176,
      "y": 102,
      "width": 121,
      "height": 150
    },
    "offset": {
      "x": 49,
      "y": -15
    },
    "originalSize": {
      "width": 375,
      "height": 324
    },
    "rotated": false,
    "capInsets": [
      0,
      0,
      0,
      0
    ],
    "vertices": {
      "rawPosition": [
        -60.5,
        -75,
        0,
        60.5,
        -75,
        0,
        -60.5,
        75,
        0,
        60.5,
        75,
        0
      ],
      "indexes": [
        0,
        1,
        2,
        2,
        1,
        3
      ],
      "uv": [
        176,
        222,
        297,
        222,
        176,
        72,
        297,
        72
      ],
      "nuv": [
        0.4693333333333333,
        0.2222222222222222,
        0.792,
        0.2222222222222222,
        0.4693333333333333,
        0.6851851851851852,
        0.792,
        0.6851851851851852
      ],
      "minPos": {
        "x": -60.5,
        "y": -75,
        "z": 0
      },
      "maxPos": {
        "x": 60.5,
        "y": 75,
        "z": 0
      }
    },
    "texture": "65fb5898-70e1-4ccb-9064-13752d5b5a44@6c48a",
    "packable": true,
    "pixelsToUnit": 100,
    "pivot": {
      "x": 0.5,
      "y": 0.5
    },
    "meshType": 0
  }
}