{
  "__type__": "cc.SpriteFrame",
  "content": {
    "name": "1_00",
    "atlas": "",
    "rect": {
      "x": 43,
      "y": 48,
      "width": 135,
      "height": 155
    },
    "offset": {
      "x": 0.5,
      "y": -15.5
    },
    "originalSize": {
      "width": 220,
      "height": 220
    },
    "rotated": false,
    "capInsets": [
      0,
      0,
      0,
      0
    ],
    "vertices": {
      "rawPosition": [
        -67.5,
        -77.5,
        0,
        67.5,
        -77.5,
        0,
        -67.5,
        77.5,
        0,
        67.5,
        77.5,
        0
      ],
      "indexes": [
        0,
        1,
        2,
        2,
        1,
        3
      ],
      "uv": [
        43,
        172,
        178,
        172,
        43,
        17,
        178,
        17
      ],
      "nuv": [
        0.19545454545454546,
        0.07727272727272727,
        0.8090909090909091,
        0.07727272727272727,
        0.19545454545454546,
        0.7818181818181819,
        0.8090909090909091,
        0.7818181818181819
      ],
      "minPos": {
        "x": -67.5,
        "y": -77.5,
        "z": 0
      },
      "maxPos": {
        "x": 67.5,
        "y": 77.5,
        "z": 0
      }
    },
    "texture": "ac0da9b2-c6dc-404c-8c63-a90cc1a3ab72@6c48a",
    "packable": true,
    "pixelsToUnit": 100,
    "pivot": {
      "x": 0.5,
      "y": 0.5
    },
    "meshType": 0
  }
}