{
  "__type__": "cc.SpriteFrame",
  "content": {
    "name": "tu01-stand1_36",
    "atlas": "",
    "rect": {
      "x": 38,
      "y": 67,
      "width": 132,
      "height": 146
    },
    "offset": {
      "x": -6,
      "y": -30
    },
    "originalSize": {
      "width": 220,
      "height": 220
    },
    "rotated": false,
    "capInsets": [
      0,
      0,
      0,
      0
    ],
    "vertices": {
      "rawPosition": [
        -66,
        -73,
        0,
        66,
        -73,
        0,
        -66,
        73,
        0,
        66,
        73,
        0
      ],
      "indexes": [
        0,
        1,
        2,
        2,
        1,
        3
      ],
      "uv": [
        38,
        153,
        170,
        153,
        38,
        7,
        170,
        7
      ],
      "nuv": [
        0.17272727272727273,
        0.031818181818181815,
        0.7727272727272727,
        0.031818181818181815,
        0.17272727272727273,
        0.6954545454545454,
        0.7727272727272727,
        0.6954545454545454
      ],
      "minPos": {
        "x": -66,
        "y": -73,
        "z": 0
      },
      "maxPos": {
        "x": 66,
        "y": 73,
        "z": 0
      }
    },
    "texture": "ac46475b-4cb3-4115-816f-3ee243653f7b@6c48a",
    "packable": true,
    "pixelsToUnit": 100,
    "pivot": {
      "x": 0.5,
      "y": 0.5
    },
    "meshType": 0
  }
}