{
  "__type__": "cc.SpriteFrame",
  "content": {
    "name": "1_02",
    "atlas": "",
    "rect": {
      "x": 73,
      "y": 73,
      "width": 74,
      "height": 74
    },
    "offset": {
      "x": 0,
      "y": 0
    },
    "originalSize": {
      "width": 220,
      "height": 220
    },
    "rotated": false,
    "capInsets": [
      0,
      0,
      0,
      0
    ],
    "vertices": {
      "rawPosition": [
        -37,
        -37,
        0,
        37,
        -37,
        0,
        -37,
        37,
        0,
        37,
        37,
        0
      ],
      "indexes": [
        0,
        1,
        2,
        2,
        1,
        3
      ],
      "uv": [
        73,
        147,
        147,
        147,
        73,
        73,
        147,
        73
      ],
      "nuv": [
        0.33181818181818185,
        0.33181818181818185,
        0.6681818181818182,
        0.33181818181818185,
        0.33181818181818185,
        0.6681818181818182,
        0.6681818181818182,
        0.6681818181818182
      ],
      "minPos": {
        "x": -37,
        "y": -37,
        "z": 0
      },
      "maxPos": {
        "x": 37,
        "y": 37,
        "z": 0
      }
    },
    "texture": "acafae47-f9ef-412a-b79a-3fd4e7ab5764@6c48a",
    "packable": true,
    "pixelsToUnit": 100,
    "pivot": {
      "x": 0.5,
      "y": 0.5
    },
    "meshType": 0
  }
}