{
  "__type__": "cc.SpriteFrame",
  "content": {
    "name": "sit_07",
    "atlas": "",
    "rect": {
      "x": 37,
      "y": 48,
      "width": 56,
      "height": 134
    },
    "offset": {
      "x": -2.5,
      "y": -17.5
    },
    "originalSize": {
      "width": 135,
      "height": 195
    },
    "rotated": false,
    "capInsets": [
      0,
      0,
      0,
      0
    ],
    "vertices": {
      "rawPosition": [
        -28,
        -67,
        0,
        28,
        -67,
        0,
        -28,
        67,
        0,
        28,
        67,
        0
      ],
      "indexes": [
        0,
        1,
        2,
        2,
        1,
        3
      ],
      "uv": [
        37,
        147,
        93,
        147,
        37,
        13,
        93,
        13
      ],
      "nuv": [
        0.2740740740740741,
        0.06666666666666667,
        0.6888888888888889,
        0.06666666666666667,
        0.2740740740740741,
        0.7538461538461538,
        0.6888888888888889,
        0.7538461538461538
      ],
      "minPos": {
        "x": -28,
        "y": -67,
        "z": 0
      },
      "maxPos": {
        "x": 28,
        "y": 67,
        "z": 0
      }
    },
    "texture": "acf462e9-bd10-46bd-8cea-b20e6a5423f9@6c48a",
    "packable": true,
    "pixelsToUnit": 100,
    "pivot": {
      "x": 0.5,
      "y": 0.5
    },
    "meshType": 0
  }
}