{
  "__type__": "cc.SpriteFrame",
  "content": {
    "name": "1_03",
    "atlas": "",
    "rect": {
      "x": 29,
      "y": 46,
      "width": 161,
      "height": 160
    },
    "offset": {
      "x": -0.5,
      "y": -16
    },
    "originalSize": {
      "width": 220,
      "height": 220
    },
    "rotated": false,
    "capInsets": [
      0,
      0,
      0,
      0
    ],
    "vertices": {
      "rawPosition": [
        -80.5,
        -80,
        0,
        80.5,
        -80,
        0,
        -80.5,
        80,
        0,
        80.5,
        80,
        0
      ],
      "indexes": [
        0,
        1,
        2,
        2,
        1,
        3
      ],
      "uv": [
        29,
        174,
        190,
        174,
        29,
        14,
        190,
        14
      ],
      "nuv": [
        0.1318181818181818,
        0.06363636363636363,
        0.8636363636363636,
        0.06363636363636363,
        0.1318181818181818,
        0.7909090909090909,
        0.8636363636363636,
        0.7909090909090909
      ],
      "minPos": {
        "x": -80.5,
        "y": -80,
        "z": 0
      },
      "maxPos": {
        "x": 80.5,
        "y": 80,
        "z": 0
      }
    },
    "texture": "acf4af9c-e797-4475-bbe9-c25532e722f7@6c48a",
    "packable": true,
    "pixelsToUnit": 100,
    "pivot": {
      "x": 0.5,
      "y": 0.5
    },
    "meshType": 0
  }
}