{
  "__type__": "cc.SpriteFrame",
  "content": {
    "name": "1_20",
    "atlas": "",
    "rect": {
      "x": 68,
      "y": 47,
      "width": 128,
      "height": 158
    },
    "offset": {
      "x": 22,
      "y": -16
    },
    "originalSize": {
      "width": 220,
      "height": 220
    },
    "rotated": false,
    "capInsets": [
      0,
      0,
      0,
      0
    ],
    "vertices": {
      "rawPosition": [
        -64,
        -79,
        0,
        64,
        -79,
        0,
        -64,
        79,
        0,
        64,
        79,
        0
      ],
      "indexes": [
        0,
        1,
        2,
        2,
        1,
        3
      ],
      "uv": [
        68,
        173,
        196,
        173,
        68,
        15,
        196,
        15
      ],
      "nuv": [
        0.3090909090909091,
        0.06818181818181818,
        0.8909090909090909,
        0.06818181818181818,
        0.3090909090909091,
        0.7863636363636364,
        0.8909090909090909,
        0.7863636363636364
      ],
      "minPos": {
        "x": -64,
        "y": -79,
        "z": 0
      },
      "maxPos": {
        "x": 64,
        "y": 79,
        "z": 0
      }
    },
    "texture": "e92ce3ef-1921-4090-b656-05827b004c81@6c48a",
    "packable": true,
    "pixelsToUnit": 100,
    "pivot": {
      "x": 0.5,
      "y": 0.5
    },
    "meshType": 0
  }
}