{
  "__type__": "cc.SpriteFrame",
  "content": {
    "name": "1_002",
    "atlas": "",
    "rect": {
      "x": 198,
      "y": 62,
      "width": 143,
      "height": 128
    },
    "offset": {
      "x": 82,
      "y": 36
    },
    "originalSize": {
      "width": 375,
      "height": 324
    },
    "rotated": false,
    "capInsets": [
      0,
      0,
      0,
      0
    ],
    "vertices": {
      "rawPosition": [
        -71.5,
        -64,
        0,
        71.5,
        -64,
        0,
        -71.5,
        64,
        0,
        71.5,
        64,
        0
      ],
      "indexes": [
        0,
        1,
        2,
        2,
        1,
        3
      ],
      "uv": [
        198,
        262,
        341,
        262,
        198,
        134,
        341,
        134
      ],
      "nuv": [
        0.528,
        0.41358024691358025,
        0.9093333333333333,
        0.41358024691358025,
        0.528,
        0.808641975308642,
        0.9093333333333333,
        0.808641975308642
      ],
      "minPos": {
        "x": -71.5,
        "y": -64,
        "z": 0
      },
      "maxPos": {
        "x": 71.5,
        "y": 64,
        "z": 0
      }
    },
    "texture": "e93f7f7b-7836-4493-8e36-c5255a26cff7@6c48a",
    "packable": true,
    "pixelsToUnit": 100,
    "pivot": {
      "x": 0.5,
      "y": 0.5
    },
    "meshType": 0
  }
}