{
  "__type__": "cc.SpriteFrame",
  "content": {
    "name": "1_136",
    "atlas": "",
    "rect": {
      "x": 0,
      "y": 56,
      "width": 340,
      "height": 245
    },
    "offset": {
      "x": -17.5,
      "y": -16.5
    },
    "originalSize": {
      "width": 375,
      "height": 324
    },
    "rotated": false,
    "capInsets": [
      0,
      0,
      0,
      0
    ],
    "vertices": {
      "rawPosition": [
        -170,
        -122.5,
        0,
        170,
        -122.5,
        0,
        -170,
        122.5,
        0,
        170,
        122.5,
        0
      ],
      "indexes": [
        0,
        1,
        2,
        2,
        1,
        3
      ],
      "uv": [
        0,
        268,
        340,
        268,
        0,
        23,
        340,
        23
      ],
      "nuv": [
        0,
        0.07098765432098765,
        0.9066666666666666,
        0.07098765432098765,
        0,
        0.8271604938271605,
        0.9066666666666666,
        0.8271604938271605
      ],
      "minPos": {
        "x": -170,
        "y": -122.5,
        "z": 0
      },
      "maxPos": {
        "x": 170,
        "y": 122.5,
        "z": 0
      }
    },
    "texture": "e986b1d2-39c2-41a4-bd7d-6dcb42e45411@6c48a",
    "packable": true,
    "pixelsToUnit": 100,
    "pivot": {
      "x": 0.5,
      "y": 0.5
    },
    "meshType": 0
  }
}