{
  "__type__": "cc.SpriteFrame",
  "content": {
    "name": "1_15",
    "atlas": "",
    "rect": {
      "x": 44,
      "y": 43,
      "width": 128,
      "height": 160
    },
    "offset": {
      "x": -2,
      "y": -13
    },
    "originalSize": {
      "width": 220,
      "height": 220
    },
    "rotated": false,
    "capInsets": [
      0,
      0,
      0,
      0
    ],
    "vertices": {
      "rawPosition": [
        -64,
        -80,
        0,
        64,
        -80,
        0,
        -64,
        80,
        0,
        64,
        80,
        0
      ],
      "indexes": [
        0,
        1,
        2,
        2,
        1,
        3
      ],
      "uv": [
        44,
        177,
        172,
        177,
        44,
        17,
        172,
        17
      ],
      "nuv": [
        0.2,
        0.07727272727272727,
        0.7818181818181819,
        0.07727272727272727,
        0.2,
        0.8045454545454546,
        0.7818181818181819,
        0.8045454545454546
      ],
      "minPos": {
        "x": -64,
        "y": -80,
        "z": 0
      },
      "maxPos": {
        "x": 64,
        "y": 80,
        "z": 0
      }
    },
    "texture": "e9d1abfd-3dea-48f1-a344-9c2773d3a741@6c48a",
    "packable": true,
    "pixelsToUnit": 100,
    "pivot": {
      "x": 0.5,
      "y": 0.5
    },
    "meshType": 0
  }
}