{
  "__type__": "cc.SpriteFrame",
  "content": {
    "name": "sit2_09",
    "atlas": "",
    "rect": {
      "x": 35,
      "y": 44,
      "width": 54,
      "height": 139
    },
    "offset": {
      "x": 2,
      "y": -16
    },
    "originalSize": {
      "width": 120,
      "height": 195
    },
    "rotated": false,
    "capInsets": [
      0,
      0,
      0,
      0
    ],
    "vertices": {
      "rawPosition": [
        -27,
        -69.5,
        0,
        27,
        -69.5,
        0,
        -27,
        69.5,
        0,
        27,
        69.5,
        0
      ],
      "indexes": [
        0,
        1,
        2,
        2,
        1,
        3
      ],
      "uv": [
        35,
        151,
        89,
        151,
        35,
        12,
        89,
        12
      ],
      "nuv": [
        0.2916666666666667,
        0.06153846153846154,
        0.7416666666666667,
        0.06153846153846154,
        0.2916666666666667,
        0.7743589743589744,
        0.7416666666666667,
        0.7743589743589744
      ],
      "minPos": {
        "x": -27,
        "y": -69.5,
        "z": 0
      },
      "maxPos": {
        "x": 27,
        "y": 69.5,
        "z": 0
      }
    },
    "texture": "e9d88b1f-f171-44d9-b75e-672ab6859990@6c48a",
    "packable": true,
    "pixelsToUnit": 100,
    "pivot": {
      "x": 0.5,
      "y": 0.5
    },
    "meshType": 0
  }
}