{
  "__type__": "cc.SpriteFrame",
  "content": {
    "name": "1_24",
    "atlas": "",
    "rect": {
      "x": 47,
      "y": 41,
      "width": 142,
      "height": 165
    },
    "offset": {
      "x": 8,
      "y": -13.5
    },
    "originalSize": {
      "width": 220,
      "height": 220
    },
    "rotated": false,
    "capInsets": [
      0,
      0,
      0,
      0
    ],
    "vertices": {
      "rawPosition": [
        -71,
        -82.5,
        0,
        71,
        -82.5,
        0,
        -71,
        82.5,
        0,
        71,
        82.5,
        0
      ],
      "indexes": [
        0,
        1,
        2,
        2,
        1,
        3
      ],
      "uv": [
        47,
        179,
        189,
        179,
        47,
        14,
        189,
        14
      ],
      "nuv": [
        0.21363636363636362,
        0.06363636363636363,
        0.8590909090909091,
        0.06363636363636363,
        0.21363636363636362,
        0.8136363636363636,
        0.8590909090909091,
        0.8136363636363636
      ],
      "minPos": {
        "x": -71,
        "y": -82.5,
        "z": 0
      },
      "maxPos": {
        "x": 71,
        "y": 82.5,
        "z": 0
      }
    },
    "texture": "e9ecb02e-5b54-4152-ba95-6b05d2232a29@6c48a",
    "packable": true,
    "pixelsToUnit": 100,
    "pivot": {
      "x": 0.5,
      "y": 0.5
    },
    "meshType": 0
  }
}