{
  "__type__": "cc.SpriteFrame",
  "content": {
    "name": "1_05",
    "atlas": "",
    "rect": {
      "x": 57,
      "y": 56,
      "width": 107,
      "height": 107
    },
    "offset": {
      "x": 0.5,
      "y": 0.5
    },
    "originalSize": {
      "width": 220,
      "height": 220
    },
    "rotated": false,
    "capInsets": [
      0,
      0,
      0,
      0
    ],
    "vertices": {
      "rawPosition": [
        -53.5,
        -53.5,
        0,
        53.5,
        -53.5,
        0,
        -53.5,
        53.5,
        0,
        53.5,
        53.5,
        0
      ],
      "indexes": [
        0,
        1,
        2,
        2,
        1,
        3
      ],
      "uv": [
        57,
        164,
        164,
        164,
        57,
        57,
        164,
        57
      ],
      "nuv": [
        0.2590909090909091,
        0.2590909090909091,
        0.7454545454545455,
        0.2590909090909091,
        0.2590909090909091,
        0.7454545454545455,
        0.7454545454545455,
        0.7454545454545455
      ],
      "minPos": {
        "x": -53.5,
        "y": -53.5,
        "z": 0
      },
      "maxPos": {
        "x": 53.5,
        "y": 53.5,
        "z": 0
      }
    },
    "texture": "5cc4d234-e1ce-4bd7-bedf-022d9cb2bf84@6c48a",
    "packable": true,
    "pixelsToUnit": 100,
    "pivot": {
      "x": 0.5,
      "y": 0.5
    },
    "meshType": 0
  }
}