{
  "__type__": "cc.SpriteFrame",
  "content": {
    "name": "1_13",
    "atlas": "",
    "rect": {
      "x": 42,
      "y": 42,
      "width": 143,
      "height": 164
    },
    "offset": {
      "x": 3.5,
      "y": -14
    },
    "originalSize": {
      "width": 220,
      "height": 220
    },
    "rotated": false,
    "capInsets": [
      0,
      0,
      0,
      0
    ],
    "vertices": {
      "rawPosition": [
        -71.5,
        -82,
        0,
        71.5,
        -82,
        0,
        -71.5,
        82,
        0,
        71.5,
        82,
        0
      ],
      "indexes": [
        0,
        1,
        2,
        2,
        1,
        3
      ],
      "uv": [
        42,
        178,
        185,
        178,
        42,
        14,
        185,
        14
      ],
      "nuv": [
        0.19090909090909092,
        0.06363636363636363,
        0.8409090909090909,
        0.06363636363636363,
        0.19090909090909092,
        0.8090909090909091,
        0.8409090909090909,
        0.8090909090909091
      ],
      "minPos": {
        "x": -71.5,
        "y": -82,
        "z": 0
      },
      "maxPos": {
        "x": 71.5,
        "y": 82,
        "z": 0
      }
    },
    "texture": "5ccc9232-c97b-4e5b-880b-a66d6ad12277@6c48a",
    "packable": true,
    "pixelsToUnit": 100,
    "pivot": {
      "x": 0.5,
      "y": 0.5
    },
    "meshType": 0
  }
}