{
  "__type__": "cc.SpriteFrame",
  "content": {
    "name": "1_35",
    "atlas": "",
    "rect": {
      "x": 42,
      "y": 48,
      "width": 149,
      "height": 160
    },
    "offset": {
      "x": 6.5,
      "y": -18
    },
    "originalSize": {
      "width": 220,
      "height": 220
    },
    "rotated": false,
    "capInsets": [
      0,
      0,
      0,
      0
    ],
    "vertices": {
      "rawPosition": [
        -74.5,
        -80,
        0,
        74.5,
        -80,
        0,
        -74.5,
        80,
        0,
        74.5,
        80,
        0
      ],
      "indexes": [
        0,
        1,
        2,
        2,
        1,
        3
      ],
      "uv": [
        42,
        172,
        191,
        172,
        42,
        12,
        191,
        12
      ],
      "nuv": [
        0.19090909090909092,
        0.05454545454545454,
        0.8681818181818182,
        0.05454545454545454,
        0.19090909090909092,
        0.7818181818181819,
        0.8681818181818182,
        0.7818181818181819
      ],
      "minPos": {
        "x": -74.5,
        "y": -80,
        "z": 0
      },
      "maxPos": {
        "x": 74.5,
        "y": 80,
        "z": 0
      }
    },
    "texture": "5ce00ca5-c187-4e2d-8419-ce24f5a4947e@6c48a",
    "packable": true,
    "pixelsToUnit": 100,
    "pivot": {
      "x": 0.5,
      "y": 0.5
    },
    "meshType": 0
  }
}