{
  "__type__": "cc.SpriteFrame",
  "content": {
    "name": "1_174",
    "atlas": "",
    "rect": {
      "x": 45,
      "y": 70,
      "width": 253,
      "height": 231
    },
    "offset": {
      "x": -16,
      "y": -23.5
    },
    "originalSize": {
      "width": 375,
      "height": 324
    },
    "rotated": false,
    "capInsets": [
      0,
      0,
      0,
      0
    ],
    "vertices": {
      "rawPosition": [
        -126.5,
        -115.5,
        0,
        126.5,
        -115.5,
        0,
        -126.5,
        115.5,
        0,
        126.5,
        115.5,
        0
      ],
      "indexes": [
        0,
        1,
        2,
        2,
        1,
        3
      ],
      "uv": [
        45,
        254,
        298,
        254,
        45,
        23,
        298,
        23
      ],
      "nuv": [
        0.12,
        0.07098765432098765,
        0.7946666666666666,
        0.07098765432098765,
        0.12,
        0.7839506172839507,
        0.7946666666666666,
        0.7839506172839507
      ],
      "minPos": {
        "x": -126.5,
        "y": -115.5,
        "z": 0
      },
      "maxPos": {
        "x": 126.5,
        "y": 115.5,
        "z": 0
      }
    },
    "texture": "5ce711ea-9be2-4078-93c5-383dbc9daf09@6c48a",
    "packable": true,
    "pixelsToUnit": 100,
    "pivot": {
      "x": 0.5,
      "y": 0.5
    },
    "meshType": 0
  }
}