{
  "__type__": "cc.SpriteFrame",
  "content": {
    "name": "1_06",
    "atlas": "",
    "rect": {
      "x": 28,
      "y": 43,
      "width": 131,
      "height": 158
    },
    "offset": {
      "x": -16.5,
      "y": -12
    },
    "originalSize": {
      "width": 220,
      "height": 220
    },
    "rotated": false,
    "capInsets": [
      0,
      0,
      0,
      0
    ],
    "vertices": {
      "rawPosition": [
        -65.5,
        -79,
        0,
        65.5,
        -79,
        0,
        -65.5,
        79,
        0,
        65.5,
        79,
        0
      ],
      "indexes": [
        0,
        1,
        2,
        2,
        1,
        3
      ],
      "uv": [
        28,
        177,
        159,
        177,
        28,
        19,
        159,
        19
      ],
      "nuv": [
        0.12727272727272726,
        0.08636363636363636,
        0.7227272727272728,
        0.08636363636363636,
        0.12727272727272726,
        0.8045454545454546,
        0.7227272727272728,
        0.8045454545454546
      ],
      "minPos": {
        "x": -65.5,
        "y": -79,
        "z": 0
      },
      "maxPos": {
        "x": 65.5,
        "y": 79,
        "z": 0
      }
    },
    "texture": "d65ebb97-defb-47ce-8986-5063419be669@6c48a",
    "packable": true,
    "pixelsToUnit": 100,
    "pivot": {
      "x": 0.5,
      "y": 0.5
    },
    "meshType": 0
  }
}