{
  "__type__": "cc.SpriteFrame",
  "content": {
    "name": "move_10",
    "atlas": "",
    "rect": {
      "x": 34,
      "y": 32,
      "width": 58,
      "height": 150
    },
    "offset": {
      "x": 3,
      "y": -9.5
    },
    "originalSize": {
      "width": 120,
      "height": 195
    },
    "rotated": false,
    "capInsets": [
      0,
      0,
      0,
      0
    ],
    "vertices": {
      "rawPosition": [
        -29,
        -75,
        0,
        29,
        -75,
        0,
        -29,
        75,
        0,
        29,
        75,
        0
      ],
      "indexes": [
        0,
        1,
        2,
        2,
        1,
        3
      ],
      "uv": [
        34,
        163,
        92,
        163,
        34,
        13,
        92,
        13
      ],
      "nuv": [
        0.2833333333333333,
        0.06666666666666667,
        0.7666666666666667,
        0.06666666666666667,
        0.2833333333333333,
        0.8358974358974359,
        0.7666666666666667,
        0.8358974358974359
      ],
      "minPos": {
        "x": -29,
        "y": -75,
        "z": 0
      },
      "maxPos": {
        "x": 29,
        "y": 75,
        "z": 0
      }
    },
    "texture": "d67ac2e1-f3aa-4e94-a7a0-5d61eba5b8bd@6c48a",
    "packable": true,
    "pixelsToUnit": 100,
    "pivot": {
      "x": 0.5,
      "y": 0.5
    },
    "meshType": 0
  }
}