{
  "__type__": "cc.SpriteFrame",
  "content": {
    "name": "sit2_11",
    "atlas": "",
    "rect": {
      "x": 34,
      "y": 44,
      "width": 55,
      "height": 138
    },
    "offset": {
      "x": 1.5,
      "y": -15.5
    },
    "originalSize": {
      "width": 120,
      "height": 195
    },
    "rotated": false,
    "capInsets": [
      0,
      0,
      0,
      0
    ],
    "vertices": {
      "rawPosition": [
        -27.5,
        -69,
        0,
        27.5,
        -69,
        0,
        -27.5,
        69,
        0,
        27.5,
        69,
        0
      ],
      "indexes": [
        0,
        1,
        2,
        2,
        1,
        3
      ],
      "uv": [
        34,
        151,
        89,
        151,
        34,
        13,
        89,
        13
      ],
      "nuv": [
        0.2833333333333333,
        0.06666666666666667,
        0.7416666666666667,
        0.06666666666666667,
        0.2833333333333333,
        0.7743589743589744,
        0.7416666666666667,
        0.7743589743589744
      ],
      "minPos": {
        "x": -27.5,
        "y": -69,
        "z": 0
      },
      "maxPos": {
        "x": 27.5,
        "y": 69,
        "z": 0
      }
    },
    "texture": "d6c5f10d-3174-4f82-823a-ff0b48c54902@6c48a",
    "packable": true,
    "pixelsToUnit": 100,
    "pivot": {
      "x": 0.5,
      "y": 0.5
    },
    "meshType": 0
  }
}