{
  "__type__": "cc.SpriteFrame",
  "content": {
    "name": "1_18",
    "atlas": "",
    "rect": {
      "x": 11,
      "y": 30,
      "width": 148,
      "height": 171
    },
    "offset": {
      "x": -25,
      "y": -5.5
    },
    "originalSize": {
      "width": 220,
      "height": 220
    },
    "rotated": false,
    "capInsets": [
      0,
      0,
      0,
      0
    ],
    "vertices": {
      "rawPosition": [
        -74,
        -85.5,
        0,
        74,
        -85.5,
        0,
        -74,
        85.5,
        0,
        74,
        85.5,
        0
      ],
      "indexes": [
        0,
        1,
        2,
        2,
        1,
        3
      ],
      "uv": [
        11,
        190,
        159,
        190,
        11,
        19,
        159,
        19
      ],
      "nuv": [
        0.05,
        0.08636363636363636,
        0.7227272727272728,
        0.08636363636363636,
        0.05,
        0.8636363636363636,
        0.7227272727272728,
        0.8636363636363636
      ],
      "minPos": {
        "x": -74,
        "y": -85.5,
        "z": 0
      },
      "maxPos": {
        "x": 74,
        "y": 85.5,
        "z": 0
      }
    },
    "texture": "20120d98-098b-41bf-95de-d0fc0acdcb52@6c48a",
    "packable": true,
    "pixelsToUnit": 100,
    "pivot": {
      "x": 0.5,
      "y": 0.5
    },
    "meshType": 0
  }
}