{
  "__type__": "cc.SpriteFrame",
  "content": {
    "name": "1_34",
    "atlas": "",
    "rect": {
      "x": 46,
      "y": 48,
      "width": 144,
      "height": 160
    },
    "offset": {
      "x": 8,
      "y": -18
    },
    "originalSize": {
      "width": 220,
      "height": 220
    },
    "rotated": false,
    "capInsets": [
      0,
      0,
      0,
      0
    ],
    "vertices": {
      "rawPosition": [
        -72,
        -80,
        0,
        72,
        -80,
        0,
        -72,
        80,
        0,
        72,
        80,
        0
      ],
      "indexes": [
        0,
        1,
        2,
        2,
        1,
        3
      ],
      "uv": [
        46,
        172,
        190,
        172,
        46,
        12,
        190,
        12
      ],
      "nuv": [
        0.20909090909090908,
        0.05454545454545454,
        0.8636363636363636,
        0.05454545454545454,
        0.20909090909090908,
        0.7818181818181819,
        0.8636363636363636,
        0.7818181818181819
      ],
      "minPos": {
        "x": -72,
        "y": -80,
        "z": 0
      },
      "maxPos": {
        "x": 72,
        "y": 80,
        "z": 0
      }
    },
    "texture": "2051ea76-4008-4f74-bb2c-7a42a6539c40@6c48a",
    "packable": true,
    "pixelsToUnit": 100,
    "pivot": {
      "x": 0.5,
      "y": 0.5
    },
    "meshType": 0
  }
}