{
  "__type__": "cc.SpriteFrame",
  "content": {
    "name": "move_17",
    "atlas": "",
    "rect": {
      "x": 44,
      "y": 23,
      "width": 50,
      "height": 161
    },
    "offset": {
      "x": 9,
      "y": -6
    },
    "originalSize": {
      "width": 120,
      "height": 195
    },
    "rotated": false,
    "capInsets": [
      0,
      0,
      0,
      0
    ],
    "vertices": {
      "rawPosition": [
        -25,
        -80.5,
        0,
        25,
        -80.5,
        0,
        -25,
        80.5,
        0,
        25,
        80.5,
        0
      ],
      "indexes": [
        0,
        1,
        2,
        2,
        1,
        3
      ],
      "uv": [
        44,
        172,
        94,
        172,
        44,
        11,
        94,
        11
      ],
      "nuv": [
        0.36666666666666664,
        0.05641025641025641,
        0.7833333333333333,
        0.05641025641025641,
        0.36666666666666664,
        0.882051282051282,
        0.7833333333333333,
        0.882051282051282
      ],
      "minPos": {
        "x": -25,
        "y": -80.5,
        "z": 0
      },
      "maxPos": {
        "x": 25,
        "y": 80.5,
        "z": 0
      }
    },
    "texture": "2074090f-98f4-4705-a544-be68014574f0@6c48a",
    "packable": true,
    "pixelsToUnit": 100,
    "pivot": {
      "x": 0.5,
      "y": 0.5
    },
    "meshType": 0
  }
}