{
  "__type__": "cc.SpriteFrame",
  "content": {
    "name": "sit_06",
    "atlas": "",
    "rect": {
      "x": 34,
      "y": 49,
      "width": 59,
      "height": 134
    },
    "offset": {
      "x": 3.5,
      "y": -18.5
    },
    "originalSize": {
      "width": 120,
      "height": 195
    },
    "rotated": false,
    "capInsets": [
      0,
      0,
      0,
      0
    ],
    "vertices": {
      "rawPosition": [
        -29.5,
        -67,
        0,
        29.5,
        -67,
        0,
        -29.5,
        67,
        0,
        29.5,
        67,
        0
      ],
      "indexes": [
        0,
        1,
        2,
        2,
        1,
        3
      ],
      "uv": [
        34,
        146,
        93,
        146,
        34,
        12,
        93,
        12
      ],
      "nuv": [
        0.2833333333333333,
        0.06153846153846154,
        0.775,
        0.06153846153846154,
        0.2833333333333333,
        0.7487179487179487,
        0.775,
        0.7487179487179487
      ],
      "minPos": {
        "x": -29.5,
        "y": -67,
        "z": 0
      },
      "maxPos": {
        "x": 29.5,
        "y": 67,
        "z": 0
      }
    },
    "texture": "20a896b9-2460-45ea-bfbf-14c0919ec4fe@6c48a",
    "packable": true,
    "pixelsToUnit": 100,
    "pivot": {
      "x": 0.5,
      "y": 0.5
    },
    "meshType": 0
  }
}