{
  "__type__": "cc.SpriteFrame",
  "content": {
    "name": "1_32",
    "atlas": "",
    "rect": {
      "x": 51,
      "y": 58,
      "width": 132,
      "height": 139
    },
    "offset": {
      "x": 7,
      "y": -17.5
    },
    "originalSize": {
      "width": 220,
      "height": 220
    },
    "rotated": false,
    "capInsets": [
      0,
      0,
      0,
      0
    ],
    "vertices": {
      "rawPosition": [
        -66,
        -69.5,
        0,
        66,
        -69.5,
        0,
        -66,
        69.5,
        0,
        66,
        69.5,
        0
      ],
      "indexes": [
        0,
        1,
        2,
        2,
        1,
        3
      ],
      "uv": [
        51,
        162,
        183,
        162,
        51,
        23,
        183,
        23
      ],
      "nuv": [
        0.2318181818181818,
        0.10454545454545454,
        0.8318181818181818,
        0.10454545454545454,
        0.2318181818181818,
        0.7363636363636363,
        0.8318181818181818,
        0.7363636363636363
      ],
      "minPos": {
        "x": -66,
        "y": -69.5,
        "z": 0
      },
      "maxPos": {
        "x": 66,
        "y": 69.5,
        "z": 0
      }
    },
    "texture": "20e58694-2efc-4c51-8894-66d5c52f9b0b@6c48a",
    "packable": true,
    "pixelsToUnit": 100,
    "pivot": {
      "x": 0.5,
      "y": 0.5
    },
    "meshType": 0
  }
}