{
  "__type__": "cc.SpriteFrame",
  "content": {
    "name": "1_36",
    "atlas": "",
    "rect": {
      "x": 35,
      "y": 47,
      "width": 133,
      "height": 154
    },
    "offset": {
      "x": -8.5,
      "y": -14
    },
    "originalSize": {
      "width": 220,
      "height": 220
    },
    "rotated": false,
    "capInsets": [
      0,
      0,
      0,
      0
    ],
    "vertices": {
      "rawPosition": [
        -66.5,
        -77,
        0,
        66.5,
        -77,
        0,
        -66.5,
        77,
        0,
        66.5,
        77,
        0
      ],
      "indexes": [
        0,
        1,
        2,
        2,
        1,
        3
      ],
      "uv": [
        35,
        173,
        168,
        173,
        35,
        19,
        168,
        19
      ],
      "nuv": [
        0.1590909090909091,
        0.08636363636363636,
        0.7636363636363637,
        0.08636363636363636,
        0.1590909090909091,
        0.7863636363636364,
        0.7636363636363637,
        0.7863636363636364
      ],
      "minPos": {
        "x": -66.5,
        "y": -77,
        "z": 0
      },
      "maxPos": {
        "x": 66.5,
        "y": 77,
        "z": 0
      }
    },
    "texture": "20ec190e-6dc5-4375-b8e5-ffd9cfb02067@6c48a",
    "packable": true,
    "pixelsToUnit": 100,
    "pivot": {
      "x": 0.5,
      "y": 0.5
    },
    "meshType": 0
  }
}