{
  "__type__": "cc.SpriteFrame",
  "content": {
    "name": "sit2_06",
    "atlas": "",
    "rect": {
      "x": 37,
      "y": 49,
      "width": 52,
      "height": 133
    },
    "offset": {
      "x": 3,
      "y": -18
    },
    "originalSize": {
      "width": 120,
      "height": 195
    },
    "rotated": false,
    "capInsets": [
      0,
      0,
      0,
      0
    ],
    "vertices": {
      "rawPosition": [
        -26,
        -66.5,
        0,
        26,
        -66.5,
        0,
        -26,
        66.5,
        0,
        26,
        66.5,
        0
      ],
      "indexes": [
        0,
        1,
        2,
        2,
        1,
        3
      ],
      "uv": [
        37,
        146,
        89,
        146,
        37,
        13,
        89,
        13
      ],
      "nuv": [
        0.30833333333333335,
        0.06666666666666667,
        0.7416666666666667,
        0.06666666666666667,
        0.30833333333333335,
        0.7487179487179487,
        0.7416666666666667,
        0.7487179487179487
      ],
      "minPos": {
        "x": -26,
        "y": -66.5,
        "z": 0
      },
      "maxPos": {
        "x": 26,
        "y": 66.5,
        "z": 0
      }
    },
    "texture": "e200fc84-0732-4c39-bfe7-7dda1cd4fec6@6c48a",
    "packable": true,
    "pixelsToUnit": 100,
    "pivot": {
      "x": 0.5,
      "y": 0.5
    },
    "meshType": 0
  }
}