{
  "__type__": "cc.SpriteFrame",
  "content": {
    "name": "1_39",
    "atlas": "",
    "rect": {
      "x": 27,
      "y": 65,
      "width": 218,
      "height": 248
    },
    "offset": {
      "x": -4.5,
      "y": -23.5
    },
    "originalSize": {
      "width": 281,
      "height": 331
    },
    "rotated": false,
    "capInsets": [
      0,
      0,
      0,
      0
    ],
    "vertices": {
      "rawPosition": [
        -109,
        -124,
        0,
        109,
        -124,
        0,
        -109,
        124,
        0,
        109,
        124,
        0
      ],
      "indexes": [
        0,
        1,
        2,
        2,
        1,
        3
      ],
      "uv": [
        27,
        266,
        245,
        266,
        27,
        18,
        245,
        18
      ],
      "nuv": [
        0.09608540925266904,
        0.054380664652567974,
        0.8718861209964412,
        0.054380664652567974,
        0.09608540925266904,
        0.8036253776435045,
        0.8718861209964412,
        0.8036253776435045
      ],
      "minPos": {
        "x": -109,
        "y": -124,
        "z": 0
      },
      "maxPos": {
        "x": 109,
        "y": 124,
        "z": 0
      }
    },
    "texture": "e228d742-1a70-4746-89bf-396807c0bc31@6c48a",
    "packable": true,
    "pixelsToUnit": 100,
    "pivot": {
      "x": 0.5,
      "y": 0.5
    },
    "meshType": 0
  }
}