{
  "__type__": "cc.SpriteFrame",
  "content": {
    "name": "tu01-stand_36",
    "atlas": "",
    "rect": {
      "x": 34,
      "y": 66,
      "width": 154,
      "height": 147
    },
    "offset": {
      "x": 1,
      "y": -29.5
    },
    "originalSize": {
      "width": 220,
      "height": 220
    },
    "rotated": false,
    "capInsets": [
      0,
      0,
      0,
      0
    ],
    "vertices": {
      "rawPosition": [
        -77,
        -73.5,
        0,
        77,
        -73.5,
        0,
        -77,
        73.5,
        0,
        77,
        73.5,
        0
      ],
      "indexes": [
        0,
        1,
        2,
        2,
        1,
        3
      ],
      "uv": [
        34,
        154,
        188,
        154,
        34,
        7,
        188,
        7
      ],
      "nuv": [
        0.15454545454545454,
        0.031818181818181815,
        0.8545454545454545,
        0.031818181818181815,
        0.15454545454545454,
        0.7,
        0.8545454545454545,
        0.7
      ],
      "minPos": {
        "x": -77,
        "y": -73.5,
        "z": 0
      },
      "maxPos": {
        "x": 77,
        "y": 73.5,
        "z": 0
      }
    },
    "texture": "e2e21f80-764a-4a1b-931e-d024242e2fa8@6c48a",
    "packable": true,
    "pixelsToUnit": 100,
    "pivot": {
      "x": 0.5,
      "y": 0.5
    },
    "meshType": 0
  }
}