{
  "__type__": "cc.SpriteFrame",
  "content": {
    "name": "1_014",
    "atlas": "",
    "rect": {
      "x": 167,
      "y": 126,
      "width": 106,
      "height": 131
    },
    "offset": {
      "x": 32.5,
      "y": -29.5
    },
    "originalSize": {
      "width": 375,
      "height": 324
    },
    "rotated": false,
    "capInsets": [
      0,
      0,
      0,
      0
    ],
    "vertices": {
      "rawPosition": [
        -53,
        -65.5,
        0,
        53,
        -65.5,
        0,
        -53,
        65.5,
        0,
        53,
        65.5,
        0
      ],
      "indexes": [
        0,
        1,
        2,
        2,
        1,
        3
      ],
      "uv": [
        167,
        198,
        273,
        198,
        167,
        67,
        273,
        67
      ],
      "nuv": [
        0.44533333333333336,
        0.20679012345679013,
        0.728,
        0.20679012345679013,
        0.44533333333333336,
        0.6111111111111112,
        0.728,
        0.6111111111111112
      ],
      "minPos": {
        "x": -53,
        "y": -65.5,
        "z": 0
      },
      "maxPos": {
        "x": 53,
        "y": 65.5,
        "z": 0
      }
    },
    "texture": "ea2359ef-c9b8-4b2c-8aac-32f9c6cc899f@6c48a",
    "packable": true,
    "pixelsToUnit": 100,
    "pivot": {
      "x": 0.5,
      "y": 0.5
    },
    "meshType": 0
  }
}