{
  "__type__": "cc.SpriteFrame",
  "content": {
    "name": "move_21",
    "atlas": "",
    "rect": {
      "x": 34,
      "y": 31,
      "width": 65,
      "height": 151
    },
    "offset": {
      "x": 6.5,
      "y": -9
    },
    "originalSize": {
      "width": 120,
      "height": 195
    },
    "rotated": false,
    "capInsets": [
      0,
      0,
      0,
      0
    ],
    "vertices": {
      "rawPosition": [
        -32.5,
        -75.5,
        0,
        32.5,
        -75.5,
        0,
        -32.5,
        75.5,
        0,
        32.5,
        75.5,
        0
      ],
      "indexes": [
        0,
        1,
        2,
        2,
        1,
        3
      ],
      "uv": [
        34,
        164,
        99,
        164,
        34,
        13,
        99,
        13
      ],
      "nuv": [
        0.2833333333333333,
        0.06666666666666667,
        0.825,
        0.06666666666666667,
        0.2833333333333333,
        0.841025641025641,
        0.825,
        0.841025641025641
      ],
      "minPos": {
        "x": -32.5,
        "y": -75.5,
        "z": 0
      },
      "maxPos": {
        "x": 32.5,
        "y": 75.5,
        "z": 0
      }
    },
    "texture": "ead3bad9-5ab1-4402-af5c-568fc6849702@6c48a",
    "packable": true,
    "pixelsToUnit": 100,
    "pivot": {
      "x": 0.5,
      "y": 0.5
    },
    "meshType": 0
  }
}