{
  "__type__": "cc.SpriteFrame",
  "content": {
    "name": "1_36",
    "atlas": "",
    "rect": {
      "x": 41,
      "y": 48,
      "width": 148,
      "height": 160
    },
    "offset": {
      "x": 5,
      "y": -18
    },
    "originalSize": {
      "width": 220,
      "height": 220
    },
    "rotated": false,
    "capInsets": [
      0,
      0,
      0,
      0
    ],
    "vertices": {
      "rawPosition": [
        -74,
        -80,
        0,
        74,
        -80,
        0,
        -74,
        80,
        0,
        74,
        80,
        0
      ],
      "indexes": [
        0,
        1,
        2,
        2,
        1,
        3
      ],
      "uv": [
        41,
        172,
        189,
        172,
        41,
        12,
        189,
        12
      ],
      "nuv": [
        0.18636363636363637,
        0.05454545454545454,
        0.8590909090909091,
        0.05454545454545454,
        0.18636363636363637,
        0.7818181818181819,
        0.8590909090909091,
        0.7818181818181819
      ],
      "minPos": {
        "x": -74,
        "y": -80,
        "z": 0
      },
      "maxPos": {
        "x": 74,
        "y": 80,
        "z": 0
      }
    },
    "texture": "ca24a8b8-2b4c-433b-ae36-b012fd162891@6c48a",
    "packable": true,
    "pixelsToUnit": 100,
    "pivot": {
      "x": 0.5,
      "y": 0.5
    },
    "meshType": 0
  }
}