{
  "__type__": "cc.SpriteFrame",
  "content": {
    "name": "1_009",
    "atlas": "",
    "rect": {
      "x": 179,
      "y": 97,
      "width": 124,
      "height": 147
    },
    "offset": {
      "x": 53.5,
      "y": -8.5
    },
    "originalSize": {
      "width": 375,
      "height": 324
    },
    "rotated": false,
    "capInsets": [
      0,
      0,
      0,
      0
    ],
    "vertices": {
      "rawPosition": [
        -62,
        -73.5,
        0,
        62,
        -73.5,
        0,
        -62,
        73.5,
        0,
        62,
        73.5,
        0
      ],
      "indexes": [
        0,
        1,
        2,
        2,
        1,
        3
      ],
      "uv": [
        179,
        227,
        303,
        227,
        179,
        80,
        303,
        80
      ],
      "nuv": [
        0.47733333333333333,
        0.24691358024691357,
        0.808,
        0.24691358024691357,
        0.47733333333333333,
        0.7006172839506173,
        0.808,
        0.7006172839506173
      ],
      "minPos": {
        "x": -62,
        "y": -73.5,
        "z": 0
      },
      "maxPos": {
        "x": 62,
        "y": 73.5,
        "z": 0
      }
    },
    "texture": "ca263b9c-43e9-4385-bd16-7c1e8efd6919@6c48a",
    "packable": true,
    "pixelsToUnit": 100,
    "pivot": {
      "x": 0.5,
      "y": 0.5
    },
    "meshType": 0
  }
}