{
  "__type__": "cc.SpriteFrame",
  "content": {
    "name": "1_22",
    "atlas": "",
    "rect": {
      "x": 38,
      "y": 43,
      "width": 141,
      "height": 163
    },
    "offset": {
      "x": -1.5,
      "y": -14.5
    },
    "originalSize": {
      "width": 220,
      "height": 220
    },
    "rotated": false,
    "capInsets": [
      0,
      0,
      0,
      0
    ],
    "vertices": {
      "rawPosition": [
        -70.5,
        -81.5,
        0,
        70.5,
        -81.5,
        0,
        -70.5,
        81.5,
        0,
        70.5,
        81.5,
        0
      ],
      "indexes": [
        0,
        1,
        2,
        2,
        1,
        3
      ],
      "uv": [
        38,
        177,
        179,
        177,
        38,
        14,
        179,
        14
      ],
      "nuv": [
        0.17272727272727273,
        0.06363636363636363,
        0.8136363636363636,
        0.06363636363636363,
        0.17272727272727273,
        0.8045454545454546,
        0.8136363636363636,
        0.8045454545454546
      ],
      "minPos": {
        "x": -70.5,
        "y": -81.5,
        "z": 0
      },
      "maxPos": {
        "x": 70.5,
        "y": 81.5,
        "z": 0
      }
    },
    "texture": "ca9b0017-e133-4b08-8571-3125a564c0d2@6c48a",
    "packable": true,
    "pixelsToUnit": 100,
    "pivot": {
      "x": 0.5,
      "y": 0.5
    },
    "meshType": 0
  }
}