{
  "__type__": "cc.SpriteFrame",
  "content": {
    "name": "sit_idle_18",
    "atlas": "",
    "rect": {
      "x": 26,
      "y": 47,
      "width": 68,
      "height": 135
    },
    "offset": {
      "x": 0,
      "y": -17
    },
    "originalSize": {
      "width": 120,
      "height": 195
    },
    "rotated": false,
    "capInsets": [
      0,
      0,
      0,
      0
    ],
    "vertices": {
      "rawPosition": [
        -34,
        -67.5,
        0,
        34,
        -67.5,
        0,
        -34,
        67.5,
        0,
        34,
        67.5,
        0
      ],
      "indexes": [
        0,
        1,
        2,
        2,
        1,
        3
      ],
      "uv": [
        26,
        148,
        94,
        148,
        26,
        13,
        94,
        13
      ],
      "nuv": [
        0.21666666666666667,
        0.06666666666666667,
        0.7833333333333333,
        0.06666666666666667,
        0.21666666666666667,
        0.7589743589743589,
        0.7833333333333333,
        0.7589743589743589
      ],
      "minPos": {
        "x": -34,
        "y": -67.5,
        "z": 0
      },
      "maxPos": {
        "x": 34,
        "y": 67.5,
        "z": 0
      }
    },
    "texture": "cad60d67-9789-47a9-8d1b-e8e90c742452@6c48a",
    "packable": true,
    "pixelsToUnit": 100,
    "pivot": {
      "x": 0.5,
      "y": 0.5
    },
    "meshType": 0
  }
}