{
  "__type__": "cc.SpriteFrame",
  "content": {
    "name": "idle_25",
    "atlas": "",
    "rect": {
      "x": 49,
      "y": 26,
      "width": 47,
      "height": 160
    },
    "offset": {
      "x": 5,
      "y": -8.5
    },
    "originalSize": {
      "width": 135,
      "height": 195
    },
    "rotated": false,
    "capInsets": [
      0,
      0,
      0,
      0
    ],
    "vertices": {
      "rawPosition": [
        -23.5,
        -80,
        0,
        23.5,
        -80,
        0,
        -23.5,
        80,
        0,
        23.5,
        80,
        0
      ],
      "indexes": [
        0,
        1,
        2,
        2,
        1,
        3
      ],
      "uv": [
        49,
        169,
        96,
        169,
        49,
        9,
        96,
        9
      ],
      "nuv": [
        0.362962962962963,
        0.046153846153846156,
        0.7111111111111111,
        0.046153846153846156,
        0.362962962962963,
        0.8666666666666667,
        0.7111111111111111,
        0.8666666666666667
      ],
      "minPos": {
        "x": -23.5,
        "y": -80,
        "z": 0
      },
      "maxPos": {
        "x": 23.5,
        "y": 80,
        "z": 0
      }
    },
    "texture": "caddfec5-d6d2-4523-a70a-bc93154a0b3d@6c48a",
    "packable": true,
    "pixelsToUnit": 100,
    "pivot": {
      "x": 0.5,
      "y": 0.5
    },
    "meshType": 0
  }
}