{
  "__type__": "cc.SpriteFrame",
  "content": {
    "name": "1_11",
    "atlas": "",
    "rect": {
      "x": 37,
      "y": 48,
      "width": 152,
      "height": 160
    },
    "offset": {
      "x": 3,
      "y": -18
    },
    "originalSize": {
      "width": 220,
      "height": 220
    },
    "rotated": false,
    "capInsets": [
      0,
      0,
      0,
      0
    ],
    "vertices": {
      "rawPosition": [
        -76,
        -80,
        0,
        76,
        -80,
        0,
        -76,
        80,
        0,
        76,
        80,
        0
      ],
      "indexes": [
        0,
        1,
        2,
        2,
        1,
        3
      ],
      "uv": [
        37,
        172,
        189,
        172,
        37,
        12,
        189,
        12
      ],
      "nuv": [
        0.16818181818181818,
        0.05454545454545454,
        0.8590909090909091,
        0.05454545454545454,
        0.16818181818181818,
        0.7818181818181819,
        0.8590909090909091,
        0.7818181818181819
      ],
      "minPos": {
        "x": -76,
        "y": -80,
        "z": 0
      },
      "maxPos": {
        "x": 76,
        "y": 80,
        "z": 0
      }
    },
    "texture": "cadd474c-22be-4c8a-beab-5a138adec19b@6c48a",
    "packable": true,
    "pixelsToUnit": 100,
    "pivot": {
      "x": 0.5,
      "y": 0.5
    },
    "meshType": 0
  }
}