{
  "__type__": "cc.SpriteFrame",
  "content": {
    "name": "1_17",
    "atlas": "",
    "rect": {
      "x": 32,
      "y": 47,
      "width": 142,
      "height": 159
    },
    "offset": {
      "x": -7,
      "y": -16.5
    },
    "originalSize": {
      "width": 220,
      "height": 220
    },
    "rotated": false,
    "capInsets": [
      0,
      0,
      0,
      0
    ],
    "vertices": {
      "rawPosition": [
        -71,
        -79.5,
        0,
        71,
        -79.5,
        0,
        -71,
        79.5,
        0,
        71,
        79.5,
        0
      ],
      "indexes": [
        0,
        1,
        2,
        2,
        1,
        3
      ],
      "uv": [
        32,
        173,
        174,
        173,
        32,
        14,
        174,
        14
      ],
      "nuv": [
        0.14545454545454545,
        0.06363636363636363,
        0.7909090909090909,
        0.06363636363636363,
        0.14545454545454545,
        0.7863636363636364,
        0.7909090909090909,
        0.7863636363636364
      ],
      "minPos": {
        "x": -71,
        "y": -79.5,
        "z": 0
      },
      "maxPos": {
        "x": 71,
        "y": 79.5,
        "z": 0
      }
    },
    "texture": "7f77f4d3-0f23-4006-b83d-be4581a4fa9a@6c48a",
    "packable": true,
    "pixelsToUnit": 100,
    "pivot": {
      "x": 0.5,
      "y": 0.5
    },
    "meshType": 0
  }
}