{
  "__type__": "cc.SpriteFrame",
  "content": {
    "name": "1_25",
    "atlas": "",
    "rect": {
      "x": 47,
      "y": 41,
      "width": 141,
      "height": 165
    },
    "offset": {
      "x": 7.5,
      "y": -13.5
    },
    "originalSize": {
      "width": 220,
      "height": 220
    },
    "rotated": false,
    "capInsets": [
      0,
      0,
      0,
      0
    ],
    "vertices": {
      "rawPosition": [
        -70.5,
        -82.5,
        0,
        70.5,
        -82.5,
        0,
        -70.5,
        82.5,
        0,
        70.5,
        82.5,
        0
      ],
      "indexes": [
        0,
        1,
        2,
        2,
        1,
        3
      ],
      "uv": [
        47,
        179,
        188,
        179,
        47,
        14,
        188,
        14
      ],
      "nuv": [
        0.21363636363636362,
        0.06363636363636363,
        0.8545454545454545,
        0.06363636363636363,
        0.21363636363636362,
        0.8136363636363636,
        0.8545454545454545,
        0.8136363636363636
      ],
      "minPos": {
        "x": -70.5,
        "y": -82.5,
        "z": 0
      },
      "maxPos": {
        "x": 70.5,
        "y": 82.5,
        "z": 0
      }
    },
    "texture": "7f82fd2a-3da0-4b65-ba54-43ef1c22b68b@6c48a",
    "packable": true,
    "pixelsToUnit": 100,
    "pivot": {
      "x": 0.5,
      "y": 0.5
    },
    "meshType": 0
  }
}