{
  "__type__": "cc.SpriteFrame",
  "content": {
    "name": "1_25",
    "atlas": "",
    "rect": {
      "x": 66,
      "y": 45,
      "width": 136,
      "height": 160
    },
    "offset": {
      "x": 24,
      "y": -15
    },
    "originalSize": {
      "width": 220,
      "height": 220
    },
    "rotated": false,
    "capInsets": [
      0,
      0,
      0,
      0
    ],
    "vertices": {
      "rawPosition": [
        -68,
        -80,
        0,
        68,
        -80,
        0,
        -68,
        80,
        0,
        68,
        80,
        0
      ],
      "indexes": [
        0,
        1,
        2,
        2,
        1,
        3
      ],
      "uv": [
        66,
        175,
        202,
        175,
        66,
        15,
        202,
        15
      ],
      "nuv": [
        0.3,
        0.06818181818181818,
        0.9181818181818182,
        0.06818181818181818,
        0.3,
        0.7954545454545454,
        0.9181818181818182,
        0.7954545454545454
      ],
      "minPos": {
        "x": -68,
        "y": -80,
        "z": 0
      },
      "maxPos": {
        "x": 68,
        "y": 80,
        "z": 0
      }
    },
    "texture": "7f8d4259-6cf5-4846-8535-f3d66fbe9c7b@6c48a",
    "packable": true,
    "pixelsToUnit": 100,
    "pivot": {
      "x": 0.5,
      "y": 0.5
    },
    "meshType": 0
  }
}