{
  "__type__": "cc.SpriteFrame",
  "content": {
    "name": "1_41",
    "atlas": "",
    "rect": {
      "x": 36,
      "y": 40,
      "width": 141,
      "height": 166
    },
    "offset": {
      "x": -3.5,
      "y": -13
    },
    "originalSize": {
      "width": 220,
      "height": 220
    },
    "rotated": false,
    "capInsets": [
      0,
      0,
      0,
      0
    ],
    "vertices": {
      "rawPosition": [
        -70.5,
        -83,
        0,
        70.5,
        -83,
        0,
        -70.5,
        83,
        0,
        70.5,
        83,
        0
      ],
      "indexes": [
        0,
        1,
        2,
        2,
        1,
        3
      ],
      "uv": [
        36,
        180,
        177,
        180,
        36,
        14,
        177,
        14
      ],
      "nuv": [
        0.16363636363636364,
        0.06363636363636363,
        0.8045454545454546,
        0.06363636363636363,
        0.16363636363636364,
        0.8181818181818182,
        0.8045454545454546,
        0.8181818181818182
      ],
      "minPos": {
        "x": -70.5,
        "y": -83,
        "z": 0
      },
      "maxPos": {
        "x": 70.5,
        "y": 83,
        "z": 0
      }
    },
    "texture": "7fc87f88-69af-4878-b261-7b3fb9ec38aa@6c48a",
    "packable": true,
    "pixelsToUnit": 100,
    "pivot": {
      "x": 0.5,
      "y": 0.5
    },
    "meshType": 0
  }
}