{
  "__type__": "cc.SpriteFrame",
  "content": {
    "name": "1_170",
    "atlas": "",
    "rect": {
      "x": 75,
      "y": 83,
      "width": 195,
      "height": 218
    },
    "offset": {
      "x": -15,
      "y": -30
    },
    "originalSize": {
      "width": 375,
      "height": 324
    },
    "rotated": false,
    "capInsets": [
      0,
      0,
      0,
      0
    ],
    "vertices": {
      "rawPosition": [
        -97.5,
        -109,
        0,
        97.5,
        -109,
        0,
        -97.5,
        109,
        0,
        97.5,
        109,
        0
      ],
      "indexes": [
        0,
        1,
        2,
        2,
        1,
        3
      ],
      "uv": [
        75,
        241,
        270,
        241,
        75,
        23,
        270,
        23
      ],
      "nuv": [
        0.2,
        0.07098765432098765,
        0.72,
        0.07098765432098765,
        0.2,
        0.7438271604938271,
        0.72,
        0.7438271604938271
      ],
      "minPos": {
        "x": -97.5,
        "y": -109,
        "z": 0
      },
      "maxPos": {
        "x": 97.5,
        "y": 109,
        "z": 0
      }
    },
    "texture": "6c249b5b-2e30-4411-9ac0-8387734d7af8@6c48a",
    "packable": true,
    "pixelsToUnit": 100,
    "pivot": {
      "x": 0.5,
      "y": 0.5
    },
    "meshType": 0
  }
}