{
  "__type__": "cc.SpriteFrame",
  "content": {
    "name": "sit_03",
    "atlas": "",
    "rect": {
      "x": 35,
      "y": 31,
      "width": 59,
      "height": 154
    },
    "offset": {
      "x": 4.5,
      "y": -10.5
    },
    "originalSize": {
      "width": 120,
      "height": 195
    },
    "rotated": false,
    "capInsets": [
      0,
      0,
      0,
      0
    ],
    "vertices": {
      "rawPosition": [
        -29.5,
        -77,
        0,
        29.5,
        -77,
        0,
        -29.5,
        77,
        0,
        29.5,
        77,
        0
      ],
      "indexes": [
        0,
        1,
        2,
        2,
        1,
        3
      ],
      "uv": [
        35,
        164,
        94,
        164,
        35,
        10,
        94,
        10
      ],
      "nuv": [
        0.2916666666666667,
        0.05128205128205128,
        0.7833333333333333,
        0.05128205128205128,
        0.2916666666666667,
        0.841025641025641,
        0.7833333333333333,
        0.841025641025641
      ],
      "minPos": {
        "x": -29.5,
        "y": -77,
        "z": 0
      },
      "maxPos": {
        "x": 29.5,
        "y": 77,
        "z": 0
      }
    },
    "texture": "6c428179-04b2-49d4-ade0-c605fddbc78b@6c48a",
    "packable": true,
    "pixelsToUnit": 100,
    "pivot": {
      "x": 0.5,
      "y": 0.5
    },
    "meshType": 0
  }
}