{
  "__type__": "cc.SpriteFrame",
  "content": {
    "name": "1_049",
    "atlas": "",
    "rect": {
      "x": 0,
      "y": 70,
      "width": 333,
      "height": 215
    },
    "offset": {
      "x": -21,
      "y": -15.5
    },
    "originalSize": {
      "width": 375,
      "height": 324
    },
    "rotated": false,
    "capInsets": [
      0,
      0,
      0,
      0
    ],
    "vertices": {
      "rawPosition": [
        -166.5,
        -107.5,
        0,
        166.5,
        -107.5,
        0,
        -166.5,
        107.5,
        0,
        166.5,
        107.5,
        0
      ],
      "indexes": [
        0,
        1,
        2,
        2,
        1,
        3
      ],
      "uv": [
        0,
        254,
        333,
        254,
        0,
        39,
        333,
        39
      ],
      "nuv": [
        0,
        0.12037037037037036,
        0.888,
        0.12037037037037036,
        0,
        0.7839506172839507,
        0.888,
        0.7839506172839507
      ],
      "minPos": {
        "x": -166.5,
        "y": -107.5,
        "z": 0
      },
      "maxPos": {
        "x": 166.5,
        "y": 107.5,
        "z": 0
      }
    },
    "texture": "6c46c16f-d5d9-4633-b834-c668d78d24df@6c48a",
    "packable": true,
    "pixelsToUnit": 100,
    "pivot": {
      "x": 0.5,
      "y": 0.5
    },
    "meshType": 0
  }
}