{
  "__type__": "cc.SpriteFrame",
  "content": {
    "name": "1_28",
    "atlas": "",
    "rect": {
      "x": 55,
      "y": 48,
      "width": 140,
      "height": 160
    },
    "offset": {
      "x": 15,
      "y": -18
    },
    "originalSize": {
      "width": 220,
      "height": 220
    },
    "rotated": false,
    "capInsets": [
      0,
      0,
      0,
      0
    ],
    "vertices": {
      "rawPosition": [
        -70,
        -80,
        0,
        70,
        -80,
        0,
        -70,
        80,
        0,
        70,
        80,
        0
      ],
      "indexes": [
        0,
        1,
        2,
        2,
        1,
        3
      ],
      "uv": [
        55,
        172,
        195,
        172,
        55,
        12,
        195,
        12
      ],
      "nuv": [
        0.25,
        0.05454545454545454,
        0.8863636363636364,
        0.05454545454545454,
        0.25,
        0.7818181818181819,
        0.8863636363636364,
        0.7818181818181819
      ],
      "minPos": {
        "x": -70,
        "y": -80,
        "z": 0
      },
      "maxPos": {
        "x": 70,
        "y": 80,
        "z": 0
      }
    },
    "texture": "6c51c499-bd02-4324-921d-4b14e9939970@6c48a",
    "packable": true,
    "pixelsToUnit": 100,
    "pivot": {
      "x": 0.5,
      "y": 0.5
    },
    "meshType": 0
  }
}