{
  "__type__": "cc.SpriteFrame",
  "content": {
    "name": "sit_01",
    "atlas": "",
    "rect": {
      "x": 40,
      "y": 28,
      "width": 50,
      "height": 154
    },
    "offset": {
      "x": 5,
      "y": -7.5
    },
    "originalSize": {
      "width": 120,
      "height": 195
    },
    "rotated": false,
    "capInsets": [
      0,
      0,
      0,
      0
    ],
    "vertices": {
      "rawPosition": [
        -25,
        -77,
        0,
        25,
        -77,
        0,
        -25,
        77,
        0,
        25,
        77,
        0
      ],
      "indexes": [
        0,
        1,
        2,
        2,
        1,
        3
      ],
      "uv": [
        40,
        167,
        90,
        167,
        40,
        13,
        90,
        13
      ],
      "nuv": [
        0.3333333333333333,
        0.06666666666666667,
        0.75,
        0.06666666666666667,
        0.3333333333333333,
        0.8564102564102564,
        0.75,
        0.8564102564102564
      ],
      "minPos": {
        "x": -25,
        "y": -77,
        "z": 0
      },
      "maxPos": {
        "x": 25,
        "y": 77,
        "z": 0
      }
    },
    "texture": "6caa8924-4799-4945-a03e-52c231ed9163@6c48a",
    "packable": true,
    "pixelsToUnit": 100,
    "pivot": {
      "x": 0.5,
      "y": 0.5
    },
    "meshType": 0
  }
}