{
  "__type__": "cc.SpriteFrame",
  "content": {
    "name": "1_09",
    "atlas": "",
    "rect": {
      "x": 38,
      "y": 43,
      "width": 139,
      "height": 162
    },
    "offset": {
      "x": -2.5,
      "y": -14
    },
    "originalSize": {
      "width": 220,
      "height": 220
    },
    "rotated": false,
    "capInsets": [
      0,
      0,
      0,
      0
    ],
    "vertices": {
      "rawPosition": [
        -69.5,
        -81,
        0,
        69.5,
        -81,
        0,
        -69.5,
        81,
        0,
        69.5,
        81,
        0
      ],
      "indexes": [
        0,
        1,
        2,
        2,
        1,
        3
      ],
      "uv": [
        38,
        177,
        177,
        177,
        38,
        15,
        177,
        15
      ],
      "nuv": [
        0.17272727272727273,
        0.06818181818181818,
        0.8045454545454546,
        0.06818181818181818,
        0.17272727272727273,
        0.8045454545454546,
        0.8045454545454546,
        0.8045454545454546
      ],
      "minPos": {
        "x": -69.5,
        "y": -81,
        "z": 0
      },
      "maxPos": {
        "x": 69.5,
        "y": 81,
        "z": 0
      }
    },
    "texture": "6cda4f3c-b4a4-4917-9eef-90607e2caf64@6c48a",
    "packable": true,
    "pixelsToUnit": 100,
    "pivot": {
      "x": 0.5,
      "y": 0.5
    },
    "meshType": 0
  }
}