{
  "__type__": "cc.SpriteFrame",
  "content": {
    "name": "1_14",
    "atlas": "",
    "rect": {
      "x": 41,
      "y": 49,
      "width": 151,
      "height": 159
    },
    "offset": {
      "x": 6.5,
      "y": -18.5
    },
    "originalSize": {
      "width": 220,
      "height": 220
    },
    "rotated": false,
    "capInsets": [
      0,
      0,
      0,
      0
    ],
    "vertices": {
      "rawPosition": [
        -75.5,
        -79.5,
        0,
        75.5,
        -79.5,
        0,
        -75.5,
        79.5,
        0,
        75.5,
        79.5,
        0
      ],
      "indexes": [
        0,
        1,
        2,
        2,
        1,
        3
      ],
      "uv": [
        41,
        171,
        192,
        171,
        41,
        12,
        192,
        12
      ],
      "nuv": [
        0.18636363636363637,
        0.05454545454545454,
        0.8727272727272727,
        0.05454545454545454,
        0.18636363636363637,
        0.7772727272727272,
        0.8727272727272727,
        0.7772727272727272
      ],
      "minPos": {
        "x": -75.5,
        "y": -79.5,
        "z": 0
      },
      "maxPos": {
        "x": 75.5,
        "y": 79.5,
        "z": 0
      }
    },
    "texture": "6ce51a66-cc84-434c-b6c1-90f40f643cf2@6c48a",
    "packable": true,
    "pixelsToUnit": 100,
    "pivot": {
      "x": 0.5,
      "y": 0.5
    },
    "meshType": 0
  }
}