{
  "__type__": "cc.SpriteFrame",
  "content": {
    "name": "tu01-stand1_59",
    "atlas": "",
    "rect": {
      "x": 24,
      "y": 65,
      "width": 150,
      "height": 148
    },
    "offset": {
      "x": -11,
      "y": -29
    },
    "originalSize": {
      "width": 220,
      "height": 220
    },
    "rotated": false,
    "capInsets": [
      0,
      0,
      0,
      0
    ],
    "vertices": {
      "rawPosition": [
        -75,
        -74,
        0,
        75,
        -74,
        0,
        -75,
        74,
        0,
        75,
        74,
        0
      ],
      "indexes": [
        0,
        1,
        2,
        2,
        1,
        3
      ],
      "uv": [
        24,
        155,
        174,
        155,
        24,
        7,
        174,
        7
      ],
      "nuv": [
        0.10909090909090909,
        0.031818181818181815,
        0.7909090909090909,
        0.031818181818181815,
        0.10909090909090909,
        0.7045454545454546,
        0.7909090909090909,
        0.7045454545454546
      ],
      "minPos": {
        "x": -75,
        "y": -74,
        "z": 0
      },
      "maxPos": {
        "x": 75,
        "y": 74,
        "z": 0
      }
    },
    "texture": "09178899-08de-4062-beb3-3ea2421b90cf@6c48a",
    "packable": true,
    "pixelsToUnit": 100,
    "pivot": {
      "x": 0.5,
      "y": 0.5
    },
    "meshType": 0
  }
}