{
  "__type__": "cc.SpriteFrame",
  "content": {
    "name": "1_095",
    "atlas": "",
    "rect": {
      "x": 79,
      "y": 70,
      "width": 254,
      "height": 231
    },
    "offset": {
      "x": 18.5,
      "y": -23.5
    },
    "originalSize": {
      "width": 375,
      "height": 324
    },
    "rotated": false,
    "capInsets": [
      0,
      0,
      0,
      0
    ],
    "vertices": {
      "rawPosition": [
        -127,
        -115.5,
        0,
        127,
        -115.5,
        0,
        -127,
        115.5,
        0,
        127,
        115.5,
        0
      ],
      "indexes": [
        0,
        1,
        2,
        2,
        1,
        3
      ],
      "uv": [
        79,
        254,
        333,
        254,
        79,
        23,
        333,
        23
      ],
      "nuv": [
        0.21066666666666667,
        0.07098765432098765,
        0.888,
        0.07098765432098765,
        0.21066666666666667,
        0.7839506172839507,
        0.888,
        0.7839506172839507
      ],
      "minPos": {
        "x": -127,
        "y": -115.5,
        "z": 0
      },
      "maxPos": {
        "x": 127,
        "y": 115.5,
        "z": 0
      }
    },
    "texture": "09f4f9c3-ebb8-4b16-863b-02a035c427f1@6c48a",
    "packable": true,
    "pixelsToUnit": 100,
    "pivot": {
      "x": 0.5,
      "y": 0.5
    },
    "meshType": 0
  }
}