{
  "__type__": "cc.SpriteFrame",
  "content": {
    "name": "1_028",
    "atlas": "",
    "rect": {
      "x": 79,
      "y": 63,
      "width": 217,
      "height": 222
    },
    "offset": {
      "x": 0,
      "y": -12
    },
    "originalSize": {
      "width": 375,
      "height": 324
    },
    "rotated": false,
    "capInsets": [
      0,
      0,
      0,
      0
    ],
    "vertices": {
      "rawPosition": [
        -108.5,
        -111,
        0,
        108.5,
        -111,
        0,
        -108.5,
        111,
        0,
        108.5,
        111,
        0
      ],
      "indexes": [
        0,
        1,
        2,
        2,
        1,
        3
      ],
      "uv": [
        79,
        261,
        296,
        261,
        79,
        39,
        296,
        39
      ],
      "nuv": [
        0.21066666666666667,
        0.12037037037037036,
        0.7893333333333333,
        0.12037037037037036,
        0.21066666666666667,
        0.8055555555555556,
        0.7893333333333333,
        0.8055555555555556
      ],
      "minPos": {
        "x": -108.5,
        "y": -111,
        "z": 0
      },
      "maxPos": {
        "x": 108.5,
        "y": 111,
        "z": 0
      }
    },
    "texture": "3d4a9d6f-186b-4cba-bea8-800725d7e07c@6c48a",
    "packable": true,
    "pixelsToUnit": 100,
    "pivot": {
      "x": 0.5,
      "y": 0.5
    },
    "meshType": 0
  }
}