{
  "__type__": "cc.SpriteFrame",
  "content": {
    "name": "1_14",
    "atlas": "",
    "rect": {
      "x": 41,
      "y": 47,
      "width": 147,
      "height": 159
    },
    "offset": {
      "x": 4.5,
      "y": -16.5
    },
    "originalSize": {
      "width": 220,
      "height": 220
    },
    "rotated": false,
    "capInsets": [
      0,
      0,
      0,
      0
    ],
    "vertices": {
      "rawPosition": [
        -73.5,
        -79.5,
        0,
        73.5,
        -79.5,
        0,
        -73.5,
        79.5,
        0,
        73.5,
        79.5,
        0
      ],
      "indexes": [
        0,
        1,
        2,
        2,
        1,
        3
      ],
      "uv": [
        41,
        173,
        188,
        173,
        41,
        14,
        188,
        14
      ],
      "nuv": [
        0.18636363636363637,
        0.06363636363636363,
        0.8545454545454545,
        0.06363636363636363,
        0.18636363636363637,
        0.7863636363636364,
        0.8545454545454545,
        0.7863636363636364
      ],
      "minPos": {
        "x": -73.5,
        "y": -79.5,
        "z": 0
      },
      "maxPos": {
        "x": 73.5,
        "y": 79.5,
        "z": 0
      }
    },
    "texture": "3d6d3576-e3e5-4757-9470-4d9043fe457d@6c48a",
    "packable": true,
    "pixelsToUnit": 100,
    "pivot": {
      "x": 0.5,
      "y": 0.5
    },
    "meshType": 0
  }
}