{
  "__type__": "cc.SpriteFrame",
  "content": {
    "name": "sit_08",
    "atlas": "",
    "rect": {
      "x": 35,
      "y": 48,
      "width": 58,
      "height": 134
    },
    "offset": {
      "x": -3.5,
      "y": -17.5
    },
    "originalSize": {
      "width": 135,
      "height": 195
    },
    "rotated": false,
    "capInsets": [
      0,
      0,
      0,
      0
    ],
    "vertices": {
      "rawPosition": [
        -29,
        -67,
        0,
        29,
        -67,
        0,
        -29,
        67,
        0,
        29,
        67,
        0
      ],
      "indexes": [
        0,
        1,
        2,
        2,
        1,
        3
      ],
      "uv": [
        35,
        147,
        93,
        147,
        35,
        13,
        93,
        13
      ],
      "nuv": [
        0.25925925925925924,
        0.06666666666666667,
        0.6888888888888889,
        0.06666666666666667,
        0.25925925925925924,
        0.7538461538461538,
        0.6888888888888889,
        0.7538461538461538
      ],
      "minPos": {
        "x": -29,
        "y": -67,
        "z": 0
      },
      "maxPos": {
        "x": 29,
        "y": 67,
        "z": 0
      }
    },
    "texture": "3d8275fd-191f-44c6-b83b-8d3b6db29073@6c48a",
    "packable": true,
    "pixelsToUnit": 100,
    "pivot": {
      "x": 0.5,
      "y": 0.5
    },
    "meshType": 0
  }
}