{
  "__type__": "cc.SpriteFrame",
  "content": {
    "name": "move_12",
    "atlas": "",
    "rect": {
      "x": 46,
      "y": 24,
      "width": 54,
      "height": 160
    },
    "offset": {
      "x": 13,
      "y": -6.5
    },
    "originalSize": {
      "width": 120,
      "height": 195
    },
    "rotated": false,
    "capInsets": [
      0,
      0,
      0,
      0
    ],
    "vertices": {
      "rawPosition": [
        -27,
        -80,
        0,
        27,
        -80,
        0,
        -27,
        80,
        0,
        27,
        80,
        0
      ],
      "indexes": [
        0,
        1,
        2,
        2,
        1,
        3
      ],
      "uv": [
        46,
        171,
        100,
        171,
        46,
        11,
        100,
        11
      ],
      "nuv": [
        0.38333333333333336,
        0.05641025641025641,
        0.8333333333333334,
        0.05641025641025641,
        0.38333333333333336,
        0.8769230769230769,
        0.8333333333333334,
        0.8769230769230769
      ],
      "minPos": {
        "x": -27,
        "y": -80,
        "z": 0
      },
      "maxPos": {
        "x": 27,
        "y": 80,
        "z": 0
      }
    },
    "texture": "3dffb21e-9686-4ed6-8975-04cfedca9648@6c48a",
    "packable": true,
    "pixelsToUnit": 100,
    "pivot": {
      "x": 0.5,
      "y": 0.5
    },
    "meshType": 0
  }
}