{
  "__type__": "cc.SpriteFrame",
  "content": {
    "name": "0040",
    "atlas": "",
    "rect": {
      "x": 20,
      "y": 38,
      "width": 110,
      "height": 64
    },
    "offset": {
      "x": 0,
      "y": 5
    },
    "originalSize": {
      "width": 150,
      "height": 150
    },
    "rotated": false,
    "capInsets": [
      0,
      0,
      0,
      0
    ],
    "vertices": {
      "rawPosition": [
        -55,
        -32,
        0,
        55,
        -32,
        0,
        -55,
        32,
        0,
        55,
        32,
        0
      ],
      "indexes": [
        0,
        1,
        2,
        2,
        1,
        3
      ],
      "uv": [
        20,
        112,
        130,
        112,
        20,
        48,
        130,
        48
      ],
      "nuv": [
        0.13333333333333333,
        0.32,
        0.8666666666666667,
        0.32,
        0.13333333333333333,
        0.7466666666666667,
        0.8666666666666667,
        0.7466666666666667
      ],
      "minPos": {
        "x": -55,
        "y": -32,
        "z": 0
      },
      "maxPos": {
        "x": 55,
        "y": 32,
        "z": 0
      }
    },
    "texture": "1556d33b-67ba-485d-b782-c3b18f6585b5@6c48a",
    "packable": true,
    "pixelsToUnit": 100,
    "pivot": {
      "x": 0.5,
      "y": 0.5
    },
    "meshType": 0
  }
}