{
  "__type__": "cc.SpriteFrame",
  "content": {
    "name": "1_14",
    "atlas": "",
    "rect": {
      "x": 44,
      "y": 42,
      "width": 142,
      "height": 164
    },
    "offset": {
      "x": 5,
      "y": -14
    },
    "originalSize": {
      "width": 220,
      "height": 220
    },
    "rotated": false,
    "capInsets": [
      0,
      0,
      0,
      0
    ],
    "vertices": {
      "rawPosition": [
        -71,
        -82,
        0,
        71,
        -82,
        0,
        -71,
        82,
        0,
        71,
        82,
        0
      ],
      "indexes": [
        0,
        1,
        2,
        2,
        1,
        3
      ],
      "uv": [
        44,
        178,
        186,
        178,
        44,
        14,
        186,
        14
      ],
      "nuv": [
        0.2,
        0.06363636363636363,
        0.8454545454545455,
        0.06363636363636363,
        0.2,
        0.8090909090909091,
        0.8454545454545455,
        0.8090909090909091
      ],
      "minPos": {
        "x": -71,
        "y": -82,
        "z": 0
      },
      "maxPos": {
        "x": 71,
        "y": 82,
        "z": 0
      }
    },
    "texture": "156a15c2-9ea0-45ab-9d4f-072b45a06db0@6c48a",
    "packable": true,
    "pixelsToUnit": 100,
    "pivot": {
      "x": 0.5,
      "y": 0.5
    },
    "meshType": 0
  }
}