{
  "__type__": "cc.SpriteFrame",
  "content": {
    "name": "1_13",
    "atlas": "",
    "rect": {
      "x": 50,
      "y": 44,
      "width": 133,
      "height": 161
    },
    "offset": {
      "x": 6.5,
      "y": -14.5
    },
    "originalSize": {
      "width": 220,
      "height": 220
    },
    "rotated": false,
    "capInsets": [
      0,
      0,
      0,
      0
    ],
    "vertices": {
      "rawPosition": [
        -66.5,
        -80.5,
        0,
        66.5,
        -80.5,
        0,
        -66.5,
        80.5,
        0,
        66.5,
        80.5,
        0
      ],
      "indexes": [
        0,
        1,
        2,
        2,
        1,
        3
      ],
      "uv": [
        50,
        176,
        183,
        176,
        50,
        15,
        183,
        15
      ],
      "nuv": [
        0.22727272727272727,
        0.06818181818181818,
        0.8318181818181818,
        0.06818181818181818,
        0.22727272727272727,
        0.8,
        0.8318181818181818,
        0.8
      ],
      "minPos": {
        "x": -66.5,
        "y": -80.5,
        "z": 0
      },
      "maxPos": {
        "x": 66.5,
        "y": 80.5,
        "z": 0
      }
    },
    "texture": "15880586-6af7-48bb-bf36-2e0096f2f203@6c48a",
    "packable": true,
    "pixelsToUnit": 100,
    "pivot": {
      "x": 0.5,
      "y": 0.5
    },
    "meshType": 0
  }
}