{
  "__type__": "cc.SpriteFrame",
  "content": {
    "name": "1_21",
    "atlas": "",
    "rect": {
      "x": 51,
      "y": 50,
      "width": 148,
      "height": 158
    },
    "offset": {
      "x": 15,
      "y": -19
    },
    "originalSize": {
      "width": 220,
      "height": 220
    },
    "rotated": false,
    "capInsets": [
      0,
      0,
      0,
      0
    ],
    "vertices": {
      "rawPosition": [
        -74,
        -79,
        0,
        74,
        -79,
        0,
        -74,
        79,
        0,
        74,
        79,
        0
      ],
      "indexes": [
        0,
        1,
        2,
        2,
        1,
        3
      ],
      "uv": [
        51,
        170,
        199,
        170,
        51,
        12,
        199,
        12
      ],
      "nuv": [
        0.2318181818181818,
        0.05454545454545454,
        0.9045454545454545,
        0.05454545454545454,
        0.2318181818181818,
        0.7727272727272727,
        0.9045454545454545,
        0.7727272727272727
      ],
      "minPos": {
        "x": -74,
        "y": -79,
        "z": 0
      },
      "maxPos": {
        "x": 74,
        "y": 79,
        "z": 0
      }
    },
    "texture": "15b3ab5a-b732-47ba-b23d-c0d1a24206eb@6c48a",
    "packable": true,
    "pixelsToUnit": 100,
    "pivot": {
      "x": 0.5,
      "y": 0.5
    },
    "meshType": 0
  }
}