{
  "__type__": "cc.SpriteFrame",
  "content": {
    "name": "1_17",
    "atlas": "",
    "rect": {
      "x": 10,
      "y": 30,
      "width": 149,
      "height": 171
    },
    "offset": {
      "x": -25.5,
      "y": -5.5
    },
    "originalSize": {
      "width": 220,
      "height": 220
    },
    "rotated": false,
    "capInsets": [
      0,
      0,
      0,
      0
    ],
    "vertices": {
      "rawPosition": [
        -74.5,
        -85.5,
        0,
        74.5,
        -85.5,
        0,
        -74.5,
        85.5,
        0,
        74.5,
        85.5,
        0
      ],
      "indexes": [
        0,
        1,
        2,
        2,
        1,
        3
      ],
      "uv": [
        10,
        190,
        159,
        190,
        10,
        19,
        159,
        19
      ],
      "nuv": [
        0.045454545454545456,
        0.08636363636363636,
        0.7227272727272728,
        0.08636363636363636,
        0.045454545454545456,
        0.8636363636363636,
        0.7227272727272728,
        0.8636363636363636
      ],
      "minPos": {
        "x": -74.5,
        "y": -85.5,
        "z": 0
      },
      "maxPos": {
        "x": 74.5,
        "y": 85.5,
        "z": 0
      }
    },
    "texture": "15d738e3-b10b-4d52-b968-8efd90e0ad3d@6c48a",
    "packable": true,
    "pixelsToUnit": 100,
    "pivot": {
      "x": 0.5,
      "y": 0.5
    },
    "meshType": 0
  }
}