{
  "__type__": "cc.SpriteFrame",
  "content": {
    "name": "1_39",
    "atlas": "",
    "rect": {
      "x": 44,
      "y": 48,
      "width": 134,
      "height": 155
    },
    "offset": {
      "x": 1,
      "y": -15.5
    },
    "originalSize": {
      "width": 220,
      "height": 220
    },
    "rotated": false,
    "capInsets": [
      0,
      0,
      0,
      0
    ],
    "vertices": {
      "rawPosition": [
        -67,
        -77.5,
        0,
        67,
        -77.5,
        0,
        -67,
        77.5,
        0,
        67,
        77.5,
        0
      ],
      "indexes": [
        0,
        1,
        2,
        2,
        1,
        3
      ],
      "uv": [
        44,
        172,
        178,
        172,
        44,
        17,
        178,
        17
      ],
      "nuv": [
        0.2,
        0.07727272727272727,
        0.8090909090909091,
        0.07727272727272727,
        0.2,
        0.7818181818181819,
        0.8090909090909091,
        0.7818181818181819
      ],
      "minPos": {
        "x": -67,
        "y": -77.5,
        "z": 0
      },
      "maxPos": {
        "x": 67,
        "y": 77.5,
        "z": 0
      }
    },
    "texture": "30c75bb8-613a-4b54-9d1b-0905d4aeff8d@6c48a",
    "packable": true,
    "pixelsToUnit": 100,
    "pivot": {
      "x": 0.5,
      "y": 0.5
    },
    "meshType": 0
  }
}