{
  "__type__": "cc.SpriteFrame",
  "content": {
    "name": "1_03",
    "atlas": "",
    "rect": {
      "x": 35,
      "y": 45,
      "width": 148,
      "height": 154
    },
    "offset": {
      "x": -1,
      "y": -12
    },
    "originalSize": {
      "width": 220,
      "height": 220
    },
    "rotated": false,
    "capInsets": [
      0,
      0,
      0,
      0
    ],
    "vertices": {
      "rawPosition": [
        -74,
        -77,
        0,
        74,
        -77,
        0,
        -74,
        77,
        0,
        74,
        77,
        0
      ],
      "indexes": [
        0,
        1,
        2,
        2,
        1,
        3
      ],
      "uv": [
        35,
        175,
        183,
        175,
        35,
        21,
        183,
        21
      ],
      "nuv": [
        0.1590909090909091,
        0.09545454545454546,
        0.8318181818181818,
        0.09545454545454546,
        0.1590909090909091,
        0.7954545454545454,
        0.8318181818181818,
        0.7954545454545454
      ],
      "minPos": {
        "x": -74,
        "y": -77,
        "z": 0
      },
      "maxPos": {
        "x": 74,
        "y": 77,
        "z": 0
      }
    },
    "texture": "e86c009f-0b48-467c-8536-8d850dd0e134@6c48a",
    "packable": true,
    "pixelsToUnit": 100,
    "pivot": {
      "x": 0.5,
      "y": 0.5
    },
    "meshType": 0
  }
}