{
  "__type__": "cc.SpriteFrame",
  "content": {
    "name": "1_041",
    "atlas": "",
    "rect": {
      "x": 55,
      "y": 67,
      "width": 253,
      "height": 218
    },
    "offset": {
      "x": -6,
      "y": -14
    },
    "originalSize": {
      "width": 375,
      "height": 324
    },
    "rotated": false,
    "capInsets": [
      0,
      0,
      0,
      0
    ],
    "vertices": {
      "rawPosition": [
        -126.5,
        -109,
        0,
        126.5,
        -109,
        0,
        -126.5,
        109,
        0,
        126.5,
        109,
        0
      ],
      "indexes": [
        0,
        1,
        2,
        2,
        1,
        3
      ],
      "uv": [
        55,
        257,
        308,
        257,
        55,
        39,
        308,
        39
      ],
      "nuv": [
        0.14666666666666667,
        0.12037037037037036,
        0.8213333333333334,
        0.12037037037037036,
        0.14666666666666667,
        0.7932098765432098,
        0.8213333333333334,
        0.7932098765432098
      ],
      "minPos": {
        "x": -126.5,
        "y": -109,
        "z": 0
      },
      "maxPos": {
        "x": 126.5,
        "y": 109,
        "z": 0
      }
    },
    "texture": "a0c7eaa1-f839-4952-a773-baddb88fa9e2@6c48a",
    "packable": true,
    "pixelsToUnit": 100,
    "pivot": {
      "x": 0.5,
      "y": 0.5
    },
    "meshType": 0
  }
}