{
  "__type__": "cc.SpriteFrame",
  "content": {
    "name": "1_19",
    "atlas": "",
    "rect": {
      "x": 44,
      "y": 44,
      "width": 133,
      "height": 159
    },
    "offset": {
      "x": 0.5,
      "y": -13.5
    },
    "originalSize": {
      "width": 220,
      "height": 220
    },
    "rotated": false,
    "capInsets": [
      0,
      0,
      0,
      0
    ],
    "vertices": {
      "rawPosition": [
        -66.5,
        -79.5,
        0,
        66.5,
        -79.5,
        0,
        -66.5,
        79.5,
        0,
        66.5,
        79.5,
        0
      ],
      "indexes": [
        0,
        1,
        2,
        2,
        1,
        3
      ],
      "uv": [
        44,
        176,
        177,
        176,
        44,
        17,
        177,
        17
      ],
      "nuv": [
        0.2,
        0.07727272727272727,
        0.8045454545454546,
        0.07727272727272727,
        0.2,
        0.8,
        0.8045454545454546,
        0.8
      ],
      "minPos": {
        "x": -66.5,
        "y": -79.5,
        "z": 0
      },
      "maxPos": {
        "x": 66.5,
        "y": 79.5,
        "z": 0
      }
    },
    "texture": "a0f7f0cb-d341-4e8d-aa7e-bcf91aa80a51@6c48a",
    "packable": true,
    "pixelsToUnit": 100,
    "pivot": {
      "x": 0.5,
      "y": 0.5
    },
    "meshType": 0
  }
}