{
  "__type__": "cc.SpriteFrame",
  "content": {
    "name": "1_27",
    "atlas": "",
    "rect": {
      "x": 44,
      "y": 47,
      "width": 141,
      "height": 159
    },
    "offset": {
      "x": 4.5,
      "y": -16.5
    },
    "originalSize": {
      "width": 220,
      "height": 220
    },
    "rotated": false,
    "capInsets": [
      0,
      0,
      0,
      0
    ],
    "vertices": {
      "rawPosition": [
        -70.5,
        -79.5,
        0,
        70.5,
        -79.5,
        0,
        -70.5,
        79.5,
        0,
        70.5,
        79.5,
        0
      ],
      "indexes": [
        0,
        1,
        2,
        2,
        1,
        3
      ],
      "uv": [
        44,
        173,
        185,
        173,
        44,
        14,
        185,
        14
      ],
      "nuv": [
        0.2,
        0.06363636363636363,
        0.8409090909090909,
        0.06363636363636363,
        0.2,
        0.7863636363636364,
        0.8409090909090909,
        0.7863636363636364
      ],
      "minPos": {
        "x": -70.5,
        "y": -79.5,
        "z": 0
      },
      "maxPos": {
        "x": 70.5,
        "y": 79.5,
        "z": 0
      }
    },
    "texture": "8c08525c-c68d-4cff-8c4d-6c3db8acd11a@6c48a",
    "packable": true,
    "pixelsToUnit": 100,
    "pivot": {
      "x": 0.5,
      "y": 0.5
    },
    "meshType": 0
  }
}