{
  "__type__": "cc.SpriteFrame",
  "content": {
    "name": "1_133",
    "atlas": "",
    "rect": {
      "x": 15,
      "y": 67,
      "width": 293,
      "height": 234
    },
    "offset": {
      "x": -26,
      "y": -22
    },
    "originalSize": {
      "width": 375,
      "height": 324
    },
    "rotated": false,
    "capInsets": [
      0,
      0,
      0,
      0
    ],
    "vertices": {
      "rawPosition": [
        -146.5,
        -117,
        0,
        146.5,
        -117,
        0,
        -146.5,
        117,
        0,
        146.5,
        117,
        0
      ],
      "indexes": [
        0,
        1,
        2,
        2,
        1,
        3
      ],
      "uv": [
        15,
        257,
        308,
        257,
        15,
        23,
        308,
        23
      ],
      "nuv": [
        0.04,
        0.07098765432098765,
        0.8213333333333334,
        0.07098765432098765,
        0.04,
        0.7932098765432098,
        0.8213333333333334,
        0.7932098765432098
      ],
      "minPos": {
        "x": -146.5,
        "y": -117,
        "z": 0
      },
      "maxPos": {
        "x": 146.5,
        "y": 117,
        "z": 0
      }
    },
    "texture": "8c16e307-6d49-4446-a513-cfa65348002d@6c48a",
    "packable": true,
    "pixelsToUnit": 100,
    "pivot": {
      "x": 0.5,
      "y": 0.5
    },
    "meshType": 0
  }
}