{
  "__type__": "cc.SpriteFrame",
  "content": {
    "name": "1_024",
    "atlas": "",
    "rect": {
      "x": 79,
      "y": 93,
      "width": 203,
      "height": 192
    },
    "offset": {
      "x": -7,
      "y": -27
    },
    "originalSize": {
      "width": 375,
      "height": 324
    },
    "rotated": false,
    "capInsets": [
      0,
      0,
      0,
      0
    ],
    "vertices": {
      "rawPosition": [
        -101.5,
        -96,
        0,
        101.5,
        -96,
        0,
        -101.5,
        96,
        0,
        101.5,
        96,
        0
      ],
      "indexes": [
        0,
        1,
        2,
        2,
        1,
        3
      ],
      "uv": [
        79,
        231,
        282,
        231,
        79,
        39,
        282,
        39
      ],
      "nuv": [
        0.21066666666666667,
        0.12037037037037036,
        0.752,
        0.12037037037037036,
        0.21066666666666667,
        0.7129629629629629,
        0.752,
        0.7129629629629629
      ],
      "minPos": {
        "x": -101.5,
        "y": -96,
        "z": 0
      },
      "maxPos": {
        "x": 101.5,
        "y": 96,
        "z": 0
      }
    },
    "texture": "8c40c32c-373f-4550-a4dd-d4ff8eaba4df@6c48a",
    "packable": true,
    "pixelsToUnit": 100,
    "pivot": {
      "x": 0.5,
      "y": 0.5
    },
    "meshType": 0
  }
}