{
  "__type__": "cc.SpriteFrame",
  "content": {
    "name": "1_35",
    "atlas": "",
    "rect": {
      "x": 49,
      "y": 58,
      "width": 130,
      "height": 139
    },
    "offset": {
      "x": 4,
      "y": -17.5
    },
    "originalSize": {
      "width": 220,
      "height": 220
    },
    "rotated": false,
    "capInsets": [
      0,
      0,
      0,
      0
    ],
    "vertices": {
      "rawPosition": [
        -65,
        -69.5,
        0,
        65,
        -69.5,
        0,
        -65,
        69.5,
        0,
        65,
        69.5,
        0
      ],
      "indexes": [
        0,
        1,
        2,
        2,
        1,
        3
      ],
      "uv": [
        49,
        162,
        179,
        162,
        49,
        23,
        179,
        23
      ],
      "nuv": [
        0.22272727272727272,
        0.10454545454545454,
        0.8136363636363636,
        0.10454545454545454,
        0.22272727272727272,
        0.7363636363636363,
        0.8136363636363636,
        0.7363636363636363
      ],
      "minPos": {
        "x": -65,
        "y": -69.5,
        "z": 0
      },
      "maxPos": {
        "x": 65,
        "y": 69.5,
        "z": 0
      }
    },
    "texture": "8c546f4a-d63d-45f3-8ef8-da36f1a36c53@6c48a",
    "packable": true,
    "pixelsToUnit": 100,
    "pivot": {
      "x": 0.5,
      "y": 0.5
    },
    "meshType": 0
  }
}