{
  "__type__": "cc.SpriteFrame",
  "content": {
    "name": "1_116",
    "atlas": "",
    "rect": {
      "x": 79,
      "y": 93,
      "width": 203,
      "height": 208
    },
    "offset": {
      "x": -7,
      "y": -35
    },
    "originalSize": {
      "width": 375,
      "height": 324
    },
    "rotated": false,
    "capInsets": [
      0,
      0,
      0,
      0
    ],
    "vertices": {
      "rawPosition": [
        -101.5,
        -104,
        0,
        101.5,
        -104,
        0,
        -101.5,
        104,
        0,
        101.5,
        104,
        0
      ],
      "indexes": [
        0,
        1,
        2,
        2,
        1,
        3
      ],
      "uv": [
        79,
        231,
        282,
        231,
        79,
        23,
        282,
        23
      ],
      "nuv": [
        0.21066666666666667,
        0.07098765432098765,
        0.752,
        0.07098765432098765,
        0.21066666666666667,
        0.7129629629629629,
        0.752,
        0.7129629629629629
      ],
      "minPos": {
        "x": -101.5,
        "y": -104,
        "z": 0
      },
      "maxPos": {
        "x": 101.5,
        "y": 104,
        "z": 0
      }
    },
    "texture": "8c8e6599-0a94-4901-9d0e-9dc06fd8f5ac@6c48a",
    "packable": true,
    "pixelsToUnit": 100,
    "pivot": {
      "x": 0.5,
      "y": 0.5
    },
    "meshType": 0
  }
}