{
  "__type__": "cc.SpriteFrame",
  "content": {
    "name": "1_173",
    "atlas": "",
    "rect": {
      "x": 57,
      "y": 73,
      "width": 230,
      "height": 228
    },
    "offset": {
      "x": -15.5,
      "y": -25
    },
    "originalSize": {
      "width": 375,
      "height": 324
    },
    "rotated": false,
    "capInsets": [
      0,
      0,
      0,
      0
    ],
    "vertices": {
      "rawPosition": [
        -115,
        -114,
        0,
        115,
        -114,
        0,
        -115,
        114,
        0,
        115,
        114,
        0
      ],
      "indexes": [
        0,
        1,
        2,
        2,
        1,
        3
      ],
      "uv": [
        57,
        251,
        287,
        251,
        57,
        23,
        287,
        23
      ],
      "nuv": [
        0.152,
        0.07098765432098765,
        0.7653333333333333,
        0.07098765432098765,
        0.152,
        0.7746913580246914,
        0.7653333333333333,
        0.7746913580246914
      ],
      "minPos": {
        "x": -115,
        "y": -114,
        "z": 0
      },
      "maxPos": {
        "x": 115,
        "y": 114,
        "z": 0
      }
    },
    "texture": "8c9ee368-e951-4e38-9cf2-5a0c69955f83@6c48a",
    "packable": true,
    "pixelsToUnit": 100,
    "pivot": {
      "x": 0.5,
      "y": 0.5
    },
    "meshType": 0
  }
}