{
  "__type__": "cc.SpriteFrame",
  "content": {
    "name": "tu01-stand1_85",
    "atlas": "",
    "rect": {
      "x": 25,
      "y": 48,
      "width": 181,
      "height": 165
    },
    "offset": {
      "x": 5.5,
      "y": -20.5
    },
    "originalSize": {
      "width": 220,
      "height": 220
    },
    "rotated": false,
    "capInsets": [
      0,
      0,
      0,
      0
    ],
    "vertices": {
      "rawPosition": [
        -90.5,
        -82.5,
        0,
        90.5,
        -82.5,
        0,
        -90.5,
        82.5,
        0,
        90.5,
        82.5,
        0
      ],
      "indexes": [
        0,
        1,
        2,
        2,
        1,
        3
      ],
      "uv": [
        25,
        172,
        206,
        172,
        25,
        7,
        206,
        7
      ],
      "nuv": [
        0.11363636363636363,
        0.031818181818181815,
        0.9363636363636364,
        0.031818181818181815,
        0.11363636363636363,
        0.7818181818181819,
        0.9363636363636364,
        0.7818181818181819
      ],
      "minPos": {
        "x": -90.5,
        "y": -82.5,
        "z": 0
      },
      "maxPos": {
        "x": 90.5,
        "y": 82.5,
        "z": 0
      }
    },
    "texture": "8ca7cb74-5873-4958-ab4f-da9b685b327b@6c48a",
    "packable": true,
    "pixelsToUnit": 100,
    "pivot": {
      "x": 0.5,
      "y": 0.5
    },
    "meshType": 0
  }
}