{
  "__type__": "cc.SpriteFrame",
  "content": {
    "name": "sit_01",
    "atlas": "",
    "rect": {
      "x": 43,
      "y": 28,
      "width": 55,
      "height": 157
    },
    "offset": {
      "x": 3,
      "y": -9
    },
    "originalSize": {
      "width": 135,
      "height": 195
    },
    "rotated": false,
    "capInsets": [
      0,
      0,
      0,
      0
    ],
    "vertices": {
      "rawPosition": [
        -27.5,
        -78.5,
        0,
        27.5,
        -78.5,
        0,
        -27.5,
        78.5,
        0,
        27.5,
        78.5,
        0
      ],
      "indexes": [
        0,
        1,
        2,
        2,
        1,
        3
      ],
      "uv": [
        43,
        167,
        98,
        167,
        43,
        10,
        98,
        10
      ],
      "nuv": [
        0.31851851851851853,
        0.05128205128205128,
        0.725925925925926,
        0.05128205128205128,
        0.31851851851851853,
        0.8564102564102564,
        0.725925925925926,
        0.8564102564102564
      ],
      "minPos": {
        "x": -27.5,
        "y": -78.5,
        "z": 0
      },
      "maxPos": {
        "x": 27.5,
        "y": 78.5,
        "z": 0
      }
    },
    "texture": "8cd1db44-87e4-4b5b-b9ca-a1d2db63373a@6c48a",
    "packable": true,
    "pixelsToUnit": 100,
    "pivot": {
      "x": 0.5,
      "y": 0.5
    },
    "meshType": 0
  }
}