{
  "__type__": "cc.SpriteFrame",
  "content": {
    "name": "move_03",
    "atlas": "",
    "rect": {
      "x": 38,
      "y": 31,
      "width": 52,
      "height": 151
    },
    "offset": {
      "x": 4,
      "y": -9
    },
    "originalSize": {
      "width": 120,
      "height": 195
    },
    "rotated": false,
    "capInsets": [
      0,
      0,
      0,
      0
    ],
    "vertices": {
      "rawPosition": [
        -26,
        -75.5,
        0,
        26,
        -75.5,
        0,
        -26,
        75.5,
        0,
        26,
        75.5,
        0
      ],
      "indexes": [
        0,
        1,
        2,
        2,
        1,
        3
      ],
      "uv": [
        38,
        164,
        90,
        164,
        38,
        13,
        90,
        13
      ],
      "nuv": [
        0.31666666666666665,
        0.06666666666666667,
        0.75,
        0.06666666666666667,
        0.31666666666666665,
        0.841025641025641,
        0.75,
        0.841025641025641
      ],
      "minPos": {
        "x": -26,
        "y": -75.5,
        "z": 0
      },
      "maxPos": {
        "x": 26,
        "y": 75.5,
        "z": 0
      }
    },
    "texture": "8cec66eb-f727-448a-8582-4389a265d979@6c48a",
    "packable": true,
    "pixelsToUnit": 100,
    "pivot": {
      "x": 0.5,
      "y": 0.5
    },
    "meshType": 0
  }
}