{
  "__type__": "cc.SpriteFrame",
  "content": {
    "name": "1_39",
    "atlas": "",
    "rect": {
      "x": 18,
      "y": 21,
      "width": 173,
      "height": 150
    },
    "offset": {
      "x": -5.5,
      "y": 14
    },
    "originalSize": {
      "width": 220,
      "height": 220
    },
    "rotated": false,
    "capInsets": [
      0,
      0,
      0,
      0
    ],
    "vertices": {
      "rawPosition": [
        -86.5,
        -75,
        0,
        86.5,
        -75,
        0,
        -86.5,
        75,
        0,
        86.5,
        75,
        0
      ],
      "indexes": [
        0,
        1,
        2,
        2,
        1,
        3
      ],
      "uv": [
        18,
        199,
        191,
        199,
        18,
        49,
        191,
        49
      ],
      "nuv": [
        0.08181818181818182,
        0.22272727272727272,
        0.8681818181818182,
        0.22272727272727272,
        0.08181818181818182,
        0.9045454545454545,
        0.8681818181818182,
        0.9045454545454545
      ],
      "minPos": {
        "x": -86.5,
        "y": -75,
        "z": 0
      },
      "maxPos": {
        "x": 86.5,
        "y": 75,
        "z": 0
      }
    },
    "texture": "8cf36394-4c71-4882-8b9c-75eb750ee198@6c48a",
    "packable": true,
    "pixelsToUnit": 100,
    "pivot": {
      "x": 0.5,
      "y": 0.5
    },
    "meshType": 0
  }
}