{
  "__type__": "cc.SpriteFrame",
  "content": {
    "name": "1_46",
    "atlas": "",
    "rect": {
      "x": 49,
      "y": 50,
      "width": 138,
      "height": 152
    },
    "offset": {
      "x": 8,
      "y": -16
    },
    "originalSize": {
      "width": 220,
      "height": 220
    },
    "rotated": false,
    "capInsets": [
      0,
      0,
      0,
      0
    ],
    "vertices": {
      "rawPosition": [
        -69,
        -76,
        0,
        69,
        -76,
        0,
        -69,
        76,
        0,
        69,
        76,
        0
      ],
      "indexes": [
        0,
        1,
        2,
        2,
        1,
        3
      ],
      "uv": [
        49,
        170,
        187,
        170,
        49,
        18,
        187,
        18
      ],
      "nuv": [
        0.22272727272727272,
        0.08181818181818182,
        0.85,
        0.08181818181818182,
        0.22272727272727272,
        0.7727272727272727,
        0.85,
        0.7727272727272727
      ],
      "minPos": {
        "x": -69,
        "y": -76,
        "z": 0
      },
      "maxPos": {
        "x": 69,
        "y": 76,
        "z": 0
      }
    },
    "texture": "04137aac-8385-44be-a7f9-d5d30c40245d@6c48a",
    "packable": true,
    "pixelsToUnit": 100,
    "pivot": {
      "x": 0.5,
      "y": 0.5
    },
    "meshType": 0
  }
}