{
  "__type__": "cc.SpriteFrame",
  "content": {
    "name": "1_35",
    "atlas": "",
    "rect": {
      "x": 37,
      "y": 45,
      "width": 142,
      "height": 161
    },
    "offset": {
      "x": -2,
      "y": -15.5
    },
    "originalSize": {
      "width": 220,
      "height": 220
    },
    "rotated": false,
    "capInsets": [
      0,
      0,
      0,
      0
    ],
    "vertices": {
      "rawPosition": [
        -71,
        -80.5,
        0,
        71,
        -80.5,
        0,
        -71,
        80.5,
        0,
        71,
        80.5,
        0
      ],
      "indexes": [
        0,
        1,
        2,
        2,
        1,
        3
      ],
      "uv": [
        37,
        175,
        179,
        175,
        37,
        14,
        179,
        14
      ],
      "nuv": [
        0.16818181818181818,
        0.06363636363636363,
        0.8136363636363636,
        0.06363636363636363,
        0.16818181818181818,
        0.7954545454545454,
        0.8136363636363636,
        0.7954545454545454
      ],
      "minPos": {
        "x": -71,
        "y": -80.5,
        "z": 0
      },
      "maxPos": {
        "x": 71,
        "y": 80.5,
        "z": 0
      }
    },
    "texture": "041ee1bb-bf75-479a-8474-18e714b2d642@6c48a",
    "packable": true,
    "pixelsToUnit": 100,
    "pivot": {
      "x": 0.5,
      "y": 0.5
    },
    "meshType": 0
  }
}