{
  "__type__": "cc.SpriteFrame",
  "content": {
    "name": "1_160",
    "atlas": "",
    "rect": {
      "x": 79,
      "y": 73,
      "width": 221,
      "height": 228
    },
    "offset": {
      "x": 2,
      "y": -25
    },
    "originalSize": {
      "width": 375,
      "height": 324
    },
    "rotated": false,
    "capInsets": [
      0,
      0,
      0,
      0
    ],
    "vertices": {
      "rawPosition": [
        -110.5,
        -114,
        0,
        110.5,
        -114,
        0,
        -110.5,
        114,
        0,
        110.5,
        114,
        0
      ],
      "indexes": [
        0,
        1,
        2,
        2,
        1,
        3
      ],
      "uv": [
        79,
        251,
        300,
        251,
        79,
        23,
        300,
        23
      ],
      "nuv": [
        0.21066666666666667,
        0.07098765432098765,
        0.8,
        0.07098765432098765,
        0.21066666666666667,
        0.7746913580246914,
        0.8,
        0.7746913580246914
      ],
      "minPos": {
        "x": -110.5,
        "y": -114,
        "z": 0
      },
      "maxPos": {
        "x": 110.5,
        "y": 114,
        "z": 0
      }
    },
    "texture": "04b30636-9a2a-4bac-9b19-a6cf2ab36cb9@6c48a",
    "packable": true,
    "pixelsToUnit": 100,
    "pivot": {
      "x": 0.5,
      "y": 0.5
    },
    "meshType": 0
  }
}