{
  "__type__": "cc.SpriteFrame",
  "content": {
    "name": "move_19",
    "atlas": "",
    "rect": {
      "x": 48,
      "y": 25,
      "width": 47,
      "height": 160
    },
    "offset": {
      "x": 4,
      "y": -7.5
    },
    "originalSize": {
      "width": 135,
      "height": 195
    },
    "rotated": false,
    "capInsets": [
      0,
      0,
      0,
      0
    ],
    "vertices": {
      "rawPosition": [
        -23.5,
        -80,
        0,
        23.5,
        -80,
        0,
        -23.5,
        80,
        0,
        23.5,
        80,
        0
      ],
      "indexes": [
        0,
        1,
        2,
        2,
        1,
        3
      ],
      "uv": [
        48,
        170,
        95,
        170,
        48,
        10,
        95,
        10
      ],
      "nuv": [
        0.35555555555555557,
        0.05128205128205128,
        0.7037037037037037,
        0.05128205128205128,
        0.35555555555555557,
        0.8717948717948718,
        0.7037037037037037,
        0.8717948717948718
      ],
      "minPos": {
        "x": -23.5,
        "y": -80,
        "z": 0
      },
      "maxPos": {
        "x": 23.5,
        "y": 80,
        "z": 0
      }
    },
    "texture": "04f32b3f-ae44-4dbd-b6fb-da0d4cbb30d4@6c48a",
    "packable": true,
    "pixelsToUnit": 100,
    "pivot": {
      "x": 0.5,
      "y": 0.5
    },
    "meshType": 0
  }
}