{
  "__type__": "cc.SpriteFrame",
  "content": {
    "name": "1_098",
    "atlas": "",
    "rect": {
      "x": 79,
      "y": 84,
      "width": 238,
      "height": 217
    },
    "offset": {
      "x": 10.5,
      "y": -30.5
    },
    "originalSize": {
      "width": 375,
      "height": 324
    },
    "rotated": false,
    "capInsets": [
      0,
      0,
      0,
      0
    ],
    "vertices": {
      "rawPosition": [
        -119,
        -108.5,
        0,
        119,
        -108.5,
        0,
        -119,
        108.5,
        0,
        119,
        108.5,
        0
      ],
      "indexes": [
        0,
        1,
        2,
        2,
        1,
        3
      ],
      "uv": [
        79,
        240,
        317,
        240,
        79,
        23,
        317,
        23
      ],
      "nuv": [
        0.21066666666666667,
        0.07098765432098765,
        0.8453333333333334,
        0.07098765432098765,
        0.21066666666666667,
        0.7407407407407407,
        0.8453333333333334,
        0.7407407407407407
      ],
      "minPos": {
        "x": -119,
        "y": -108.5,
        "z": 0
      },
      "maxPos": {
        "x": 119,
        "y": 108.5,
        "z": 0
      }
    },
    "texture": "04fec53e-16b1-4778-81c4-73b22337d061@6c48a",
    "packable": true,
    "pixelsToUnit": 100,
    "pivot": {
      "x": 0.5,
      "y": 0.5
    },
    "meshType": 0
  }
}