{
  "__type__": "cc.SpriteFrame",
  "content": {
    "name": "sit_05",
    "atlas": "",
    "rect": {
      "x": 31,
      "y": 43,
      "width": 58,
      "height": 140
    },
    "offset": {
      "x": 0,
      "y": -15.5
    },
    "originalSize": {
      "width": 120,
      "height": 195
    },
    "rotated": false,
    "capInsets": [
      0,
      0,
      0,
      0
    ],
    "vertices": {
      "rawPosition": [
        -29,
        -70,
        0,
        29,
        -70,
        0,
        -29,
        70,
        0,
        29,
        70,
        0
      ],
      "indexes": [
        0,
        1,
        2,
        2,
        1,
        3
      ],
      "uv": [
        31,
        152,
        89,
        152,
        31,
        12,
        89,
        12
      ],
      "nuv": [
        0.25833333333333336,
        0.06153846153846154,
        0.7416666666666667,
        0.06153846153846154,
        0.25833333333333336,
        0.7794871794871795,
        0.7416666666666667,
        0.7794871794871795
      ],
      "minPos": {
        "x": -29,
        "y": -70,
        "z": 0
      },
      "maxPos": {
        "x": 29,
        "y": 70,
        "z": 0
      }
    },
    "texture": "0e7b665e-808c-42c2-a9d7-54b6e8ae747c@6c48a",
    "packable": true,
    "pixelsToUnit": 100,
    "pivot": {
      "x": 0.5,
      "y": 0.5
    },
    "meshType": 0
  }
}