{
  "__type__": "cc.SpriteFrame",
  "content": {
    "name": "1_09",
    "atlas": "",
    "rect": {
      "x": 49,
      "y": 58,
      "width": 127,
      "height": 139
    },
    "offset": {
      "x": 2.5,
      "y": -17.5
    },
    "originalSize": {
      "width": 220,
      "height": 220
    },
    "rotated": false,
    "capInsets": [
      0,
      0,
      0,
      0
    ],
    "vertices": {
      "rawPosition": [
        -63.5,
        -69.5,
        0,
        63.5,
        -69.5,
        0,
        -63.5,
        69.5,
        0,
        63.5,
        69.5,
        0
      ],
      "indexes": [
        0,
        1,
        2,
        2,
        1,
        3
      ],
      "uv": [
        49,
        162,
        176,
        162,
        49,
        23,
        176,
        23
      ],
      "nuv": [
        0.22272727272727272,
        0.10454545454545454,
        0.8,
        0.10454545454545454,
        0.22272727272727272,
        0.7363636363636363,
        0.8,
        0.7363636363636363
      ],
      "minPos": {
        "x": -63.5,
        "y": -69.5,
        "z": 0
      },
      "maxPos": {
        "x": 63.5,
        "y": 69.5,
        "z": 0
      }
    },
    "texture": "0e86f56f-4a1c-4ea7-b30e-bb11f8f85d4e@6c48a",
    "packable": true,
    "pixelsToUnit": 100,
    "pivot": {
      "x": 0.5,
      "y": 0.5
    },
    "meshType": 0
  }
}