{
  "__type__": "cc.SpriteFrame",
  "content": {
    "name": "1_39",
    "atlas": "",
    "rect": {
      "x": 36,
      "y": 49,
      "width": 139,
      "height": 153
    },
    "offset": {
      "x": -4.5,
      "y": -15.5
    },
    "originalSize": {
      "width": 220,
      "height": 220
    },
    "rotated": false,
    "capInsets": [
      0,
      0,
      0,
      0
    ],
    "vertices": {
      "rawPosition": [
        -69.5,
        -76.5,
        0,
        69.5,
        -76.5,
        0,
        -69.5,
        76.5,
        0,
        69.5,
        76.5,
        0
      ],
      "indexes": [
        0,
        1,
        2,
        2,
        1,
        3
      ],
      "uv": [
        36,
        171,
        175,
        171,
        36,
        18,
        175,
        18
      ],
      "nuv": [
        0.16363636363636364,
        0.08181818181818182,
        0.7954545454545454,
        0.08181818181818182,
        0.16363636363636364,
        0.7772727272727272,
        0.7954545454545454,
        0.7772727272727272
      ],
      "minPos": {
        "x": -69.5,
        "y": -76.5,
        "z": 0
      },
      "maxPos": {
        "x": 69.5,
        "y": 76.5,
        "z": 0
      }
    },
    "texture": "0e9b61df-f98d-4f9c-a65e-42ae97bd4eb9@6c48a",
    "packable": true,
    "pixelsToUnit": 100,
    "pivot": {
      "x": 0.5,
      "y": 0.5
    },
    "meshType": 0
  }
}