{
  "__type__": "cc.SpriteFrame",
  "content": {
    "name": "1_03",
    "atlas": "",
    "rect": {
      "x": 42,
      "y": 53,
      "width": 138,
      "height": 149
    },
    "offset": {
      "x": 1,
      "y": -17.5
    },
    "originalSize": {
      "width": 220,
      "height": 220
    },
    "rotated": false,
    "capInsets": [
      0,
      0,
      0,
      0
    ],
    "vertices": {
      "rawPosition": [
        -69,
        -74.5,
        0,
        69,
        -74.5,
        0,
        -69,
        74.5,
        0,
        69,
        74.5,
        0
      ],
      "indexes": [
        0,
        1,
        2,
        2,
        1,
        3
      ],
      "uv": [
        42,
        167,
        180,
        167,
        42,
        18,
        180,
        18
      ],
      "nuv": [
        0.19090909090909092,
        0.08181818181818182,
        0.8181818181818182,
        0.08181818181818182,
        0.19090909090909092,
        0.759090909090909,
        0.8181818181818182,
        0.759090909090909
      ],
      "minPos": {
        "x": -69,
        "y": -74.5,
        "z": 0
      },
      "maxPos": {
        "x": 69,
        "y": 74.5,
        "z": 0
      }
    },
    "texture": "0eb39c16-c9a1-4e07-8b41-c83b367326ea@6c48a",
    "packable": true,
    "pixelsToUnit": 100,
    "pivot": {
      "x": 0.5,
      "y": 0.5
    },
    "meshType": 0
  }
}