{
  "__type__": "cc.SpriteFrame",
  "content": {
    "name": "tu01-stand_69",
    "atlas": "",
    "rect": {
      "x": 19,
      "y": 64,
      "width": 152,
      "height": 149
    },
    "offset": {
      "x": -15,
      "y": -28.5
    },
    "originalSize": {
      "width": 220,
      "height": 220
    },
    "rotated": false,
    "capInsets": [
      0,
      0,
      0,
      0
    ],
    "vertices": {
      "rawPosition": [
        -76,
        -74.5,
        0,
        76,
        -74.5,
        0,
        -76,
        74.5,
        0,
        76,
        74.5,
        0
      ],
      "indexes": [
        0,
        1,
        2,
        2,
        1,
        3
      ],
      "uv": [
        19,
        156,
        171,
        156,
        19,
        7,
        171,
        7
      ],
      "nuv": [
        0.08636363636363636,
        0.031818181818181815,
        0.7772727272727272,
        0.031818181818181815,
        0.08636363636363636,
        0.7090909090909091,
        0.7772727272727272,
        0.7090909090909091
      ],
      "minPos": {
        "x": -76,
        "y": -74.5,
        "z": 0
      },
      "maxPos": {
        "x": 76,
        "y": 74.5,
        "z": 0
      }
    },
    "texture": "875d5689-cb11-44d3-89bb-f9a477c44cbd@6c48a",
    "packable": true,
    "pixelsToUnit": 100,
    "pivot": {
      "x": 0.5,
      "y": 0.5
    },
    "meshType": 0
  }
}