{
  "__type__": "cc.SpriteFrame",
  "content": {
    "name": "1_24",
    "atlas": "",
    "rect": {
      "x": 56,
      "y": 117,
      "width": 167,
      "height": 176
    },
    "offset": {
      "x": -1,
      "y": -39.5
    },
    "originalSize": {
      "width": 281,
      "height": 331
    },
    "rotated": false,
    "capInsets": [
      0,
      0,
      0,
      0
    ],
    "vertices": {
      "rawPosition": [
        -83.5,
        -88,
        0,
        83.5,
        -88,
        0,
        -83.5,
        88,
        0,
        83.5,
        88,
        0
      ],
      "indexes": [
        0,
        1,
        2,
        2,
        1,
        3
      ],
      "uv": [
        56,
        214,
        223,
        214,
        56,
        38,
        223,
        38
      ],
      "nuv": [
        0.199288256227758,
        0.1148036253776435,
        0.7935943060498221,
        0.1148036253776435,
        0.199288256227758,
        0.6465256797583081,
        0.7935943060498221,
        0.6465256797583081
      ],
      "minPos": {
        "x": -83.5,
        "y": -88,
        "z": 0
      },
      "maxPos": {
        "x": 83.5,
        "y": 88,
        "z": 0
      }
    },
    "texture": "877e24f3-b6d8-441f-896c-620b19c55d81@6c48a",
    "packable": true,
    "pixelsToUnit": 100,
    "pivot": {
      "x": 0.5,
      "y": 0.5
    },
    "meshType": 0
  }
}