{
  "__type__": "cc.SpriteFrame",
  "content": {
    "name": "tu01-stand_17",
    "atlas": "",
    "rect": {
      "x": 25,
      "y": 63,
      "width": 150,
      "height": 150
    },
    "offset": {
      "x": -10,
      "y": -28
    },
    "originalSize": {
      "width": 220,
      "height": 220
    },
    "rotated": false,
    "capInsets": [
      0,
      0,
      0,
      0
    ],
    "vertices": {
      "rawPosition": [
        -75,
        -75,
        0,
        75,
        -75,
        0,
        -75,
        75,
        0,
        75,
        75,
        0
      ],
      "indexes": [
        0,
        1,
        2,
        2,
        1,
        3
      ],
      "uv": [
        25,
        157,
        175,
        157,
        25,
        7,
        175,
        7
      ],
      "nuv": [
        0.11363636363636363,
        0.031818181818181815,
        0.7954545454545454,
        0.031818181818181815,
        0.11363636363636363,
        0.7136363636363636,
        0.7954545454545454,
        0.7136363636363636
      ],
      "minPos": {
        "x": -75,
        "y": -75,
        "z": 0
      },
      "maxPos": {
        "x": 75,
        "y": 75,
        "z": 0
      }
    },
    "texture": "87b59fc6-fe2b-4707-a748-fb0cffaf56af@6c48a",
    "packable": true,
    "pixelsToUnit": 100,
    "pivot": {
      "x": 0.5,
      "y": 0.5
    },
    "meshType": 0
  }
}