{
  "__type__": "cc.SpriteFrame",
  "content": {
    "name": "1_22",
    "atlas": "",
    "rect": {
      "x": 52,
      "y": 49,
      "width": 142,
      "height": 159
    },
    "offset": {
      "x": 13,
      "y": -18.5
    },
    "originalSize": {
      "width": 220,
      "height": 220
    },
    "rotated": false,
    "capInsets": [
      0,
      0,
      0,
      0
    ],
    "vertices": {
      "rawPosition": [
        -71,
        -79.5,
        0,
        71,
        -79.5,
        0,
        -71,
        79.5,
        0,
        71,
        79.5,
        0
      ],
      "indexes": [
        0,
        1,
        2,
        2,
        1,
        3
      ],
      "uv": [
        52,
        171,
        194,
        171,
        52,
        12,
        194,
        12
      ],
      "nuv": [
        0.23636363636363636,
        0.05454545454545454,
        0.8818181818181818,
        0.05454545454545454,
        0.23636363636363636,
        0.7772727272727272,
        0.8818181818181818,
        0.7772727272727272
      ],
      "minPos": {
        "x": -71,
        "y": -79.5,
        "z": 0
      },
      "maxPos": {
        "x": 71,
        "y": 79.5,
        "z": 0
      }
    },
    "texture": "87b7005f-d50b-4c84-ad2f-1d9d2ed1ff8d@6c48a",
    "packable": true,
    "pixelsToUnit": 100,
    "pivot": {
      "x": 0.5,
      "y": 0.5
    },
    "meshType": 0
  }
}