{
  "__type__": "cc.SpriteFrame",
  "content": {
    "name": "sit_06",
    "atlas": "",
    "rect": {
      "x": 31,
      "y": 48,
      "width": 56,
      "height": 136
    },
    "offset": {
      "x": -1,
      "y": -18.5
    },
    "originalSize": {
      "width": 120,
      "height": 195
    },
    "rotated": false,
    "capInsets": [
      0,
      0,
      0,
      0
    ],
    "vertices": {
      "rawPosition": [
        -28,
        -68,
        0,
        28,
        -68,
        0,
        -28,
        68,
        0,
        28,
        68,
        0
      ],
      "indexes": [
        0,
        1,
        2,
        2,
        1,
        3
      ],
      "uv": [
        31,
        147,
        87,
        147,
        31,
        11,
        87,
        11
      ],
      "nuv": [
        0.25833333333333336,
        0.05641025641025641,
        0.725,
        0.05641025641025641,
        0.25833333333333336,
        0.7538461538461538,
        0.725,
        0.7538461538461538
      ],
      "minPos": {
        "x": -28,
        "y": -68,
        "z": 0
      },
      "maxPos": {
        "x": 28,
        "y": 68,
        "z": 0
      }
    },
    "texture": "7b32070c-003b-4754-8ad6-ec473e915abf@6c48a",
    "packable": true,
    "pixelsToUnit": 100,
    "pivot": {
      "x": 0.5,
      "y": 0.5
    },
    "meshType": 0
  }
}