{
  "__type__": "cc.SpriteFrame",
  "content": {
    "name": "1_38",
    "atlas": "",
    "rect": {
      "x": 34,
      "y": 41,
      "width": 142,
      "height": 165
    },
    "offset": {
      "x": -5,
      "y": -13.5
    },
    "originalSize": {
      "width": 220,
      "height": 220
    },
    "rotated": false,
    "capInsets": [
      0,
      0,
      0,
      0
    ],
    "vertices": {
      "rawPosition": [
        -71,
        -82.5,
        0,
        71,
        -82.5,
        0,
        -71,
        82.5,
        0,
        71,
        82.5,
        0
      ],
      "indexes": [
        0,
        1,
        2,
        2,
        1,
        3
      ],
      "uv": [
        34,
        179,
        176,
        179,
        34,
        14,
        176,
        14
      ],
      "nuv": [
        0.15454545454545454,
        0.06363636363636363,
        0.8,
        0.06363636363636363,
        0.15454545454545454,
        0.8136363636363636,
        0.8,
        0.8136363636363636
      ],
      "minPos": {
        "x": -71,
        "y": -82.5,
        "z": 0
      },
      "maxPos": {
        "x": 71,
        "y": 82.5,
        "z": 0
      }
    },
    "texture": "7ba74631-3f9f-4609-b4ec-5ebc7722bc80@6c48a",
    "packable": true,
    "pixelsToUnit": 100,
    "pivot": {
      "x": 0.5,
      "y": 0.5
    },
    "meshType": 0
  }
}