{
  "__type__": "cc.SpriteFrame",
  "content": {
    "name": "1_09",
    "atlas": "",
    "rect": {
      "x": 19,
      "y": 37,
      "width": 140,
      "height": 164
    },
    "offset": {
      "x": -21,
      "y": -9
    },
    "originalSize": {
      "width": 220,
      "height": 220
    },
    "rotated": false,
    "capInsets": [
      0,
      0,
      0,
      0
    ],
    "vertices": {
      "rawPosition": [
        -70,
        -82,
        0,
        70,
        -82,
        0,
        -70,
        82,
        0,
        70,
        82,
        0
      ],
      "indexes": [
        0,
        1,
        2,
        2,
        1,
        3
      ],
      "uv": [
        19,
        183,
        159,
        183,
        19,
        19,
        159,
        19
      ],
      "nuv": [
        0.08636363636363636,
        0.08636363636363636,
        0.7227272727272728,
        0.08636363636363636,
        0.08636363636363636,
        0.8318181818181818,
        0.7227272727272728,
        0.8318181818181818
      ],
      "minPos": {
        "x": -70,
        "y": -82,
        "z": 0
      },
      "maxPos": {
        "x": 70,
        "y": 82,
        "z": 0
      }
    },
    "texture": "7baad70d-c4f2-49db-8c21-be9112abf2d8@6c48a",
    "packable": true,
    "pixelsToUnit": 100,
    "pivot": {
      "x": 0.5,
      "y": 0.5
    },
    "meshType": 0
  }
}