{
  "__type__": "cc.SpriteFrame",
  "content": {
    "name": "tu01-stand1_72",
    "atlas": "",
    "rect": {
      "x": 36,
      "y": 67,
      "width": 134,
      "height": 146
    },
    "offset": {
      "x": -7,
      "y": -30
    },
    "originalSize": {
      "width": 220,
      "height": 220
    },
    "rotated": false,
    "capInsets": [
      0,
      0,
      0,
      0
    ],
    "vertices": {
      "rawPosition": [
        -67,
        -73,
        0,
        67,
        -73,
        0,
        -67,
        73,
        0,
        67,
        73,
        0
      ],
      "indexes": [
        0,
        1,
        2,
        2,
        1,
        3
      ],
      "uv": [
        36,
        153,
        170,
        153,
        36,
        7,
        170,
        7
      ],
      "nuv": [
        0.16363636363636364,
        0.031818181818181815,
        0.7727272727272727,
        0.031818181818181815,
        0.16363636363636364,
        0.6954545454545454,
        0.7727272727272727,
        0.6954545454545454
      ],
      "minPos": {
        "x": -67,
        "y": -73,
        "z": 0
      },
      "maxPos": {
        "x": 67,
        "y": 73,
        "z": 0
      }
    },
    "texture": "7bddbb01-5f3d-4359-96b8-0516b72c3a1b@6c48a",
    "packable": true,
    "pixelsToUnit": 100,
    "pivot": {
      "x": 0.5,
      "y": 0.5
    },
    "meshType": 0
  }
}