{
  "__type__": "cc.SpriteFrame",
  "content": {
    "name": "1_075",
    "atlas": "",
    "rect": {
      "x": 79,
      "y": 65,
      "width": 204,
      "height": 236
    },
    "offset": {
      "x": -6.5,
      "y": -21
    },
    "originalSize": {
      "width": 375,
      "height": 324
    },
    "rotated": false,
    "capInsets": [
      0,
      0,
      0,
      0
    ],
    "vertices": {
      "rawPosition": [
        -102,
        -118,
        0,
        102,
        -118,
        0,
        -102,
        118,
        0,
        102,
        118,
        0
      ],
      "indexes": [
        0,
        1,
        2,
        2,
        1,
        3
      ],
      "uv": [
        79,
        259,
        283,
        259,
        79,
        23,
        283,
        23
      ],
      "nuv": [
        0.21066666666666667,
        0.07098765432098765,
        0.7546666666666667,
        0.07098765432098765,
        0.21066666666666667,
        0.7993827160493827,
        0.7546666666666667,
        0.7993827160493827
      ],
      "minPos": {
        "x": -102,
        "y": -118,
        "z": 0
      },
      "maxPos": {
        "x": 102,
        "y": 118,
        "z": 0
      }
    },
    "texture": "770d0ae1-54ab-4b9b-a479-8df20b16b251@6c48a",
    "packable": true,
    "pixelsToUnit": 100,
    "pivot": {
      "x": 0.5,
      "y": 0.5
    },
    "meshType": 0
  }
}