{
  "__type__": "cc.SpriteFrame",
  "content": {
    "name": "move_03",
    "atlas": "",
    "rect": {
      "x": 44,
      "y": 24,
      "width": 49,
      "height": 160
    },
    "offset": {
      "x": 8.5,
      "y": -6.5
    },
    "originalSize": {
      "width": 120,
      "height": 195
    },
    "rotated": false,
    "capInsets": [
      0,
      0,
      0,
      0
    ],
    "vertices": {
      "rawPosition": [
        -24.5,
        -80,
        0,
        24.5,
        -80,
        0,
        -24.5,
        80,
        0,
        24.5,
        80,
        0
      ],
      "indexes": [
        0,
        1,
        2,
        2,
        1,
        3
      ],
      "uv": [
        44,
        171,
        93,
        171,
        44,
        11,
        93,
        11
      ],
      "nuv": [
        0.36666666666666664,
        0.05641025641025641,
        0.775,
        0.05641025641025641,
        0.36666666666666664,
        0.8769230769230769,
        0.775,
        0.8769230769230769
      ],
      "minPos": {
        "x": -24.5,
        "y": -80,
        "z": 0
      },
      "maxPos": {
        "x": 24.5,
        "y": 80,
        "z": 0
      }
    },
    "texture": "77634b10-0e5f-4174-aed5-20304d2d26dd@6c48a",
    "packable": true,
    "pixelsToUnit": 100,
    "pivot": {
      "x": 0.5,
      "y": 0.5
    },
    "meshType": 0
  }
}