{
  "__type__": "cc.SpriteFrame",
  "content": {
    "name": "1_046",
    "atlas": "",
    "rect": {
      "x": 16,
      "y": 57,
      "width": 330,
      "height": 228
    },
    "offset": {
      "x": -6.5,
      "y": -9
    },
    "originalSize": {
      "width": 375,
      "height": 324
    },
    "rotated": false,
    "capInsets": [
      0,
      0,
      0,
      0
    ],
    "vertices": {
      "rawPosition": [
        -165,
        -114,
        0,
        165,
        -114,
        0,
        -165,
        114,
        0,
        165,
        114,
        0
      ],
      "indexes": [
        0,
        1,
        2,
        2,
        1,
        3
      ],
      "uv": [
        16,
        267,
        346,
        267,
        16,
        39,
        346,
        39
      ],
      "nuv": [
        0.042666666666666665,
        0.12037037037037036,
        0.9226666666666666,
        0.12037037037037036,
        0.042666666666666665,
        0.8240740740740741,
        0.9226666666666666,
        0.8240740740740741
      ],
      "minPos": {
        "x": -165,
        "y": -114,
        "z": 0
      },
      "maxPos": {
        "x": 165,
        "y": 114,
        "z": 0
      }
    },
    "texture": "7798431a-f2aa-4f8c-ac9d-6e13891cf149@6c48a",
    "packable": true,
    "pixelsToUnit": 100,
    "pivot": {
      "x": 0.5,
      "y": 0.5
    },
    "meshType": 0
  }
}