{
  "__type__": "cc.SpriteFrame",
  "content": {
    "name": "move_08",
    "atlas": "",
    "rect": {
      "x": 31,
      "y": 28,
      "width": 47,
      "height": 154
    },
    "offset": {
      "x": -5.5,
      "y": -7.5
    },
    "originalSize": {
      "width": 120,
      "height": 195
    },
    "rotated": false,
    "capInsets": [
      0,
      0,
      0,
      0
    ],
    "vertices": {
      "rawPosition": [
        -23.5,
        -77,
        0,
        23.5,
        -77,
        0,
        -23.5,
        77,
        0,
        23.5,
        77,
        0
      ],
      "indexes": [
        0,
        1,
        2,
        2,
        1,
        3
      ],
      "uv": [
        31,
        167,
        78,
        167,
        31,
        13,
        78,
        13
      ],
      "nuv": [
        0.25833333333333336,
        0.06666666666666667,
        0.65,
        0.06666666666666667,
        0.25833333333333336,
        0.8564102564102564,
        0.65,
        0.8564102564102564
      ],
      "minPos": {
        "x": -23.5,
        "y": -77,
        "z": 0
      },
      "maxPos": {
        "x": 23.5,
        "y": 77,
        "z": 0
      }
    },
    "texture": "77a24372-8f20-47f5-94d9-4b0fe8d9519a@6c48a",
    "packable": true,
    "pixelsToUnit": 100,
    "pivot": {
      "x": 0.5,
      "y": 0.5
    },
    "meshType": 0
  }
}