{
  "__type__": "cc.SpriteFrame",
  "content": {
    "name": "move_14",
    "atlas": "",
    "rect": {
      "x": 45,
      "y": 23,
      "width": 50,
      "height": 161
    },
    "offset": {
      "x": 10,
      "y": -6
    },
    "originalSize": {
      "width": 120,
      "height": 195
    },
    "rotated": false,
    "capInsets": [
      0,
      0,
      0,
      0
    ],
    "vertices": {
      "rawPosition": [
        -25,
        -80.5,
        0,
        25,
        -80.5,
        0,
        -25,
        80.5,
        0,
        25,
        80.5,
        0
      ],
      "indexes": [
        0,
        1,
        2,
        2,
        1,
        3
      ],
      "uv": [
        45,
        172,
        95,
        172,
        45,
        11,
        95,
        11
      ],
      "nuv": [
        0.375,
        0.05641025641025641,
        0.7916666666666666,
        0.05641025641025641,
        0.375,
        0.882051282051282,
        0.7916666666666666,
        0.882051282051282
      ],
      "minPos": {
        "x": -25,
        "y": -80.5,
        "z": 0
      },
      "maxPos": {
        "x": 25,
        "y": 80.5,
        "z": 0
      }
    },
    "texture": "77f32654-1ccf-43e1-b4d8-65a159a16be2@6c48a",
    "packable": true,
    "pixelsToUnit": 100,
    "pivot": {
      "x": 0.5,
      "y": 0.5
    },
    "meshType": 0
  }
}