{
  "__type__": "cc.SpriteFrame",
  "content": {
    "name": "1_46",
    "atlas": "",
    "rect": {
      "x": 28,
      "y": 40,
      "width": 133,
      "height": 161
    },
    "offset": {
      "x": -15.5,
      "y": -10.5
    },
    "originalSize": {
      "width": 220,
      "height": 220
    },
    "rotated": false,
    "capInsets": [
      0,
      0,
      0,
      0
    ],
    "vertices": {
      "rawPosition": [
        -66.5,
        -80.5,
        0,
        66.5,
        -80.5,
        0,
        -66.5,
        80.5,
        0,
        66.5,
        80.5,
        0
      ],
      "indexes": [
        0,
        1,
        2,
        2,
        1,
        3
      ],
      "uv": [
        28,
        180,
        161,
        180,
        28,
        19,
        161,
        19
      ],
      "nuv": [
        0.12727272727272726,
        0.08636363636363636,
        0.7318181818181818,
        0.08636363636363636,
        0.12727272727272726,
        0.8181818181818182,
        0.7318181818181818,
        0.8181818181818182
      ],
      "minPos": {
        "x": -66.5,
        "y": -80.5,
        "z": 0
      },
      "maxPos": {
        "x": 66.5,
        "y": 80.5,
        "z": 0
      }
    },
    "texture": "77fe1aad-51ca-4efb-b8cf-548273252eee@6c48a",
    "packable": true,
    "pixelsToUnit": 100,
    "pivot": {
      "x": 0.5,
      "y": 0.5
    },
    "meshType": 0
  }
}