{
  "__type__": "cc.SpriteFrame",
  "content": {
    "name": "1_101",
    "atlas": "",
    "rect": {
      "x": 79,
      "y": 99,
      "width": 222,
      "height": 202
    },
    "offset": {
      "x": 2.5,
      "y": -38
    },
    "originalSize": {
      "width": 375,
      "height": 324
    },
    "rotated": false,
    "capInsets": [
      0,
      0,
      0,
      0
    ],
    "vertices": {
      "rawPosition": [
        -111,
        -101,
        0,
        111,
        -101,
        0,
        -111,
        101,
        0,
        111,
        101,
        0
      ],
      "indexes": [
        0,
        1,
        2,
        2,
        1,
        3
      ],
      "uv": [
        79,
        225,
        301,
        225,
        79,
        23,
        301,
        23
      ],
      "nuv": [
        0.21066666666666667,
        0.07098765432098765,
        0.8026666666666666,
        0.07098765432098765,
        0.21066666666666667,
        0.6944444444444444,
        0.8026666666666666,
        0.6944444444444444
      ],
      "minPos": {
        "x": -111,
        "y": -101,
        "z": 0
      },
      "maxPos": {
        "x": 111,
        "y": 101,
        "z": 0
      }
    },
    "texture": "7e38a55d-d44a-479a-b2d0-e3638c927448@6c48a",
    "packable": true,
    "pixelsToUnit": 100,
    "pivot": {
      "x": 0.5,
      "y": 0.5
    },
    "meshType": 0
  }
}