{
  "__type__": "cc.SpriteFrame",
  "content": {
    "name": "1_06",
    "atlas": "",
    "rect": {
      "x": 48,
      "y": 58,
      "width": 127,
      "height": 139
    },
    "offset": {
      "x": 1.5,
      "y": -17.5
    },
    "originalSize": {
      "width": 220,
      "height": 220
    },
    "rotated": false,
    "capInsets": [
      0,
      0,
      0,
      0
    ],
    "vertices": {
      "rawPosition": [
        -63.5,
        -69.5,
        0,
        63.5,
        -69.5,
        0,
        -63.5,
        69.5,
        0,
        63.5,
        69.5,
        0
      ],
      "indexes": [
        0,
        1,
        2,
        2,
        1,
        3
      ],
      "uv": [
        48,
        162,
        175,
        162,
        48,
        23,
        175,
        23
      ],
      "nuv": [
        0.21818181818181817,
        0.10454545454545454,
        0.7954545454545454,
        0.10454545454545454,
        0.21818181818181817,
        0.7363636363636363,
        0.7954545454545454,
        0.7363636363636363
      ],
      "minPos": {
        "x": -63.5,
        "y": -69.5,
        "z": 0
      },
      "maxPos": {
        "x": 63.5,
        "y": 69.5,
        "z": 0
      }
    },
    "texture": "7e419891-7740-44c7-bdad-f6927a3de528@6c48a",
    "packable": true,
    "pixelsToUnit": 100,
    "pivot": {
      "x": 0.5,
      "y": 0.5
    },
    "meshType": 0
  }
}