{
  "__type__": "cc.SpriteFrame",
  "content": {
    "name": "tu01-stand1_33",
    "atlas": "",
    "rect": {
      "x": 45,
      "y": 63,
      "width": 125,
      "height": 150
    },
    "offset": {
      "x": -2.5,
      "y": -28
    },
    "originalSize": {
      "width": 220,
      "height": 220
    },
    "rotated": false,
    "capInsets": [
      0,
      0,
      0,
      0
    ],
    "vertices": {
      "rawPosition": [
        -62.5,
        -75,
        0,
        62.5,
        -75,
        0,
        -62.5,
        75,
        0,
        62.5,
        75,
        0
      ],
      "indexes": [
        0,
        1,
        2,
        2,
        1,
        3
      ],
      "uv": [
        45,
        157,
        170,
        157,
        45,
        7,
        170,
        7
      ],
      "nuv": [
        0.20454545454545456,
        0.031818181818181815,
        0.7727272727272727,
        0.031818181818181815,
        0.20454545454545456,
        0.7136363636363636,
        0.7727272727272727,
        0.7136363636363636
      ],
      "minPos": {
        "x": -62.5,
        "y": -75,
        "z": 0
      },
      "maxPos": {
        "x": 62.5,
        "y": 75,
        "z": 0
      }
    },
    "texture": "7e59df6a-d77b-4a99-891b-18c252f83ba6@6c48a",
    "packable": true,
    "pixelsToUnit": 100,
    "pivot": {
      "x": 0.5,
      "y": 0.5
    },
    "meshType": 0
  }
}