{
  "__type__": "cc.SpriteFrame",
  "content": {
    "name": "1_01",
    "atlas": "",
    "rect": {
      "x": 37,
      "y": 48,
      "width": 147,
      "height": 160
    },
    "offset": {
      "x": 0.5,
      "y": -18
    },
    "originalSize": {
      "width": 220,
      "height": 220
    },
    "rotated": false,
    "capInsets": [
      0,
      0,
      0,
      0
    ],
    "vertices": {
      "rawPosition": [
        -73.5,
        -80,
        0,
        73.5,
        -80,
        0,
        -73.5,
        80,
        0,
        73.5,
        80,
        0
      ],
      "indexes": [
        0,
        1,
        2,
        2,
        1,
        3
      ],
      "uv": [
        37,
        172,
        184,
        172,
        37,
        12,
        184,
        12
      ],
      "nuv": [
        0.16818181818181818,
        0.05454545454545454,
        0.8363636363636363,
        0.05454545454545454,
        0.16818181818181818,
        0.7818181818181819,
        0.8363636363636363,
        0.7818181818181819
      ],
      "minPos": {
        "x": -73.5,
        "y": -80,
        "z": 0
      },
      "maxPos": {
        "x": 73.5,
        "y": 80,
        "z": 0
      }
    },
    "texture": "7e9f5e3f-90f5-4fd8-b424-a7a707090535@6c48a",
    "packable": true,
    "pixelsToUnit": 100,
    "pivot": {
      "x": 0.5,
      "y": 0.5
    },
    "meshType": 0
  }
}