{
  "__type__": "cc.SpriteFrame",
  "content": {
    "name": "tu01-stand1_73",
    "atlas": "",
    "rect": {
      "x": 35,
      "y": 68,
      "width": 135,
      "height": 145
    },
    "offset": {
      "x": -7.5,
      "y": -30.5
    },
    "originalSize": {
      "width": 220,
      "height": 220
    },
    "rotated": false,
    "capInsets": [
      0,
      0,
      0,
      0
    ],
    "vertices": {
      "rawPosition": [
        -67.5,
        -72.5,
        0,
        67.5,
        -72.5,
        0,
        -67.5,
        72.5,
        0,
        67.5,
        72.5,
        0
      ],
      "indexes": [
        0,
        1,
        2,
        2,
        1,
        3
      ],
      "uv": [
        35,
        152,
        170,
        152,
        35,
        7,
        170,
        7
      ],
      "nuv": [
        0.1590909090909091,
        0.031818181818181815,
        0.7727272727272727,
        0.031818181818181815,
        0.1590909090909091,
        0.6909090909090909,
        0.7727272727272727,
        0.6909090909090909
      ],
      "minPos": {
        "x": -67.5,
        "y": -72.5,
        "z": 0
      },
      "maxPos": {
        "x": 67.5,
        "y": 72.5,
        "z": 0
      }
    },
    "texture": "7ee26bfd-dec3-4a6a-b831-9ba386785597@6c48a",
    "packable": true,
    "pixelsToUnit": 100,
    "pivot": {
      "x": 0.5,
      "y": 0.5
    },
    "meshType": 0
  }
}