{
  "__type__": "cc.SpriteFrame",
  "content": {
    "name": "0017",
    "atlas": "",
    "rect": {
      "x": 21,
      "y": 38,
      "width": 108,
      "height": 65
    },
    "offset": {
      "x": 0,
      "y": 4.5
    },
    "originalSize": {
      "width": 150,
      "height": 150
    },
    "rotated": false,
    "capInsets": [
      0,
      0,
      0,
      0
    ],
    "vertices": {
      "rawPosition": [
        -54,
        -32.5,
        0,
        54,
        -32.5,
        0,
        -54,
        32.5,
        0,
        54,
        32.5,
        0
      ],
      "indexes": [
        0,
        1,
        2,
        2,
        1,
        3
      ],
      "uv": [
        21,
        112,
        129,
        112,
        21,
        47,
        129,
        47
      ],
      "nuv": [
        0.14,
        0.31333333333333335,
        0.86,
        0.31333333333333335,
        0.14,
        0.7466666666666667,
        0.86,
        0.7466666666666667
      ],
      "minPos": {
        "x": -54,
        "y": -32.5,
        "z": 0
      },
      "maxPos": {
        "x": 54,
        "y": 32.5,
        "z": 0
      }
    },
    "texture": "3e43abf0-754a-4ee5-ab25-ec3e2bae76cf@6c48a",
    "packable": true,
    "pixelsToUnit": 100,
    "pivot": {
      "x": 0.5,
      "y": 0.5
    },
    "meshType": 0
  }
}