{
  "__type__": "cc.SpriteFrame",
  "content": {
    "name": "1_33",
    "atlas": "",
    "rect": {
      "x": 55,
      "y": 41,
      "width": 137,
      "height": 164
    },
    "offset": {
      "x": 13.5,
      "y": -13
    },
    "originalSize": {
      "width": 220,
      "height": 220
    },
    "rotated": false,
    "capInsets": [
      0,
      0,
      0,
      0
    ],
    "vertices": {
      "rawPosition": [
        -68.5,
        -82,
        0,
        68.5,
        -82,
        0,
        -68.5,
        82,
        0,
        68.5,
        82,
        0
      ],
      "indexes": [
        0,
        1,
        2,
        2,
        1,
        3
      ],
      "uv": [
        55,
        179,
        192,
        179,
        55,
        15,
        192,
        15
      ],
      "nuv": [
        0.25,
        0.06818181818181818,
        0.8727272727272727,
        0.06818181818181818,
        0.25,
        0.8136363636363636,
        0.8727272727272727,
        0.8136363636363636
      ],
      "minPos": {
        "x": -68.5,
        "y": -82,
        "z": 0
      },
      "maxPos": {
        "x": 68.5,
        "y": 82,
        "z": 0
      }
    },
    "texture": "3e476c88-7639-461a-af38-110264c2e74f@6c48a",
    "packable": true,
    "pixelsToUnit": 100,
    "pivot": {
      "x": 0.5,
      "y": 0.5
    },
    "meshType": 0
  }
}