{
  "__type__": "cc.SpriteFrame",
  "content": {
    "name": "1_08",
    "atlas": "",
    "rect": {
      "x": 43,
      "y": 49,
      "width": 149,
      "height": 159
    },
    "offset": {
      "x": 7.5,
      "y": -18.5
    },
    "originalSize": {
      "width": 220,
      "height": 220
    },
    "rotated": false,
    "capInsets": [
      0,
      0,
      0,
      0
    ],
    "vertices": {
      "rawPosition": [
        -74.5,
        -79.5,
        0,
        74.5,
        -79.5,
        0,
        -74.5,
        79.5,
        0,
        74.5,
        79.5,
        0
      ],
      "indexes": [
        0,
        1,
        2,
        2,
        1,
        3
      ],
      "uv": [
        43,
        171,
        192,
        171,
        43,
        12,
        192,
        12
      ],
      "nuv": [
        0.19545454545454546,
        0.05454545454545454,
        0.8727272727272727,
        0.05454545454545454,
        0.19545454545454546,
        0.7772727272727272,
        0.8727272727272727,
        0.7772727272727272
      ],
      "minPos": {
        "x": -74.5,
        "y": -79.5,
        "z": 0
      },
      "maxPos": {
        "x": 74.5,
        "y": 79.5,
        "z": 0
      }
    },
    "texture": "3e6737f3-45fa-4121-a4fe-c727b166e206@6c48a",
    "packable": true,
    "pixelsToUnit": 100,
    "pivot": {
      "x": 0.5,
      "y": 0.5
    },
    "meshType": 0
  }
}