{
  "__type__": "cc.SpriteFrame",
  "content": {
    "name": "1_28",
    "atlas": "",
    "rect": {
      "x": 31,
      "y": 45,
      "width": 146,
      "height": 161
    },
    "offset": {
      "x": -6,
      "y": -15.5
    },
    "originalSize": {
      "width": 220,
      "height": 220
    },
    "rotated": false,
    "capInsets": [
      0,
      0,
      0,
      0
    ],
    "vertices": {
      "rawPosition": [
        -73,
        -80.5,
        0,
        73,
        -80.5,
        0,
        -73,
        80.5,
        0,
        73,
        80.5,
        0
      ],
      "indexes": [
        0,
        1,
        2,
        2,
        1,
        3
      ],
      "uv": [
        31,
        175,
        177,
        175,
        31,
        14,
        177,
        14
      ],
      "nuv": [
        0.1409090909090909,
        0.06363636363636363,
        0.8045454545454546,
        0.06363636363636363,
        0.1409090909090909,
        0.7954545454545454,
        0.8045454545454546,
        0.7954545454545454
      ],
      "minPos": {
        "x": -73,
        "y": -80.5,
        "z": 0
      },
      "maxPos": {
        "x": 73,
        "y": 80.5,
        "z": 0
      }
    },
    "texture": "3e73e726-c6d8-4545-920e-e0479eb0aec1@6c48a",
    "packable": true,
    "pixelsToUnit": 100,
    "pivot": {
      "x": 0.5,
      "y": 0.5
    },
    "meshType": 0
  }
}