{
  "__type__": "cc.SpriteFrame",
  "content": {
    "name": "1_18",
    "atlas": "",
    "rect": {
      "x": 29,
      "y": 47,
      "width": 145,
      "height": 159
    },
    "offset": {
      "x": -8.5,
      "y": -16.5
    },
    "originalSize": {
      "width": 220,
      "height": 220
    },
    "rotated": false,
    "capInsets": [
      0,
      0,
      0,
      0
    ],
    "vertices": {
      "rawPosition": [
        -72.5,
        -79.5,
        0,
        72.5,
        -79.5,
        0,
        -72.5,
        79.5,
        0,
        72.5,
        79.5,
        0
      ],
      "indexes": [
        0,
        1,
        2,
        2,
        1,
        3
      ],
      "uv": [
        29,
        173,
        174,
        173,
        29,
        14,
        174,
        14
      ],
      "nuv": [
        0.1318181818181818,
        0.06363636363636363,
        0.7909090909090909,
        0.06363636363636363,
        0.1318181818181818,
        0.7863636363636364,
        0.7909090909090909,
        0.7863636363636364
      ],
      "minPos": {
        "x": -72.5,
        "y": -79.5,
        "z": 0
      },
      "maxPos": {
        "x": 72.5,
        "y": 79.5,
        "z": 0
      }
    },
    "texture": "3e99cc52-654d-47b8-97da-139d1c7d40e5@6c48a",
    "packable": true,
    "pixelsToUnit": 100,
    "pivot": {
      "x": 0.5,
      "y": 0.5
    },
    "meshType": 0
  }
}