{
  "__type__": "cc.SpriteFrame",
  "content": {
    "name": "1_11",
    "atlas": "",
    "rect": {
      "x": 39,
      "y": 43,
      "width": 145,
      "height": 163
    },
    "offset": {
      "x": 1.5,
      "y": -14.5
    },
    "originalSize": {
      "width": 220,
      "height": 220
    },
    "rotated": false,
    "capInsets": [
      0,
      0,
      0,
      0
    ],
    "vertices": {
      "rawPosition": [
        -72.5,
        -81.5,
        0,
        72.5,
        -81.5,
        0,
        -72.5,
        81.5,
        0,
        72.5,
        81.5,
        0
      ],
      "indexes": [
        0,
        1,
        2,
        2,
        1,
        3
      ],
      "uv": [
        39,
        177,
        184,
        177,
        39,
        14,
        184,
        14
      ],
      "nuv": [
        0.17727272727272728,
        0.06363636363636363,
        0.8363636363636363,
        0.06363636363636363,
        0.17727272727272728,
        0.8045454545454546,
        0.8363636363636363,
        0.8045454545454546
      ],
      "minPos": {
        "x": -72.5,
        "y": -81.5,
        "z": 0
      },
      "maxPos": {
        "x": 72.5,
        "y": 81.5,
        "z": 0
      }
    },
    "texture": "3eb028a8-141c-425e-9f73-c107e5aab793@6c48a",
    "packable": true,
    "pixelsToUnit": 100,
    "pivot": {
      "x": 0.5,
      "y": 0.5
    },
    "meshType": 0
  }
}