{
  "__type__": "cc.SpriteFrame",
  "content": {
    "name": "move_15",
    "atlas": "",
    "rect": {
      "x": 31,
      "y": 27,
      "width": 47,
      "height": 156
    },
    "offset": {
      "x": -5.5,
      "y": -7.5
    },
    "originalSize": {
      "width": 120,
      "height": 195
    },
    "rotated": false,
    "capInsets": [
      0,
      0,
      0,
      0
    ],
    "vertices": {
      "rawPosition": [
        -23.5,
        -78,
        0,
        23.5,
        -78,
        0,
        -23.5,
        78,
        0,
        23.5,
        78,
        0
      ],
      "indexes": [
        0,
        1,
        2,
        2,
        1,
        3
      ],
      "uv": [
        31,
        168,
        78,
        168,
        31,
        12,
        78,
        12
      ],
      "nuv": [
        0.25833333333333336,
        0.06153846153846154,
        0.65,
        0.06153846153846154,
        0.25833333333333336,
        0.8615384615384616,
        0.65,
        0.8615384615384616
      ],
      "minPos": {
        "x": -23.5,
        "y": -78,
        "z": 0
      },
      "maxPos": {
        "x": 23.5,
        "y": 78,
        "z": 0
      }
    },
    "texture": "3ecffb11-d508-4544-83f4-cde221fa767f@6c48a",
    "packable": true,
    "pixelsToUnit": 100,
    "pivot": {
      "x": 0.5,
      "y": 0.5
    },
    "meshType": 0
  }
}