{
  "__type__": "cc.SpriteFrame",
  "content": {
    "name": "1_14",
    "atlas": "",
    "rect": {
      "x": 50,
      "y": 48,
      "width": 133,
      "height": 157
    },
    "offset": {
      "x": 6.5,
      "y": -16.5
    },
    "originalSize": {
      "width": 220,
      "height": 220
    },
    "rotated": false,
    "capInsets": [
      0,
      0,
      0,
      0
    ],
    "vertices": {
      "rawPosition": [
        -66.5,
        -78.5,
        0,
        66.5,
        -78.5,
        0,
        -66.5,
        78.5,
        0,
        66.5,
        78.5,
        0
      ],
      "indexes": [
        0,
        1,
        2,
        2,
        1,
        3
      ],
      "uv": [
        50,
        172,
        183,
        172,
        50,
        15,
        183,
        15
      ],
      "nuv": [
        0.22727272727272727,
        0.06818181818181818,
        0.8318181818181818,
        0.06818181818181818,
        0.22727272727272727,
        0.7818181818181819,
        0.8318181818181818,
        0.7818181818181819
      ],
      "minPos": {
        "x": -66.5,
        "y": -78.5,
        "z": 0
      },
      "maxPos": {
        "x": 66.5,
        "y": 78.5,
        "z": 0
      }
    },
    "texture": "3efe61ea-23b2-4443-86f5-9759f61dafbe@6c48a",
    "packable": true,
    "pixelsToUnit": 100,
    "pivot": {
      "x": 0.5,
      "y": 0.5
    },
    "meshType": 0
  }
}