{
  "__type__": "cc.SpriteFrame",
  "content": {
    "name": "move_13",
    "atlas": "",
    "rect": {
      "x": 46,
      "y": 23,
      "width": 51,
      "height": 161
    },
    "offset": {
      "x": 11.5,
      "y": -6
    },
    "originalSize": {
      "width": 120,
      "height": 195
    },
    "rotated": false,
    "capInsets": [
      0,
      0,
      0,
      0
    ],
    "vertices": {
      "rawPosition": [
        -25.5,
        -80.5,
        0,
        25.5,
        -80.5,
        0,
        -25.5,
        80.5,
        0,
        25.5,
        80.5,
        0
      ],
      "indexes": [
        0,
        1,
        2,
        2,
        1,
        3
      ],
      "uv": [
        46,
        172,
        97,
        172,
        46,
        11,
        97,
        11
      ],
      "nuv": [
        0.38333333333333336,
        0.05641025641025641,
        0.8083333333333333,
        0.05641025641025641,
        0.38333333333333336,
        0.882051282051282,
        0.8083333333333333,
        0.882051282051282
      ],
      "minPos": {
        "x": -25.5,
        "y": -80.5,
        "z": 0
      },
      "maxPos": {
        "x": 25.5,
        "y": 80.5,
        "z": 0
      }
    },
    "texture": "4a78c24b-ecac-42b7-88bc-f3ced9003790@6c48a",
    "packable": true,
    "pixelsToUnit": 100,
    "pivot": {
      "x": 0.5,
      "y": 0.5
    },
    "meshType": 0
  }
}