{
  "__type__": "cc.SpriteFrame",
  "content": {
    "name": "tu01-stand_31",
    "atlas": "",
    "rect": {
      "x": 22,
      "y": 64,
      "width": 153,
      "height": 149
    },
    "offset": {
      "x": -11.5,
      "y": -28.5
    },
    "originalSize": {
      "width": 220,
      "height": 220
    },
    "rotated": false,
    "capInsets": [
      0,
      0,
      0,
      0
    ],
    "vertices": {
      "rawPosition": [
        -76.5,
        -74.5,
        0,
        76.5,
        -74.5,
        0,
        -76.5,
        74.5,
        0,
        76.5,
        74.5,
        0
      ],
      "indexes": [
        0,
        1,
        2,
        2,
        1,
        3
      ],
      "uv": [
        22,
        156,
        175,
        156,
        22,
        7,
        175,
        7
      ],
      "nuv": [
        0.1,
        0.031818181818181815,
        0.7954545454545454,
        0.031818181818181815,
        0.1,
        0.7090909090909091,
        0.7954545454545454,
        0.7090909090909091
      ],
      "minPos": {
        "x": -76.5,
        "y": -74.5,
        "z": 0
      },
      "maxPos": {
        "x": 76.5,
        "y": 74.5,
        "z": 0
      }
    },
    "texture": "4a9283c6-6250-4baa-ba81-8825f0546864@6c48a",
    "packable": true,
    "pixelsToUnit": 100,
    "pivot": {
      "x": 0.5,
      "y": 0.5
    },
    "meshType": 0
  }
}