{
  "__type__": "cc.SpriteFrame",
  "content": {
    "name": "1_44",
    "atlas": "",
    "rect": {
      "x": 32,
      "y": 45,
      "width": 135,
      "height": 156
    },
    "offset": {
      "x": -10.5,
      "y": -13
    },
    "originalSize": {
      "width": 220,
      "height": 220
    },
    "rotated": false,
    "capInsets": [
      0,
      0,
      0,
      0
    ],
    "vertices": {
      "rawPosition": [
        -67.5,
        -78,
        0,
        67.5,
        -78,
        0,
        -67.5,
        78,
        0,
        67.5,
        78,
        0
      ],
      "indexes": [
        0,
        1,
        2,
        2,
        1,
        3
      ],
      "uv": [
        32,
        175,
        167,
        175,
        32,
        19,
        167,
        19
      ],
      "nuv": [
        0.14545454545454545,
        0.08636363636363636,
        0.759090909090909,
        0.08636363636363636,
        0.14545454545454545,
        0.7954545454545454,
        0.759090909090909,
        0.7954545454545454
      ],
      "minPos": {
        "x": -67.5,
        "y": -78,
        "z": 0
      },
      "maxPos": {
        "x": 67.5,
        "y": 78,
        "z": 0
      }
    },
    "texture": "4aa80193-80ea-46e0-8952-965dabd35002@6c48a",
    "packable": true,
    "pixelsToUnit": 100,
    "pivot": {
      "x": 0.5,
      "y": 0.5
    },
    "meshType": 0
  }
}