{
  "__type__": "cc.SpriteFrame",
  "content": {
    "name": "1_16",
    "atlas": "",
    "rect": {
      "x": 47,
      "y": 55,
      "width": 136,
      "height": 147
    },
    "offset": {
      "x": 5,
      "y": -18.5
    },
    "originalSize": {
      "width": 220,
      "height": 220
    },
    "rotated": false,
    "capInsets": [
      0,
      0,
      0,
      0
    ],
    "vertices": {
      "rawPosition": [
        -68,
        -73.5,
        0,
        68,
        -73.5,
        0,
        -68,
        73.5,
        0,
        68,
        73.5,
        0
      ],
      "indexes": [
        0,
        1,
        2,
        2,
        1,
        3
      ],
      "uv": [
        47,
        165,
        183,
        165,
        47,
        18,
        183,
        18
      ],
      "nuv": [
        0.21363636363636362,
        0.08181818181818182,
        0.8318181818181818,
        0.08181818181818182,
        0.21363636363636362,
        0.75,
        0.8318181818181818,
        0.75
      ],
      "minPos": {
        "x": -68,
        "y": -73.5,
        "z": 0
      },
      "maxPos": {
        "x": 68,
        "y": 73.5,
        "z": 0
      }
    },
    "texture": "4aa96c4c-a457-4cb9-bd0a-c86018256ec7@6c48a",
    "packable": true,
    "pixelsToUnit": 100,
    "pivot": {
      "x": 0.5,
      "y": 0.5
    },
    "meshType": 0
  }
}