{
  "__type__": "cc.SpriteFrame",
  "content": {
    "name": "1_18",
    "atlas": "",
    "rect": {
      "x": 47,
      "y": 40,
      "width": 142,
      "height": 166
    },
    "offset": {
      "x": 8,
      "y": -13
    },
    "originalSize": {
      "width": 220,
      "height": 220
    },
    "rotated": false,
    "capInsets": [
      0,
      0,
      0,
      0
    ],
    "vertices": {
      "rawPosition": [
        -71,
        -83,
        0,
        71,
        -83,
        0,
        -71,
        83,
        0,
        71,
        83,
        0
      ],
      "indexes": [
        0,
        1,
        2,
        2,
        1,
        3
      ],
      "uv": [
        47,
        180,
        189,
        180,
        47,
        14,
        189,
        14
      ],
      "nuv": [
        0.21363636363636362,
        0.06363636363636363,
        0.8590909090909091,
        0.06363636363636363,
        0.21363636363636362,
        0.8181818181818182,
        0.8590909090909091,
        0.8181818181818182
      ],
      "minPos": {
        "x": -71,
        "y": -83,
        "z": 0
      },
      "maxPos": {
        "x": 71,
        "y": 83,
        "z": 0
      }
    },
    "texture": "4abe9355-4253-4cb5-90ea-88278b219c55@6c48a",
    "packable": true,
    "pixelsToUnit": 100,
    "pivot": {
      "x": 0.5,
      "y": 0.5
    },
    "meshType": 0
  }
}