{
  "__type__": "cc.SpriteFrame",
  "content": {
    "name": "1_34",
    "atlas": "",
    "rect": {
      "x": 16,
      "y": 14,
      "width": 191,
      "height": 190
    },
    "offset": {
      "x": 1.5,
      "y": 1
    },
    "originalSize": {
      "width": 220,
      "height": 220
    },
    "rotated": false,
    "capInsets": [
      0,
      0,
      0,
      0
    ],
    "vertices": {
      "rawPosition": [
        -95.5,
        -95,
        0,
        95.5,
        -95,
        0,
        -95.5,
        95,
        0,
        95.5,
        95,
        0
      ],
      "indexes": [
        0,
        1,
        2,
        2,
        1,
        3
      ],
      "uv": [
        16,
        206,
        207,
        206,
        16,
        16,
        207,
        16
      ],
      "nuv": [
        0.07272727272727272,
        0.07272727272727272,
        0.9409090909090909,
        0.07272727272727272,
        0.07272727272727272,
        0.9363636363636364,
        0.9409090909090909,
        0.9363636363636364
      ],
      "minPos": {
        "x": -95.5,
        "y": -95,
        "z": 0
      },
      "maxPos": {
        "x": 95.5,
        "y": 95,
        "z": 0
      }
    },
    "texture": "4ad57f14-0b4b-4c19-9375-5c6f9b2e2fb6@6c48a",
    "packable": true,
    "pixelsToUnit": 100,
    "pivot": {
      "x": 0.5,
      "y": 0.5
    },
    "meshType": 0
  }
}