{
  "__type__": "cc.SpriteFrame",
  "content": {
    "name": "1_34",
    "atlas": "",
    "rect": {
      "x": 54,
      "y": 40,
      "width": 134,
      "height": 165
    },
    "offset": {
      "x": 11,
      "y": -12.5
    },
    "originalSize": {
      "width": 220,
      "height": 220
    },
    "rotated": false,
    "capInsets": [
      0,
      0,
      0,
      0
    ],
    "vertices": {
      "rawPosition": [
        -67,
        -82.5,
        0,
        67,
        -82.5,
        0,
        -67,
        82.5,
        0,
        67,
        82.5,
        0
      ],
      "indexes": [
        0,
        1,
        2,
        2,
        1,
        3
      ],
      "uv": [
        54,
        180,
        188,
        180,
        54,
        15,
        188,
        15
      ],
      "nuv": [
        0.24545454545454545,
        0.06818181818181818,
        0.8545454545454545,
        0.06818181818181818,
        0.24545454545454545,
        0.8181818181818182,
        0.8545454545454545,
        0.8181818181818182
      ],
      "minPos": {
        "x": -67,
        "y": -82.5,
        "z": 0
      },
      "maxPos": {
        "x": 67,
        "y": 82.5,
        "z": 0
      }
    },
    "texture": "6d10a48a-d3d8-4760-b87c-6eab7d858f21@6c48a",
    "packable": true,
    "pixelsToUnit": 100,
    "pivot": {
      "x": 0.5,
      "y": 0.5
    },
    "meshType": 0
  }
}