{
  "__type__": "cc.SpriteFrame",
  "content": {
    "name": "tu01-stand1_82",
    "atlas": "",
    "rect": {
      "x": 25,
      "y": 70,
      "width": 145,
      "height": 143
    },
    "offset": {
      "x": -12.5,
      "y": -31.5
    },
    "originalSize": {
      "width": 220,
      "height": 220
    },
    "rotated": false,
    "capInsets": [
      0,
      0,
      0,
      0
    ],
    "vertices": {
      "rawPosition": [
        -72.5,
        -71.5,
        0,
        72.5,
        -71.5,
        0,
        -72.5,
        71.5,
        0,
        72.5,
        71.5,
        0
      ],
      "indexes": [
        0,
        1,
        2,
        2,
        1,
        3
      ],
      "uv": [
        25,
        150,
        170,
        150,
        25,
        7,
        170,
        7
      ],
      "nuv": [
        0.11363636363636363,
        0.031818181818181815,
        0.7727272727272727,
        0.031818181818181815,
        0.11363636363636363,
        0.6818181818181818,
        0.7727272727272727,
        0.6818181818181818
      ],
      "minPos": {
        "x": -72.5,
        "y": -71.5,
        "z": 0
      },
      "maxPos": {
        "x": 72.5,
        "y": 71.5,
        "z": 0
      }
    },
    "texture": "6dba87a2-7be5-41a4-baa7-268cc0990e75@6c48a",
    "packable": true,
    "pixelsToUnit": 100,
    "pivot": {
      "x": 0.5,
      "y": 0.5
    },
    "meshType": 0
  }
}