{
  "__type__": "cc.SpriteFrame",
  "content": {
    "name": "1_15",
    "atlas": "",
    "rect": {
      "x": 43,
      "y": 47,
      "width": 145,
      "height": 159
    },
    "offset": {
      "x": 5.5,
      "y": -16.5
    },
    "originalSize": {
      "width": 220,
      "height": 220
    },
    "rotated": false,
    "capInsets": [
      0,
      0,
      0,
      0
    ],
    "vertices": {
      "rawPosition": [
        -72.5,
        -79.5,
        0,
        72.5,
        -79.5,
        0,
        -72.5,
        79.5,
        0,
        72.5,
        79.5,
        0
      ],
      "indexes": [
        0,
        1,
        2,
        2,
        1,
        3
      ],
      "uv": [
        43,
        173,
        188,
        173,
        43,
        14,
        188,
        14
      ],
      "nuv": [
        0.19545454545454546,
        0.06363636363636363,
        0.8545454545454545,
        0.06363636363636363,
        0.19545454545454546,
        0.7863636363636364,
        0.8545454545454545,
        0.7863636363636364
      ],
      "minPos": {
        "x": -72.5,
        "y": -79.5,
        "z": 0
      },
      "maxPos": {
        "x": 72.5,
        "y": 79.5,
        "z": 0
      }
    },
    "texture": "6dc63193-91d1-4414-a5f7-8db6a8a2106c@6c48a",
    "packable": true,
    "pixelsToUnit": 100,
    "pivot": {
      "x": 0.5,
      "y": 0.5
    },
    "meshType": 0
  }
}