{
  "__type__": "cc.SpriteFrame",
  "content": {
    "name": "1_33",
    "atlas": "",
    "rect": {
      "x": 39,
      "y": 45,
      "width": 144,
      "height": 154
    },
    "offset": {
      "x": 1,
      "y": -12
    },
    "originalSize": {
      "width": 220,
      "height": 220
    },
    "rotated": false,
    "capInsets": [
      0,
      0,
      0,
      0
    ],
    "vertices": {
      "rawPosition": [
        -72,
        -77,
        0,
        72,
        -77,
        0,
        -72,
        77,
        0,
        72,
        77,
        0
      ],
      "indexes": [
        0,
        1,
        2,
        2,
        1,
        3
      ],
      "uv": [
        39,
        175,
        183,
        175,
        39,
        21,
        183,
        21
      ],
      "nuv": [
        0.17727272727272728,
        0.09545454545454546,
        0.8318181818181818,
        0.09545454545454546,
        0.17727272727272728,
        0.7954545454545454,
        0.8318181818181818,
        0.7954545454545454
      ],
      "minPos": {
        "x": -72,
        "y": -77,
        "z": 0
      },
      "maxPos": {
        "x": 72,
        "y": 77,
        "z": 0
      }
    },
    "texture": "de007585-fa44-4ba9-926f-cbdb1e2ab520@6c48a",
    "packable": true,
    "pixelsToUnit": 100,
    "pivot": {
      "x": 0.5,
      "y": 0.5
    },
    "meshType": 0
  }
}