{
  "__type__": "cc.SpriteFrame",
  "content": {
    "name": "1_13",
    "atlas": "",
    "rect": {
      "x": 55,
      "y": 50,
      "width": 140,
      "height": 158
    },
    "offset": {
      "x": 15,
      "y": -19
    },
    "originalSize": {
      "width": 220,
      "height": 220
    },
    "rotated": false,
    "capInsets": [
      0,
      0,
      0,
      0
    ],
    "vertices": {
      "rawPosition": [
        -70,
        -79,
        0,
        70,
        -79,
        0,
        -70,
        79,
        0,
        70,
        79,
        0
      ],
      "indexes": [
        0,
        1,
        2,
        2,
        1,
        3
      ],
      "uv": [
        55,
        170,
        195,
        170,
        55,
        12,
        195,
        12
      ],
      "nuv": [
        0.25,
        0.05454545454545454,
        0.8863636363636364,
        0.05454545454545454,
        0.25,
        0.7727272727272727,
        0.8863636363636364,
        0.7727272727272727
      ],
      "minPos": {
        "x": -70,
        "y": -79,
        "z": 0
      },
      "maxPos": {
        "x": 70,
        "y": 79,
        "z": 0
      }
    },
    "texture": "de4eba5a-8546-4056-854f-d708a784336f@6c48a",
    "packable": true,
    "pixelsToUnit": 100,
    "pivot": {
      "x": 0.5,
      "y": 0.5
    },
    "meshType": 0
  }
}