{
  "__type__": "cc.SpriteFrame",
  "content": {
    "name": "1_10",
    "atlas": "",
    "rect": {
      "x": 48,
      "y": 47,
      "width": 141,
      "height": 159
    },
    "offset": {
      "x": 8.5,
      "y": -16.5
    },
    "originalSize": {
      "width": 220,
      "height": 220
    },
    "rotated": false,
    "capInsets": [
      0,
      0,
      0,
      0
    ],
    "vertices": {
      "rawPosition": [
        -70.5,
        -79.5,
        0,
        70.5,
        -79.5,
        0,
        -70.5,
        79.5,
        0,
        70.5,
        79.5,
        0
      ],
      "indexes": [
        0,
        1,
        2,
        2,
        1,
        3
      ],
      "uv": [
        48,
        173,
        189,
        173,
        48,
        14,
        189,
        14
      ],
      "nuv": [
        0.21818181818181817,
        0.06363636363636363,
        0.8590909090909091,
        0.06363636363636363,
        0.21818181818181817,
        0.7863636363636364,
        0.8590909090909091,
        0.7863636363636364
      ],
      "minPos": {
        "x": -70.5,
        "y": -79.5,
        "z": 0
      },
      "maxPos": {
        "x": 70.5,
        "y": 79.5,
        "z": 0
      }
    },
    "texture": "f009df48-b682-4497-9677-2fb6dbbfc896@6c48a",
    "packable": true,
    "pixelsToUnit": 100,
    "pivot": {
      "x": 0.5,
      "y": 0.5
    },
    "meshType": 0
  }
}