{
  "__type__": "cc.SpriteFrame",
  "content": {
    "name": "1_034",
    "atlas": "",
    "rect": {
      "x": 79,
      "y": 90,
      "width": 191,
      "height": 195
    },
    "offset": {
      "x": -13,
      "y": -25.5
    },
    "originalSize": {
      "width": 375,
      "height": 324
    },
    "rotated": false,
    "capInsets": [
      0,
      0,
      0,
      0
    ],
    "vertices": {
      "rawPosition": [
        -95.5,
        -97.5,
        0,
        95.5,
        -97.5,
        0,
        -95.5,
        97.5,
        0,
        95.5,
        97.5,
        0
      ],
      "indexes": [
        0,
        1,
        2,
        2,
        1,
        3
      ],
      "uv": [
        79,
        234,
        270,
        234,
        79,
        39,
        270,
        39
      ],
      "nuv": [
        0.21066666666666667,
        0.12037037037037036,
        0.72,
        0.12037037037037036,
        0.21066666666666667,
        0.7222222222222222,
        0.72,
        0.7222222222222222
      ],
      "minPos": {
        "x": -95.5,
        "y": -97.5,
        "z": 0
      },
      "maxPos": {
        "x": 95.5,
        "y": 97.5,
        "z": 0
      }
    },
    "texture": "f0200cd7-820a-4e14-9971-26700f838496@6c48a",
    "packable": true,
    "pixelsToUnit": 100,
    "pivot": {
      "x": 0.5,
      "y": 0.5
    },
    "meshType": 0
  }
}