{
  "__type__": "cc.SpriteFrame",
  "content": {
    "name": "sit_03",
    "atlas": "",
    "rect": {
      "x": 43,
      "y": 33,
      "width": 56,
      "height": 152
    },
    "offset": {
      "x": 3.5,
      "y": -11.5
    },
    "originalSize": {
      "width": 135,
      "height": 195
    },
    "rotated": false,
    "capInsets": [
      0,
      0,
      0,
      0
    ],
    "vertices": {
      "rawPosition": [
        -28,
        -76,
        0,
        28,
        -76,
        0,
        -28,
        76,
        0,
        28,
        76,
        0
      ],
      "indexes": [
        0,
        1,
        2,
        2,
        1,
        3
      ],
      "uv": [
        43,
        162,
        99,
        162,
        43,
        10,
        99,
        10
      ],
      "nuv": [
        0.31851851851851853,
        0.05128205128205128,
        0.7333333333333333,
        0.05128205128205128,
        0.31851851851851853,
        0.8307692307692308,
        0.7333333333333333,
        0.8307692307692308
      ],
      "minPos": {
        "x": -28,
        "y": -76,
        "z": 0
      },
      "maxPos": {
        "x": 28,
        "y": 76,
        "z": 0
      }
    },
    "texture": "f089433c-cbc3-472b-9e3e-b6cebc802c22@6c48a",
    "packable": true,
    "pixelsToUnit": 100,
    "pivot": {
      "x": 0.5,
      "y": 0.5
    },
    "meshType": 0
  }
}