{
  "__type__": "cc.SpriteFrame",
  "content": {
    "name": "1_34",
    "atlas": "",
    "rect": {
      "x": 50,
      "y": 58,
      "width": 130,
      "height": 139
    },
    "offset": {
      "x": 5,
      "y": -17.5
    },
    "originalSize": {
      "width": 220,
      "height": 220
    },
    "rotated": false,
    "capInsets": [
      0,
      0,
      0,
      0
    ],
    "vertices": {
      "rawPosition": [
        -65,
        -69.5,
        0,
        65,
        -69.5,
        0,
        -65,
        69.5,
        0,
        65,
        69.5,
        0
      ],
      "indexes": [
        0,
        1,
        2,
        2,
        1,
        3
      ],
      "uv": [
        50,
        162,
        180,
        162,
        50,
        23,
        180,
        23
      ],
      "nuv": [
        0.22727272727272727,
        0.10454545454545454,
        0.8181818181818182,
        0.10454545454545454,
        0.22727272727272727,
        0.7363636363636363,
        0.8181818181818182,
        0.7363636363636363
      ],
      "minPos": {
        "x": -65,
        "y": -69.5,
        "z": 0
      },
      "maxPos": {
        "x": 65,
        "y": 69.5,
        "z": 0
      }
    },
    "texture": "f0cb9f61-fab0-417d-a07d-4095a067fe88@6c48a",
    "packable": true,
    "pixelsToUnit": 100,
    "pivot": {
      "x": 0.5,
      "y": 0.5
    },
    "meshType": 0
  }
}