{
  "__type__": "cc.SpriteFrame",
  "content": {
    "name": "1_11",
    "atlas": "",
    "rect": {
      "x": 42,
      "y": 45,
      "width": 138,
      "height": 160
    },
    "offset": {
      "x": 1,
      "y": -15
    },
    "originalSize": {
      "width": 220,
      "height": 220
    },
    "rotated": false,
    "capInsets": [
      0,
      0,
      0,
      0
    ],
    "vertices": {
      "rawPosition": [
        -69,
        -80,
        0,
        69,
        -80,
        0,
        -69,
        80,
        0,
        69,
        80,
        0
      ],
      "indexes": [
        0,
        1,
        2,
        2,
        1,
        3
      ],
      "uv": [
        42,
        175,
        180,
        175,
        42,
        15,
        180,
        15
      ],
      "nuv": [
        0.19090909090909092,
        0.06818181818181818,
        0.8181818181818182,
        0.06818181818181818,
        0.19090909090909092,
        0.7954545454545454,
        0.8181818181818182,
        0.7954545454545454
      ],
      "minPos": {
        "x": -69,
        "y": -80,
        "z": 0
      },
      "maxPos": {
        "x": 69,
        "y": 80,
        "z": 0
      }
    },
    "texture": "da3c6db8-9755-4e53-bc83-9ee27413c68b@6c48a",
    "packable": true,
    "pixelsToUnit": 100,
    "pivot": {
      "x": 0.5,
      "y": 0.5
    },
    "meshType": 0
  }
}