{
  "__type__": "cc.SpriteFrame",
  "content": {
    "name": "1_037",
    "atlas": "",
    "rect": {
      "x": 79,
      "y": 80,
      "width": 191,
      "height": 205
    },
    "offset": {
      "x": -13,
      "y": -20.5
    },
    "originalSize": {
      "width": 375,
      "height": 324
    },
    "rotated": false,
    "capInsets": [
      0,
      0,
      0,
      0
    ],
    "vertices": {
      "rawPosition": [
        -95.5,
        -102.5,
        0,
        95.5,
        -102.5,
        0,
        -95.5,
        102.5,
        0,
        95.5,
        102.5,
        0
      ],
      "indexes": [
        0,
        1,
        2,
        2,
        1,
        3
      ],
      "uv": [
        79,
        244,
        270,
        244,
        79,
        39,
        270,
        39
      ],
      "nuv": [
        0.21066666666666667,
        0.12037037037037036,
        0.72,
        0.12037037037037036,
        0.21066666666666667,
        0.7530864197530864,
        0.72,
        0.7530864197530864
      ],
      "minPos": {
        "x": -95.5,
        "y": -102.5,
        "z": 0
      },
      "maxPos": {
        "x": 95.5,
        "y": 102.5,
        "z": 0
      }
    },
    "texture": "da5c4a73-067d-4f53-85ba-ac422168fdf4@6c48a",
    "packable": true,
    "pixelsToUnit": 100,
    "pivot": {
      "x": 0.5,
      "y": 0.5
    },
    "meshType": 0
  }
}