{
  "__type__": "cc.SpriteFrame",
  "content": {
    "name": "1_17",
    "atlas": "",
    "rect": {
      "x": 45,
      "y": 47,
      "width": 141,
      "height": 159
    },
    "offset": {
      "x": 5.5,
      "y": -16.5
    },
    "originalSize": {
      "width": 220,
      "height": 220
    },
    "rotated": false,
    "capInsets": [
      0,
      0,
      0,
      0
    ],
    "vertices": {
      "rawPosition": [
        -70.5,
        -79.5,
        0,
        70.5,
        -79.5,
        0,
        -70.5,
        79.5,
        0,
        70.5,
        79.5,
        0
      ],
      "indexes": [
        0,
        1,
        2,
        2,
        1,
        3
      ],
      "uv": [
        45,
        173,
        186,
        173,
        45,
        14,
        186,
        14
      ],
      "nuv": [
        0.20454545454545456,
        0.06363636363636363,
        0.8454545454545455,
        0.06363636363636363,
        0.20454545454545456,
        0.7863636363636364,
        0.8454545454545455,
        0.7863636363636364
      ],
      "minPos": {
        "x": -70.5,
        "y": -79.5,
        "z": 0
      },
      "maxPos": {
        "x": 70.5,
        "y": 79.5,
        "z": 0
      }
    },
    "texture": "dadab1fb-3a08-4a0c-bdce-851784a5674d@6c48a",
    "packable": true,
    "pixelsToUnit": 100,
    "pivot": {
      "x": 0.5,
      "y": 0.5
    },
    "meshType": 0
  }
}