{
  "__type__": "cc.SpriteFrame",
  "content": {
    "name": "1_56",
    "atlas": "",
    "rect": {
      "x": 11,
      "y": 53,
      "width": 147,
      "height": 86
    },
    "offset": {
      "x": -25.5,
      "y": 14
    },
    "originalSize": {
      "width": 220,
      "height": 220
    },
    "rotated": false,
    "capInsets": [
      0,
      0,
      0,
      0
    ],
    "vertices": {
      "rawPosition": [
        -73.5,
        -43,
        0,
        73.5,
        -43,
        0,
        -73.5,
        43,
        0,
        73.5,
        43,
        0
      ],
      "indexes": [
        0,
        1,
        2,
        2,
        1,
        3
      ],
      "uv": [
        11,
        167,
        158,
        167,
        11,
        81,
        158,
        81
      ],
      "nuv": [
        0.05,
        0.36818181818181817,
        0.7181818181818181,
        0.36818181818181817,
        0.05,
        0.759090909090909,
        0.7181818181818181,
        0.759090909090909
      ],
      "minPos": {
        "x": -73.5,
        "y": -43,
        "z": 0
      },
      "maxPos": {
        "x": 73.5,
        "y": 43,
        "z": 0
      }
    },
    "texture": "dae5a884-1e26-4312-a137-6f75334d9ea2@6c48a",
    "packable": true,
    "pixelsToUnit": 100,
    "pivot": {
      "x": 0.5,
      "y": 0.5
    },
    "meshType": 0
  }
}