{
  "__type__": "cc.SpriteFrame",
  "content": {
    "name": "1_37",
    "atlas": "",
    "rect": {
      "x": 38,
      "y": 48,
      "width": 133,
      "height": 153
    },
    "offset": {
      "x": -5.5,
      "y": -14.5
    },
    "originalSize": {
      "width": 220,
      "height": 220
    },
    "rotated": false,
    "capInsets": [
      0,
      0,
      0,
      0
    ],
    "vertices": {
      "rawPosition": [
        -66.5,
        -76.5,
        0,
        66.5,
        -76.5,
        0,
        -66.5,
        76.5,
        0,
        66.5,
        76.5,
        0
      ],
      "indexes": [
        0,
        1,
        2,
        2,
        1,
        3
      ],
      "uv": [
        38,
        172,
        171,
        172,
        38,
        19,
        171,
        19
      ],
      "nuv": [
        0.17272727272727273,
        0.08636363636363636,
        0.7772727272727272,
        0.08636363636363636,
        0.17272727272727273,
        0.7818181818181819,
        0.7772727272727272,
        0.7818181818181819
      ],
      "minPos": {
        "x": -66.5,
        "y": -76.5,
        "z": 0
      },
      "maxPos": {
        "x": 66.5,
        "y": 76.5,
        "z": 0
      }
    },
    "texture": "daeb76e4-be6d-4dde-a61f-98d888fa1dcd@6c48a",
    "packable": true,
    "pixelsToUnit": 100,
    "pivot": {
      "x": 0.5,
      "y": 0.5
    },
    "meshType": 0
  }
}