{
  "__type__": "cc.SpriteFrame",
  "content": {
    "name": "1_10",
    "atlas": "",
    "rect": {
      "x": 31,
      "y": 30,
      "width": 159,
      "height": 159
    },
    "offset": {
      "x": 0.5,
      "y": 0.5
    },
    "originalSize": {
      "width": 220,
      "height": 220
    },
    "rotated": false,
    "capInsets": [
      0,
      0,
      0,
      0
    ],
    "vertices": {
      "rawPosition": [
        -79.5,
        -79.5,
        0,
        79.5,
        -79.5,
        0,
        -79.5,
        79.5,
        0,
        79.5,
        79.5,
        0
      ],
      "indexes": [
        0,
        1,
        2,
        2,
        1,
        3
      ],
      "uv": [
        31,
        190,
        190,
        190,
        31,
        31,
        190,
        31
      ],
      "nuv": [
        0.1409090909090909,
        0.1409090909090909,
        0.8636363636363636,
        0.1409090909090909,
        0.1409090909090909,
        0.8636363636363636,
        0.8636363636363636,
        0.8636363636363636
      ],
      "minPos": {
        "x": -79.5,
        "y": -79.5,
        "z": 0
      },
      "maxPos": {
        "x": 79.5,
        "y": 79.5,
        "z": 0
      }
    },
    "texture": "9a40eb36-4c04-48b7-af5c-d611793fbad1@6c48a",
    "packable": true,
    "pixelsToUnit": 100,
    "pivot": {
      "x": 0.5,
      "y": 0.5
    },
    "meshType": 0
  }
}