{
  "__type__": "cc.SpriteFrame",
  "content": {
    "name": "move_07",
    "atlas": "",
    "rect": {
      "x": 46,
      "y": 25,
      "width": 48,
      "height": 157
    },
    "offset": {
      "x": 2.5,
      "y": -6
    },
    "originalSize": {
      "width": 135,
      "height": 195
    },
    "rotated": false,
    "capInsets": [
      0,
      0,
      0,
      0
    ],
    "vertices": {
      "rawPosition": [
        -24,
        -78.5,
        0,
        24,
        -78.5,
        0,
        -24,
        78.5,
        0,
        24,
        78.5,
        0
      ],
      "indexes": [
        0,
        1,
        2,
        2,
        1,
        3
      ],
      "uv": [
        46,
        170,
        94,
        170,
        46,
        13,
        94,
        13
      ],
      "nuv": [
        0.34074074074074073,
        0.06666666666666667,
        0.6962962962962963,
        0.06666666666666667,
        0.34074074074074073,
        0.8717948717948718,
        0.6962962962962963,
        0.8717948717948718
      ],
      "minPos": {
        "x": -24,
        "y": -78.5,
        "z": 0
      },
      "maxPos": {
        "x": 24,
        "y": 78.5,
        "z": 0
      }
    },
    "texture": "9a419770-0be9-4cec-8b57-5aead6f56035@6c48a",
    "packable": true,
    "pixelsToUnit": 100,
    "pivot": {
      "x": 0.5,
      "y": 0.5
    },
    "meshType": 0
  }
}