{
  "__type__": "cc.SpriteFrame",
  "content": {
    "name": "idle_06",
    "atlas": "",
    "rect": {
      "x": 30,
      "y": 25,
      "width": 51,
      "height": 157
    },
    "offset": {
      "x": -4.5,
      "y": -6
    },
    "originalSize": {
      "width": 120,
      "height": 195
    },
    "rotated": false,
    "capInsets": [
      0,
      0,
      0,
      0
    ],
    "vertices": {
      "rawPosition": [
        -25.5,
        -78.5,
        0,
        25.5,
        -78.5,
        0,
        -25.5,
        78.5,
        0,
        25.5,
        78.5,
        0
      ],
      "indexes": [
        0,
        1,
        2,
        2,
        1,
        3
      ],
      "uv": [
        30,
        170,
        81,
        170,
        30,
        13,
        81,
        13
      ],
      "nuv": [
        0.25,
        0.06666666666666667,
        0.675,
        0.06666666666666667,
        0.25,
        0.8717948717948718,
        0.675,
        0.8717948717948718
      ],
      "minPos": {
        "x": -25.5,
        "y": -78.5,
        "z": 0
      },
      "maxPos": {
        "x": 25.5,
        "y": 78.5,
        "z": 0
      }
    },
    "texture": "9a629603-2dd2-4d36-ac3b-e2f7e7b0a57c@6c48a",
    "packable": true,
    "pixelsToUnit": 100,
    "pivot": {
      "x": 0.5,
      "y": 0.5
    },
    "meshType": 0
  }
}