{
  "__type__": "cc.SpriteFrame",
  "content": {
    "name": "tu01-stand_58",
    "atlas": "",
    "rect": {
      "x": 22,
      "y": 64,
      "width": 150,
      "height": 149
    },
    "offset": {
      "x": -13,
      "y": -28.5
    },
    "originalSize": {
      "width": 220,
      "height": 220
    },
    "rotated": false,
    "capInsets": [
      0,
      0,
      0,
      0
    ],
    "vertices": {
      "rawPosition": [
        -75,
        -74.5,
        0,
        75,
        -74.5,
        0,
        -75,
        74.5,
        0,
        75,
        74.5,
        0
      ],
      "indexes": [
        0,
        1,
        2,
        2,
        1,
        3
      ],
      "uv": [
        22,
        156,
        172,
        156,
        22,
        7,
        172,
        7
      ],
      "nuv": [
        0.1,
        0.031818181818181815,
        0.7818181818181819,
        0.031818181818181815,
        0.1,
        0.7090909090909091,
        0.7818181818181819,
        0.7090909090909091
      ],
      "minPos": {
        "x": -75,
        "y": -74.5,
        "z": 0
      },
      "maxPos": {
        "x": 75,
        "y": 74.5,
        "z": 0
      }
    },
    "texture": "ff03d652-ae48-4614-899f-0d8335fcba05@6c48a",
    "packable": true,
    "pixelsToUnit": 100,
    "pivot": {
      "x": 0.5,
      "y": 0.5
    },
    "meshType": 0
  }
}