{
  "__type__": "cc.SpriteFrame",
  "content": {
    "name": "sit2_01",
    "atlas": "",
    "rect": {
      "x": 24,
      "y": 25,
      "width": 53,
      "height": 159
    },
    "offset": {
      "x": -9.5,
      "y": -7
    },
    "originalSize": {
      "width": 120,
      "height": 195
    },
    "rotated": false,
    "capInsets": [
      0,
      0,
      0,
      0
    ],
    "vertices": {
      "rawPosition": [
        -26.5,
        -79.5,
        0,
        26.5,
        -79.5,
        0,
        -26.5,
        79.5,
        0,
        26.5,
        79.5,
        0
      ],
      "indexes": [
        0,
        1,
        2,
        2,
        1,
        3
      ],
      "uv": [
        24,
        170,
        77,
        170,
        24,
        11,
        77,
        11
      ],
      "nuv": [
        0.2,
        0.05641025641025641,
        0.6416666666666667,
        0.05641025641025641,
        0.2,
        0.8717948717948718,
        0.6416666666666667,
        0.8717948717948718
      ],
      "minPos": {
        "x": -26.5,
        "y": -79.5,
        "z": 0
      },
      "maxPos": {
        "x": 26.5,
        "y": 79.5,
        "z": 0
      }
    },
    "texture": "ff304420-db08-4e31-ab48-b53581373ebe@6c48a",
    "packable": true,
    "pixelsToUnit": 100,
    "pivot": {
      "x": 0.5,
      "y": 0.5
    },
    "meshType": 0
  }
}