{
  "__type__": "cc.SpriteFrame",
  "content": {
    "name": "1_37",
    "atlas": "",
    "rect": {
      "x": 33,
      "y": 49,
      "width": 139,
      "height": 153
    },
    "offset": {
      "x": -7.5,
      "y": -15.5
    },
    "originalSize": {
      "width": 220,
      "height": 220
    },
    "rotated": false,
    "capInsets": [
      0,
      0,
      0,
      0
    ],
    "vertices": {
      "rawPosition": [
        -69.5,
        -76.5,
        0,
        69.5,
        -76.5,
        0,
        -69.5,
        76.5,
        0,
        69.5,
        76.5,
        0
      ],
      "indexes": [
        0,
        1,
        2,
        2,
        1,
        3
      ],
      "uv": [
        33,
        171,
        172,
        171,
        33,
        18,
        172,
        18
      ],
      "nuv": [
        0.15,
        0.08181818181818182,
        0.7818181818181819,
        0.08181818181818182,
        0.15,
        0.7772727272727272,
        0.7818181818181819,
        0.7772727272727272
      ],
      "minPos": {
        "x": -69.5,
        "y": -76.5,
        "z": 0
      },
      "maxPos": {
        "x": 69.5,
        "y": 76.5,
        "z": 0
      }
    },
    "texture": "ff4ed3be-8c70-4c95-86ee-82ba40077fff@6c48a",
    "packable": true,
    "pixelsToUnit": 100,
    "pivot": {
      "x": 0.5,
      "y": 0.5
    },
    "meshType": 0
  }
}