{
  "__type__": "cc.SpriteFrame",
  "content": {
    "name": "1_36",
    "atlas": "",
    "rect": {
      "x": 25,
      "y": 29,
      "width": 151,
      "height": 138
    },
    "offset": {
      "x": -9.5,
      "y": 12
    },
    "originalSize": {
      "width": 220,
      "height": 220
    },
    "rotated": false,
    "capInsets": [
      0,
      0,
      0,
      0
    ],
    "vertices": {
      "rawPosition": [
        -75.5,
        -69,
        0,
        75.5,
        -69,
        0,
        -75.5,
        69,
        0,
        75.5,
        69,
        0
      ],
      "indexes": [
        0,
        1,
        2,
        2,
        1,
        3
      ],
      "uv": [
        25,
        191,
        176,
        191,
        25,
        53,
        176,
        53
      ],
      "nuv": [
        0.11363636363636363,
        0.2409090909090909,
        0.8,
        0.2409090909090909,
        0.11363636363636363,
        0.8681818181818182,
        0.8,
        0.8681818181818182
      ],
      "minPos": {
        "x": -75.5,
        "y": -69,
        "z": 0
      },
      "maxPos": {
        "x": 75.5,
        "y": 69,
        "z": 0
      }
    },
    "texture": "fff14819-8c4f-4ca6-9bb8-7ee2ac26bab6@6c48a",
    "packable": true,
    "pixelsToUnit": 100,
    "pivot": {
      "x": 0.5,
      "y": 0.5
    },
    "meshType": 0
  }
}