{
  "__type__": "cc.SpriteFrame",
  "content": {
    "name": "1_03",
    "atlas": "",
    "rect": {
      "x": 41,
      "y": 70,
      "width": 126,
      "height": 84
    },
    "offset": {
      "x": -6,
      "y": -2
    },
    "originalSize": {
      "width": 220,
      "height": 220
    },
    "rotated": false,
    "capInsets": [
      0,
      0,
      0,
      0
    ],
    "vertices": {
      "rawPosition": [
        -63,
        -42,
        0,
        63,
        -42,
        0,
        -63,
        42,
        0,
        63,
        42,
        0
      ],
      "indexes": [
        0,
        1,
        2,
        2,
        1,
        3
      ],
      "uv": [
        41,
        150,
        167,
        150,
        41,
        66,
        167,
        66
      ],
      "nuv": [
        0.18636363636363637,
        0.3,
        0.759090909090909,
        0.3,
        0.18636363636363637,
        0.6818181818181818,
        0.759090909090909,
        0.6818181818181818
      ],
      "minPos": {
        "x": -63,
        "y": -42,
        "z": 0
      },
      "maxPos": {
        "x": 63,
        "y": 42,
        "z": 0
      }
    },
    "texture": "dd238756-5a72-4ac1-a3b0-deff69f6515f@6c48a",
    "packable": true,
    "pixelsToUnit": 100,
    "pivot": {
      "x": 0.5,
      "y": 0.5
    },
    "meshType": 0
  }
}