{
  "__type__": "cc.SpriteFrame",
  "content": {
    "name": "1_32",
    "atlas": "",
    "rect": {
      "x": 56,
      "y": 42,
      "width": 136,
      "height": 163
    },
    "offset": {
      "x": 14,
      "y": -13.5
    },
    "originalSize": {
      "width": 220,
      "height": 220
    },
    "rotated": false,
    "capInsets": [
      0,
      0,
      0,
      0
    ],
    "vertices": {
      "rawPosition": [
        -68,
        -81.5,
        0,
        68,
        -81.5,
        0,
        -68,
        81.5,
        0,
        68,
        81.5,
        0
      ],
      "indexes": [
        0,
        1,
        2,
        2,
        1,
        3
      ],
      "uv": [
        56,
        178,
        192,
        178,
        56,
        15,
        192,
        15
      ],
      "nuv": [
        0.2545454545454545,
        0.06818181818181818,
        0.8727272727272727,
        0.06818181818181818,
        0.2545454545454545,
        0.8090909090909091,
        0.8727272727272727,
        0.8090909090909091
      ],
      "minPos": {
        "x": -68,
        "y": -81.5,
        "z": 0
      },
      "maxPos": {
        "x": 68,
        "y": 81.5,
        "z": 0
      }
    },
    "texture": "dd3a099c-8781-4c56-8a5b-bb7b40b5852e@6c48a",
    "packable": true,
    "pixelsToUnit": 100,
    "pivot": {
      "x": 0.5,
      "y": 0.5
    },
    "meshType": 0
  }
}