{
  "__type__": "cc.SpriteFrame",
  "content": {
    "name": "1_088",
    "atlas": "",
    "rect": {
      "x": 21,
      "y": 63,
      "width": 298,
      "height": 238
    },
    "offset": {
      "x": -17.5,
      "y": -20
    },
    "originalSize": {
      "width": 375,
      "height": 324
    },
    "rotated": false,
    "capInsets": [
      0,
      0,
      0,
      0
    ],
    "vertices": {
      "rawPosition": [
        -149,
        -119,
        0,
        149,
        -119,
        0,
        -149,
        119,
        0,
        149,
        119,
        0
      ],
      "indexes": [
        0,
        1,
        2,
        2,
        1,
        3
      ],
      "uv": [
        21,
        261,
        319,
        261,
        21,
        23,
        319,
        23
      ],
      "nuv": [
        0.056,
        0.07098765432098765,
        0.8506666666666667,
        0.07098765432098765,
        0.056,
        0.8055555555555556,
        0.8506666666666667,
        0.8055555555555556
      ],
      "minPos": {
        "x": -149,
        "y": -119,
        "z": 0
      },
      "maxPos": {
        "x": 149,
        "y": 119,
        "z": 0
      }
    },
    "texture": "dd5d35b0-0d28-4ef1-8caf-f5e432cb3166@6c48a",
    "packable": true,
    "pixelsToUnit": 100,
    "pivot": {
      "x": 0.5,
      "y": 0.5
    },
    "meshType": 0
  }
}