{
  "__type__": "cc.SpriteFrame",
  "content": {
    "name": "1_27",
    "atlas": "",
    "rect": {
      "x": 64,
      "y": 44,
      "width": 139,
      "height": 161
    },
    "offset": {
      "x": 23.5,
      "y": -14.5
    },
    "originalSize": {
      "width": 220,
      "height": 220
    },
    "rotated": false,
    "capInsets": [
      0,
      0,
      0,
      0
    ],
    "vertices": {
      "rawPosition": [
        -69.5,
        -80.5,
        0,
        69.5,
        -80.5,
        0,
        -69.5,
        80.5,
        0,
        69.5,
        80.5,
        0
      ],
      "indexes": [
        0,
        1,
        2,
        2,
        1,
        3
      ],
      "uv": [
        64,
        176,
        203,
        176,
        64,
        15,
        203,
        15
      ],
      "nuv": [
        0.2909090909090909,
        0.06818181818181818,
        0.9227272727272727,
        0.06818181818181818,
        0.2909090909090909,
        0.8,
        0.9227272727272727,
        0.8
      ],
      "minPos": {
        "x": -69.5,
        "y": -80.5,
        "z": 0
      },
      "maxPos": {
        "x": 69.5,
        "y": 80.5,
        "z": 0
      }
    },
    "texture": "dd6e177a-4430-495a-9a66-3847143f6dc4@6c48a",
    "packable": true,
    "pixelsToUnit": 100,
    "pivot": {
      "x": 0.5,
      "y": 0.5
    },
    "meshType": 0
  }
}