{
  "__type__": "cc.SpriteFrame",
  "content": {
    "name": "1_33",
    "atlas": "",
    "rect": {
      "x": 45,
      "y": 48,
      "width": 150,
      "height": 160
    },
    "offset": {
      "x": 10,
      "y": -18
    },
    "originalSize": {
      "width": 220,
      "height": 220
    },
    "rotated": false,
    "capInsets": [
      0,
      0,
      0,
      0
    ],
    "vertices": {
      "rawPosition": [
        -75,
        -80,
        0,
        75,
        -80,
        0,
        -75,
        80,
        0,
        75,
        80,
        0
      ],
      "indexes": [
        0,
        1,
        2,
        2,
        1,
        3
      ],
      "uv": [
        45,
        172,
        195,
        172,
        45,
        12,
        195,
        12
      ],
      "nuv": [
        0.20454545454545456,
        0.05454545454545454,
        0.8863636363636364,
        0.05454545454545454,
        0.20454545454545456,
        0.7818181818181819,
        0.8863636363636364,
        0.7818181818181819
      ],
      "minPos": {
        "x": -75,
        "y": -80,
        "z": 0
      },
      "maxPos": {
        "x": 75,
        "y": 80,
        "z": 0
      }
    },
    "texture": "ddf6ba5e-096f-4b82-9083-6d22bad5f538@6c48a",
    "packable": true,
    "pixelsToUnit": 100,
    "pivot": {
      "x": 0.5,
      "y": 0.5
    },
    "meshType": 0
  }
}