{
  "__type__": "cc.SpriteFrame",
  "content": {
    "name": "1_10",
    "atlas": "",
    "rect": {
      "x": 49,
      "y": 50,
      "width": 146,
      "height": 158
    },
    "offset": {
      "x": 12,
      "y": -19
    },
    "originalSize": {
      "width": 220,
      "height": 220
    },
    "rotated": false,
    "capInsets": [
      0,
      0,
      0,
      0
    ],
    "vertices": {
      "rawPosition": [
        -73,
        -79,
        0,
        73,
        -79,
        0,
        -73,
        79,
        0,
        73,
        79,
        0
      ],
      "indexes": [
        0,
        1,
        2,
        2,
        1,
        3
      ],
      "uv": [
        49,
        170,
        195,
        170,
        49,
        12,
        195,
        12
      ],
      "nuv": [
        0.22272727272727272,
        0.05454545454545454,
        0.8863636363636364,
        0.05454545454545454,
        0.22272727272727272,
        0.7727272727272727,
        0.8863636363636364,
        0.7727272727272727
      ],
      "minPos": {
        "x": -73,
        "y": -79,
        "z": 0
      },
      "maxPos": {
        "x": 73,
        "y": 79,
        "z": 0
      }
    },
    "texture": "b24ebea5-98c9-4dd1-bcea-320e48c4bf57@6c48a",
    "packable": true,
    "pixelsToUnit": 100,
    "pivot": {
      "x": 0.5,
      "y": 0.5
    },
    "meshType": 0
  }
}