{
  "__type__": "cc.SpriteFrame",
  "content": {
    "name": "1_05",
    "atlas": "",
    "rect": {
      "x": 40,
      "y": 63,
      "width": 130,
      "height": 92
    },
    "offset": {
      "x": -5,
      "y": 1
    },
    "originalSize": {
      "width": 220,
      "height": 220
    },
    "rotated": false,
    "capInsets": [
      0,
      0,
      0,
      0
    ],
    "vertices": {
      "rawPosition": [
        -65,
        -46,
        0,
        65,
        -46,
        0,
        -65,
        46,
        0,
        65,
        46,
        0
      ],
      "indexes": [
        0,
        1,
        2,
        2,
        1,
        3
      ],
      "uv": [
        40,
        157,
        170,
        157,
        40,
        65,
        170,
        65
      ],
      "nuv": [
        0.18181818181818182,
        0.29545454545454547,
        0.7727272727272727,
        0.29545454545454547,
        0.18181818181818182,
        0.7136363636363636,
        0.7727272727272727,
        0.7136363636363636
      ],
      "minPos": {
        "x": -65,
        "y": -46,
        "z": 0
      },
      "maxPos": {
        "x": 65,
        "y": 46,
        "z": 0
      }
    },
    "texture": "b267c75f-ce8b-4343-9fce-667105f755c4@6c48a",
    "packable": true,
    "pixelsToUnit": 100,
    "pivot": {
      "x": 0.5,
      "y": 0.5
    },
    "meshType": 0
  }
}