{
  "__type__": "cc.SpriteFrame",
  "content": {
    "name": "move_11",
    "atlas": "",
    "rect": {
      "x": 44,
      "y": 25,
      "width": 58,
      "height": 159
    },
    "offset": {
      "x": 13,
      "y": -7
    },
    "originalSize": {
      "width": 120,
      "height": 195
    },
    "rotated": false,
    "capInsets": [
      0,
      0,
      0,
      0
    ],
    "vertices": {
      "rawPosition": [
        -29,
        -79.5,
        0,
        29,
        -79.5,
        0,
        -29,
        79.5,
        0,
        29,
        79.5,
        0
      ],
      "indexes": [
        0,
        1,
        2,
        2,
        1,
        3
      ],
      "uv": [
        44,
        170,
        102,
        170,
        44,
        11,
        102,
        11
      ],
      "nuv": [
        0.36666666666666664,
        0.05641025641025641,
        0.85,
        0.05641025641025641,
        0.36666666666666664,
        0.8717948717948718,
        0.85,
        0.8717948717948718
      ],
      "minPos": {
        "x": -29,
        "y": -79.5,
        "z": 0
      },
      "maxPos": {
        "x": 29,
        "y": 79.5,
        "z": 0
      }
    },
    "texture": "b29ac5b3-116c-4155-ba26-037d8c2f5a9c@6c48a",
    "packable": true,
    "pixelsToUnit": 100,
    "pivot": {
      "x": 0.5,
      "y": 0.5
    },
    "meshType": 0
  }
}