{
  "__type__": "cc.SpriteFrame",
  "content": {
    "name": "1_37",
    "atlas": "",
    "rect": {
      "x": 35,
      "y": 46,
      "width": 142,
      "height": 160
    },
    "offset": {
      "x": -4,
      "y": -16
    },
    "originalSize": {
      "width": 220,
      "height": 220
    },
    "rotated": false,
    "capInsets": [
      0,
      0,
      0,
      0
    ],
    "vertices": {
      "rawPosition": [
        -71,
        -80,
        0,
        71,
        -80,
        0,
        -71,
        80,
        0,
        71,
        80,
        0
      ],
      "indexes": [
        0,
        1,
        2,
        2,
        1,
        3
      ],
      "uv": [
        35,
        174,
        177,
        174,
        35,
        14,
        177,
        14
      ],
      "nuv": [
        0.1590909090909091,
        0.06363636363636363,
        0.8045454545454546,
        0.06363636363636363,
        0.1590909090909091,
        0.7909090909090909,
        0.8045454545454546,
        0.7909090909090909
      ],
      "minPos": {
        "x": -71,
        "y": -80,
        "z": 0
      },
      "maxPos": {
        "x": 71,
        "y": 80,
        "z": 0
      }
    },
    "texture": "b2e5796f-0f30-4d3d-82d5-95b9eb7955d6@6c48a",
    "packable": true,
    "pixelsToUnit": 100,
    "pivot": {
      "x": 0.5,
      "y": 0.5
    },
    "meshType": 0
  }
}