{
  "__type__": "cc.SpriteFrame",
  "content": {
    "name": "1_13",
    "atlas": "",
    "rect": {
      "x": 45,
      "y": 47,
      "width": 137,
      "height": 159
    },
    "offset": {
      "x": 3.5,
      "y": -16.5
    },
    "originalSize": {
      "width": 220,
      "height": 220
    },
    "rotated": false,
    "capInsets": [
      0,
      0,
      0,
      0
    ],
    "vertices": {
      "rawPosition": [
        -68.5,
        -79.5,
        0,
        68.5,
        -79.5,
        0,
        -68.5,
        79.5,
        0,
        68.5,
        79.5,
        0
      ],
      "indexes": [
        0,
        1,
        2,
        2,
        1,
        3
      ],
      "uv": [
        45,
        173,
        182,
        173,
        45,
        14,
        182,
        14
      ],
      "nuv": [
        0.20454545454545456,
        0.06363636363636363,
        0.8272727272727273,
        0.06363636363636363,
        0.20454545454545456,
        0.7863636363636364,
        0.8272727272727273,
        0.7863636363636364
      ],
      "minPos": {
        "x": -68.5,
        "y": -79.5,
        "z": 0
      },
      "maxPos": {
        "x": 68.5,
        "y": 79.5,
        "z": 0
      }
    },
    "texture": "e12db544-0e65-44cd-8c1b-53ffd2e5cdc0@6c48a",
    "packable": true,
    "pixelsToUnit": 100,
    "pivot": {
      "x": 0.5,
      "y": 0.5
    },
    "meshType": 0
  }
}