{
  "__type__": "cc.SpriteFrame",
  "content": {
    "name": "1_28",
    "atlas": "",
    "rect": {
      "x": 53,
      "y": 59,
      "width": 132,
      "height": 138
    },
    "offset": {
      "x": 9,
      "y": -18
    },
    "originalSize": {
      "width": 220,
      "height": 220
    },
    "rotated": false,
    "capInsets": [
      0,
      0,
      0,
      0
    ],
    "vertices": {
      "rawPosition": [
        -66,
        -69,
        0,
        66,
        -69,
        0,
        -66,
        69,
        0,
        66,
        69,
        0
      ],
      "indexes": [
        0,
        1,
        2,
        2,
        1,
        3
      ],
      "uv": [
        53,
        161,
        185,
        161,
        53,
        23,
        185,
        23
      ],
      "nuv": [
        0.2409090909090909,
        0.10454545454545454,
        0.8409090909090909,
        0.10454545454545454,
        0.2409090909090909,
        0.7318181818181818,
        0.8409090909090909,
        0.7318181818181818
      ],
      "minPos": {
        "x": -66,
        "y": -69,
        "z": 0
      },
      "maxPos": {
        "x": 66,
        "y": 69,
        "z": 0
      }
    },
    "texture": "e158695b-046b-4c12-af70-2e30fe632c31@6c48a",
    "packable": true,
    "pixelsToUnit": 100,
    "pivot": {
      "x": 0.5,
      "y": 0.5
    },
    "meshType": 0
  }
}