{
  "__type__": "cc.SpriteFrame",
  "content": {
    "name": "1_26",
    "atlas": "",
    "rect": {
      "x": 29,
      "y": 46,
      "width": 146,
      "height": 160
    },
    "offset": {
      "x": -8,
      "y": -16
    },
    "originalSize": {
      "width": 220,
      "height": 220
    },
    "rotated": false,
    "capInsets": [
      0,
      0,
      0,
      0
    ],
    "vertices": {
      "rawPosition": [
        -73,
        -80,
        0,
        73,
        -80,
        0,
        -73,
        80,
        0,
        73,
        80,
        0
      ],
      "indexes": [
        0,
        1,
        2,
        2,
        1,
        3
      ],
      "uv": [
        29,
        174,
        175,
        174,
        29,
        14,
        175,
        14
      ],
      "nuv": [
        0.1318181818181818,
        0.06363636363636363,
        0.7954545454545454,
        0.06363636363636363,
        0.1318181818181818,
        0.7909090909090909,
        0.7954545454545454,
        0.7909090909090909
      ],
      "minPos": {
        "x": -73,
        "y": -80,
        "z": 0
      },
      "maxPos": {
        "x": 73,
        "y": 80,
        "z": 0
      }
    },
    "texture": "e1d68a42-c645-44e5-95af-7e1e377d6072@6c48a",
    "packable": true,
    "pixelsToUnit": 100,
    "pivot": {
      "x": 0.5,
      "y": 0.5
    },
    "meshType": 0
  }
}