{
  "__type__": "cc.SpriteFrame",
  "content": {
    "name": "1_43",
    "atlas": "",
    "rect": {
      "x": 36,
      "y": 39,
      "width": 142,
      "height": 167
    },
    "offset": {
      "x": -3,
      "y": -12.5
    },
    "originalSize": {
      "width": 220,
      "height": 220
    },
    "rotated": false,
    "capInsets": [
      0,
      0,
      0,
      0
    ],
    "vertices": {
      "rawPosition": [
        -71,
        -83.5,
        0,
        71,
        -83.5,
        0,
        -71,
        83.5,
        0,
        71,
        83.5,
        0
      ],
      "indexes": [
        0,
        1,
        2,
        2,
        1,
        3
      ],
      "uv": [
        36,
        181,
        178,
        181,
        36,
        14,
        178,
        14
      ],
      "nuv": [
        0.16363636363636364,
        0.06363636363636363,
        0.8090909090909091,
        0.06363636363636363,
        0.16363636363636364,
        0.8227272727272728,
        0.8090909090909091,
        0.8227272727272728
      ],
      "minPos": {
        "x": -71,
        "y": -83.5,
        "z": 0
      },
      "maxPos": {
        "x": 71,
        "y": 83.5,
        "z": 0
      }
    },
    "texture": "e1dacb63-7f9f-439e-8b4d-43c157cbcd4f@6c48a",
    "packable": true,
    "pixelsToUnit": 100,
    "pivot": {
      "x": 0.5,
      "y": 0.5
    },
    "meshType": 0
  }
}