{
  "__type__": "cc.SpriteFrame",
  "content": {
    "name": "1_22",
    "atlas": "",
    "rect": {
      "x": 69,
      "y": 47,
      "width": 131,
      "height": 158
    },
    "offset": {
      "x": 24.5,
      "y": -16
    },
    "originalSize": {
      "width": 220,
      "height": 220
    },
    "rotated": false,
    "capInsets": [
      0,
      0,
      0,
      0
    ],
    "vertices": {
      "rawPosition": [
        -65.5,
        -79,
        0,
        65.5,
        -79,
        0,
        -65.5,
        79,
        0,
        65.5,
        79,
        0
      ],
      "indexes": [
        0,
        1,
        2,
        2,
        1,
        3
      ],
      "uv": [
        69,
        173,
        200,
        173,
        69,
        15,
        200,
        15
      ],
      "nuv": [
        0.31363636363636366,
        0.06818181818181818,
        0.9090909090909091,
        0.06818181818181818,
        0.31363636363636366,
        0.7863636363636364,
        0.9090909090909091,
        0.7863636363636364
      ],
      "minPos": {
        "x": -65.5,
        "y": -79,
        "z": 0
      },
      "maxPos": {
        "x": 65.5,
        "y": 79,
        "z": 0
      }
    },
    "texture": "e1dc2b22-67e8-47fe-ac30-a17550e98c99@6c48a",
    "packable": true,
    "pixelsToUnit": 100,
    "pivot": {
      "x": 0.5,
      "y": 0.5
    },
    "meshType": 0
  }
}