{
  "__type__": "cc.SpriteFrame",
  "content": {
    "name": "1_03",
    "atlas": "",
    "rect": {
      "x": 100,
      "y": 224,
      "width": 103,
      "height": 96
    },
    "offset": {
      "x": 11,
      "y": -106.5
    },
    "originalSize": {
      "width": 281,
      "height": 331
    },
    "rotated": false,
    "capInsets": [
      0,
      0,
      0,
      0
    ],
    "vertices": {
      "rawPosition": [
        -51.5,
        -48,
        0,
        51.5,
        -48,
        0,
        -51.5,
        48,
        0,
        51.5,
        48,
        0
      ],
      "indexes": [
        0,
        1,
        2,
        2,
        1,
        3
      ],
      "uv": [
        100,
        107,
        203,
        107,
        100,
        11,
        203,
        11
      ],
      "nuv": [
        0.35587188612099646,
        0.03323262839879154,
        0.7224199288256228,
        0.03323262839879154,
        0.35587188612099646,
        0.32326283987915405,
        0.7224199288256228,
        0.32326283987915405
      ],
      "minPos": {
        "x": -51.5,
        "y": -48,
        "z": 0
      },
      "maxPos": {
        "x": 51.5,
        "y": 48,
        "z": 0
      }
    },
    "texture": "aec5cbb5-1482-4d60-b0b8-8a2c8718e72e@6c48a",
    "packable": true,
    "pixelsToUnit": 100,
    "pivot": {
      "x": 0.5,
      "y": 0.5
    },
    "meshType": 0
  }
}