{
  "__type__": "cc.SpriteFrame",
  "content": {
    "name": "1_177",
    "atlas": "",
    "rect": {
      "x": 6,
      "y": 60,
      "width": 324,
      "height": 241
    },
    "offset": {
      "x": -19.5,
      "y": -18.5
    },
    "originalSize": {
      "width": 375,
      "height": 324
    },
    "rotated": false,
    "capInsets": [
      0,
      0,
      0,
      0
    ],
    "vertices": {
      "rawPosition": [
        -162,
        -120.5,
        0,
        162,
        -120.5,
        0,
        -162,
        120.5,
        0,
        162,
        120.5,
        0
      ],
      "indexes": [
        0,
        1,
        2,
        2,
        1,
        3
      ],
      "uv": [
        6,
        264,
        330,
        264,
        6,
        23,
        330,
        23
      ],
      "nuv": [
        0.016,
        0.07098765432098765,
        0.88,
        0.07098765432098765,
        0.016,
        0.8148148148148148,
        0.88,
        0.8148148148148148
      ],
      "minPos": {
        "x": -162,
        "y": -120.5,
        "z": 0
      },
      "maxPos": {
        "x": 162,
        "y": 120.5,
        "z": 0
      }
    },
    "texture": "42abe04f-11f0-41db-aa19-83a472a70db8@6c48a",
    "packable": true,
    "pixelsToUnit": 100,
    "pivot": {
      "x": 0.5,
      "y": 0.5
    },
    "meshType": 0
  }
}