{
  "__type__": "cc.SpriteFrame",
  "content": {
    "name": "idle_23",
    "atlas": "",
    "rect": {
      "x": 38,
      "y": 28,
      "width": 48,
      "height": 154
    },
    "offset": {
      "x": 2,
      "y": -7.5
    },
    "originalSize": {
      "width": 120,
      "height": 195
    },
    "rotated": false,
    "capInsets": [
      0,
      0,
      0,
      0
    ],
    "vertices": {
      "rawPosition": [
        -24,
        -77,
        0,
        24,
        -77,
        0,
        -24,
        77,
        0,
        24,
        77,
        0
      ],
      "indexes": [
        0,
        1,
        2,
        2,
        1,
        3
      ],
      "uv": [
        38,
        167,
        86,
        167,
        38,
        13,
        86,
        13
      ],
      "nuv": [
        0.31666666666666665,
        0.06666666666666667,
        0.7166666666666667,
        0.06666666666666667,
        0.31666666666666665,
        0.8564102564102564,
        0.7166666666666667,
        0.8564102564102564
      ],
      "minPos": {
        "x": -24,
        "y": -77,
        "z": 0
      },
      "maxPos": {
        "x": 24,
        "y": 77,
        "z": 0
      }
    },
    "texture": "42f92895-e7ea-4d50-afb6-f7a4624fa7c9@6c48a",
    "packable": true,
    "pixelsToUnit": 100,
    "pivot": {
      "x": 0.5,
      "y": 0.5
    },
    "meshType": 0
  }
}