{
  "__type__": "cc.SpriteFrame",
  "content": {
    "name": "1_102",
    "atlas": "",
    "rect": {
      "x": 79,
      "y": 104,
      "width": 217,
      "height": 197
    },
    "offset": {
      "x": 0,
      "y": -40.5
    },
    "originalSize": {
      "width": 375,
      "height": 324
    },
    "rotated": false,
    "capInsets": [
      0,
      0,
      0,
      0
    ],
    "vertices": {
      "rawPosition": [
        -108.5,
        -98.5,
        0,
        108.5,
        -98.5,
        0,
        -108.5,
        98.5,
        0,
        108.5,
        98.5,
        0
      ],
      "indexes": [
        0,
        1,
        2,
        2,
        1,
        3
      ],
      "uv": [
        79,
        220,
        296,
        220,
        79,
        23,
        296,
        23
      ],
      "nuv": [
        0.21066666666666667,
        0.07098765432098765,
        0.7893333333333333,
        0.07098765432098765,
        0.21066666666666667,
        0.6790123456790124,
        0.7893333333333333,
        0.6790123456790124
      ],
      "minPos": {
        "x": -108.5,
        "y": -98.5,
        "z": 0
      },
      "maxPos": {
        "x": 108.5,
        "y": 98.5,
        "z": 0
      }
    },
    "texture": "22350bd8-f6ca-4142-ba9c-fda06077fb9f@6c48a",
    "packable": true,
    "pixelsToUnit": 100,
    "pivot": {
      "x": 0.5,
      "y": 0.5
    },
    "meshType": 0
  }
}