{
  "__type__": "cc.SpriteFrame",
  "content": {
    "name": "1_011",
    "atlas": "",
    "rect": {
      "x": 174,
      "y": 108,
      "width": 117,
      "height": 149
    },
    "offset": {
      "x": 45,
      "y": -20.5
    },
    "originalSize": {
      "width": 375,
      "height": 324
    },
    "rotated": false,
    "capInsets": [
      0,
      0,
      0,
      0
    ],
    "vertices": {
      "rawPosition": [
        -58.5,
        -74.5,
        0,
        58.5,
        -74.5,
        0,
        -58.5,
        74.5,
        0,
        58.5,
        74.5,
        0
      ],
      "indexes": [
        0,
        1,
        2,
        2,
        1,
        3
      ],
      "uv": [
        174,
        216,
        291,
        216,
        174,
        67,
        291,
        67
      ],
      "nuv": [
        0.464,
        0.20679012345679013,
        0.776,
        0.20679012345679013,
        0.464,
        0.6666666666666666,
        0.776,
        0.6666666666666666
      ],
      "minPos": {
        "x": -58.5,
        "y": -74.5,
        "z": 0
      },
      "maxPos": {
        "x": 58.5,
        "y": 74.5,
        "z": 0
      }
    },
    "texture": "224fcfb5-fbd1-43b3-b7b3-2825a7e70962@6c48a",
    "packable": true,
    "pixelsToUnit": 100,
    "pivot": {
      "x": 0.5,
      "y": 0.5
    },
    "meshType": 0
  }
}