{
  "__type__": "cc.SpriteFrame",
  "content": {
    "name": "rankbaiyin",
    "atlas": "",
    "rect": {
      "x": 0,
      "y": 0,
      "width": 1733,
      "height": 722
    },
    "offset": {
      "x": -1,
      "y": 0
    },
    "originalSize": {
      "width": 1735,
      "height": 722
    },
    "rotated": false,
    "capInsets": [
      0,
      0,
      0,
      0
    ],
    "vertices": {
      "rawPosition": [
        -866.5,
        -361,
        0,
        866.5,
        -361,
        0,
        -866.5,
        361,
        0,
        866.5,
        361,
        0
      ],
      "indexes": [
        0,
        1,
        2,
        2,
        1,
        3
      ],
      "uv": [
        0,
        722,
        1733,
        722,
        0,
        0,
        1733,
        0
      ],
      "nuv": [
        0,
        0,
        0.9988472622478386,
        0,
        0,
        1,
        0.9988472622478386,
        1
      ],
      "minPos": {
        "x": -866.5,
        "y": -361,
        "z": 0
      },
      "maxPos": {
        "x": 866.5,
        "y": 361,
        "z": 0
      }
    },
    "texture": "592d4401-9dde-49e2-8205-af8e08834e02@6c48a",
    "packable": true,
    "pixelsToUnit": 100,
    "pivot": {
      "x": 0.5,
      "y": 0.5
    },
    "meshType": 0
  }
}