{
  "__type__": "cc.SpriteFrame",
  "content": {
    "name": "1_09",
    "atlas": "",
    "rect": {
      "x": 34,
      "y": 46,
      "width": 157,
      "height": 160
    },
    "offset": {
      "x": 2.5,
      "y": -16
    },
    "originalSize": {
      "width": 220,
      "height": 220
    },
    "rotated": false,
    "capInsets": [
      0,
      0,
      0,
      0
    ],
    "vertices": {
      "rawPosition": [
        -78.5,
        -80,
        0,
        78.5,
        -80,
        0,
        -78.5,
        80,
        0,
        78.5,
        80,
        0
      ],
      "indexes": [
        0,
        1,
        2,
        2,
        1,
        3
      ],
      "uv": [
        34,
        174,
        191,
        174,
        34,
        14,
        191,
        14
      ],
      "nuv": [
        0.15454545454545454,
        0.06363636363636363,
        0.8681818181818182,
        0.06363636363636363,
        0.15454545454545454,
        0.7909090909090909,
        0.8681818181818182,
        0.7909090909090909
      ],
      "minPos": {
        "x": -78.5,
        "y": -80,
        "z": 0
      },
      "maxPos": {
        "x": 78.5,
        "y": 80,
        "z": 0
      }
    },
    "texture": "5986f5bf-8a1e-4016-b4c1-340f0a151da7@6c48a",
    "packable": true,
    "pixelsToUnit": 100,
    "pivot": {
      "x": 0.5,
      "y": 0.5
    },
    "meshType": 0
  }
}