{
  "__type__": "cc.SpriteFrame",
  "content": {
    "name": "1_144",
    "atlas": "",
    "rect": {
      "x": 79,
      "y": 96,
      "width": 225,
      "height": 205
    },
    "offset": {
      "x": 4,
      "y": -36.5
    },
    "originalSize": {
      "width": 375,
      "height": 324
    },
    "rotated": false,
    "capInsets": [
      0,
      0,
      0,
      0
    ],
    "vertices": {
      "rawPosition": [
        -112.5,
        -102.5,
        0,
        112.5,
        -102.5,
        0,
        -112.5,
        102.5,
        0,
        112.5,
        102.5,
        0
      ],
      "indexes": [
        0,
        1,
        2,
        2,
        1,
        3
      ],
      "uv": [
        79,
        228,
        304,
        228,
        79,
        23,
        304,
        23
      ],
      "nuv": [
        0.21066666666666667,
        0.07098765432098765,
        0.8106666666666666,
        0.07098765432098765,
        0.21066666666666667,
        0.7037037037037037,
        0.8106666666666666,
        0.7037037037037037
      ],
      "minPos": {
        "x": -112.5,
        "y": -102.5,
        "z": 0
      },
      "maxPos": {
        "x": 112.5,
        "y": 102.5,
        "z": 0
      }
    },
    "texture": "59ac6b49-5d21-4c4e-8316-43b51bf1836b@6c48a",
    "packable": true,
    "pixelsToUnit": 100,
    "pivot": {
      "x": 0.5,
      "y": 0.5
    },
    "meshType": 0
  }
}