{
  "__type__": "cc.SpriteFrame",
  "content": {
    "name": "1_49",
    "atlas": "",
    "rect": {
      "x": 43,
      "y": 51,
      "width": 139,
      "height": 151
    },
    "offset": {
      "x": 2.5,
      "y": -16.5
    },
    "originalSize": {
      "width": 220,
      "height": 220
    },
    "rotated": false,
    "capInsets": [
      0,
      0,
      0,
      0
    ],
    "vertices": {
      "rawPosition": [
        -69.5,
        -75.5,
        0,
        69.5,
        -75.5,
        0,
        -69.5,
        75.5,
        0,
        69.5,
        75.5,
        0
      ],
      "indexes": [
        0,
        1,
        2,
        2,
        1,
        3
      ],
      "uv": [
        43,
        169,
        182,
        169,
        43,
        18,
        182,
        18
      ],
      "nuv": [
        0.19545454545454546,
        0.08181818181818182,
        0.8272727272727273,
        0.08181818181818182,
        0.19545454545454546,
        0.7681818181818182,
        0.8272727272727273,
        0.7681818181818182
      ],
      "minPos": {
        "x": -69.5,
        "y": -75.5,
        "z": 0
      },
      "maxPos": {
        "x": 69.5,
        "y": 75.5,
        "z": 0
      }
    },
    "texture": "6135fcd3-8415-4e03-903e-d2f0976cb59e@6c48a",
    "packable": true,
    "pixelsToUnit": 100,
    "pivot": {
      "x": 0.5,
      "y": 0.5
    },
    "meshType": 0
  }
}