{
  "__type__": "cc.SpriteFrame",
  "content": {
    "name": "sit2_08",
    "atlas": "",
    "rect": {
      "x": 35,
      "y": 43,
      "width": 53,
      "height": 140
    },
    "offset": {
      "x": 1.5,
      "y": -15.5
    },
    "originalSize": {
      "width": 120,
      "height": 195
    },
    "rotated": false,
    "capInsets": [
      0,
      0,
      0,
      0
    ],
    "vertices": {
      "rawPosition": [
        -26.5,
        -70,
        0,
        26.5,
        -70,
        0,
        -26.5,
        70,
        0,
        26.5,
        70,
        0
      ],
      "indexes": [
        0,
        1,
        2,
        2,
        1,
        3
      ],
      "uv": [
        35,
        152,
        88,
        152,
        35,
        12,
        88,
        12
      ],
      "nuv": [
        0.2916666666666667,
        0.06153846153846154,
        0.7333333333333333,
        0.06153846153846154,
        0.2916666666666667,
        0.7794871794871795,
        0.7333333333333333,
        0.7794871794871795
      ],
      "minPos": {
        "x": -26.5,
        "y": -70,
        "z": 0
      },
      "maxPos": {
        "x": 26.5,
        "y": 70,
        "z": 0
      }
    },
    "texture": "614a58d7-c743-4169-b619-d568c9751d58@6c48a",
    "packable": true,
    "pixelsToUnit": 100,
    "pivot": {
      "x": 0.5,
      "y": 0.5
    },
    "meshType": 0
  }
}