{
  "__type__": "cc.SpriteFrame",
  "content": {
    "name": "move_00",
    "atlas": "",
    "rect": {
      "x": 40,
      "y": 26,
      "width": 59,
      "height": 158
    },
    "offset": {
      "x": 9.5,
      "y": -7.5
    },
    "originalSize": {
      "width": 120,
      "height": 195
    },
    "rotated": false,
    "capInsets": [
      0,
      0,
      0,
      0
    ],
    "vertices": {
      "rawPosition": [
        -29.5,
        -79,
        0,
        29.5,
        -79,
        0,
        -29.5,
        79,
        0,
        29.5,
        79,
        0
      ],
      "indexes": [
        0,
        1,
        2,
        2,
        1,
        3
      ],
      "uv": [
        40,
        169,
        99,
        169,
        40,
        11,
        99,
        11
      ],
      "nuv": [
        0.3333333333333333,
        0.05641025641025641,
        0.825,
        0.05641025641025641,
        0.3333333333333333,
        0.8666666666666667,
        0.825,
        0.8666666666666667
      ],
      "minPos": {
        "x": -29.5,
        "y": -79,
        "z": 0
      },
      "maxPos": {
        "x": 29.5,
        "y": 79,
        "z": 0
      }
    },
    "texture": "6e0f9780-523f-4a72-8a30-bfc2106a9e20@6c48a",
    "packable": true,
    "pixelsToUnit": 100,
    "pivot": {
      "x": 0.5,
      "y": 0.5
    },
    "meshType": 0
  }
}