{
  "__type__": "cc.SpriteFrame",
  "content": {
    "name": "sit_04",
    "atlas": "",
    "rect": {
      "x": 43,
      "y": 36,
      "width": 56,
      "height": 149
    },
    "offset": {
      "x": 3.5,
      "y": -13
    },
    "originalSize": {
      "width": 135,
      "height": 195
    },
    "rotated": false,
    "capInsets": [
      0,
      0,
      0,
      0
    ],
    "vertices": {
      "rawPosition": [
        -28,
        -74.5,
        0,
        28,
        -74.5,
        0,
        -28,
        74.5,
        0,
        28,
        74.5,
        0
      ],
      "indexes": [
        0,
        1,
        2,
        2,
        1,
        3
      ],
      "uv": [
        43,
        159,
        99,
        159,
        43,
        10,
        99,
        10
      ],
      "nuv": [
        0.31851851851851853,
        0.05128205128205128,
        0.7333333333333333,
        0.05128205128205128,
        0.31851851851851853,
        0.8153846153846154,
        0.7333333333333333,
        0.8153846153846154
      ],
      "minPos": {
        "x": -28,
        "y": -74.5,
        "z": 0
      },
      "maxPos": {
        "x": 28,
        "y": 74.5,
        "z": 0
      }
    },
    "texture": "6e4a6a7d-29e3-4da6-a93a-5fdafb912da2@6c48a",
    "packable": true,
    "pixelsToUnit": 100,
    "pivot": {
      "x": 0.5,
      "y": 0.5
    },
    "meshType": 0
  }
}