{
  "__type__": "cc.SpriteFrame",
  "content": {
    "name": "1_12",
    "atlas": "",
    "rect": {
      "x": 42,
      "y": 50,
      "width": 138,
      "height": 152
    },
    "offset": {
      "x": 1,
      "y": -16
    },
    "originalSize": {
      "width": 220,
      "height": 220
    },
    "rotated": false,
    "capInsets": [
      0,
      0,
      0,
      0
    ],
    "vertices": {
      "rawPosition": [
        -69,
        -76,
        0,
        69,
        -76,
        0,
        -69,
        76,
        0,
        69,
        76,
        0
      ],
      "indexes": [
        0,
        1,
        2,
        2,
        1,
        3
      ],
      "uv": [
        42,
        170,
        180,
        170,
        42,
        18,
        180,
        18
      ],
      "nuv": [
        0.19090909090909092,
        0.08181818181818182,
        0.8181818181818182,
        0.08181818181818182,
        0.19090909090909092,
        0.7727272727272727,
        0.8181818181818182,
        0.7727272727272727
      ],
      "minPos": {
        "x": -69,
        "y": -76,
        "z": 0
      },
      "maxPos": {
        "x": 69,
        "y": 76,
        "z": 0
      }
    },
    "texture": "6e8ad652-3f96-43ff-9865-8269f54041d1@6c48a",
    "packable": true,
    "pixelsToUnit": 100,
    "pivot": {
      "x": 0.5,
      "y": 0.5
    },
    "meshType": 0
  }
}