{
  "__type__": "cc.SpriteFrame",
  "content": {
    "name": "move_15",
    "atlas": "",
    "rect": {
      "x": 45,
      "y": 22,
      "width": 50,
      "height": 162
    },
    "offset": {
      "x": 10,
      "y": -5.5
    },
    "originalSize": {
      "width": 120,
      "height": 195
    },
    "rotated": false,
    "capInsets": [
      0,
      0,
      0,
      0
    ],
    "vertices": {
      "rawPosition": [
        -25,
        -81,
        0,
        25,
        -81,
        0,
        -25,
        81,
        0,
        25,
        81,
        0
      ],
      "indexes": [
        0,
        1,
        2,
        2,
        1,
        3
      ],
      "uv": [
        45,
        173,
        95,
        173,
        45,
        11,
        95,
        11
      ],
      "nuv": [
        0.375,
        0.05641025641025641,
        0.7916666666666666,
        0.05641025641025641,
        0.375,
        0.8871794871794871,
        0.7916666666666666,
        0.8871794871794871
      ],
      "minPos": {
        "x": -25,
        "y": -81,
        "z": 0
      },
      "maxPos": {
        "x": 25,
        "y": 81,
        "z": 0
      }
    },
    "texture": "6e9b5b64-8299-4970-ae39-b6f6f568e96f@6c48a",
    "packable": true,
    "pixelsToUnit": 100,
    "pivot": {
      "x": 0.5,
      "y": 0.5
    },
    "meshType": 0
  }
}