{
  "__type__": "cc.SpriteFrame",
  "content": {
    "name": "1_16",
    "atlas": "",
    "rect": {
      "x": 45,
      "y": 47,
      "width": 144,
      "height": 154
    },
    "offset": {
      "x": 7,
      "y": -14
    },
    "originalSize": {
      "width": 220,
      "height": 220
    },
    "rotated": false,
    "capInsets": [
      0,
      0,
      0,
      0
    ],
    "vertices": {
      "rawPosition": [
        -72,
        -77,
        0,
        72,
        -77,
        0,
        -72,
        77,
        0,
        72,
        77,
        0
      ],
      "indexes": [
        0,
        1,
        2,
        2,
        1,
        3
      ],
      "uv": [
        45,
        173,
        189,
        173,
        45,
        19,
        189,
        19
      ],
      "nuv": [
        0.20454545454545456,
        0.08636363636363636,
        0.8590909090909091,
        0.08636363636363636,
        0.20454545454545456,
        0.7863636363636364,
        0.8590909090909091,
        0.7863636363636364
      ],
      "minPos": {
        "x": -72,
        "y": -77,
        "z": 0
      },
      "maxPos": {
        "x": 72,
        "y": 77,
        "z": 0
      }
    },
    "texture": "6e9da5dd-8528-41a4-9158-c83bce531b7f@6c48a",
    "packable": true,
    "pixelsToUnit": 100,
    "pivot": {
      "x": 0.5,
      "y": 0.5
    },
    "meshType": 0
  }
}