{
  "__type__": "cc.SpriteFrame",
  "content": {
    "name": "1_04",
    "atlas": "",
    "rect": {
      "x": 44,
      "y": 53,
      "width": 138,
      "height": 149
    },
    "offset": {
      "x": 3,
      "y": -17.5
    },
    "originalSize": {
      "width": 220,
      "height": 220
    },
    "rotated": false,
    "capInsets": [
      0,
      0,
      0,
      0
    ],
    "vertices": {
      "rawPosition": [
        -69,
        -74.5,
        0,
        69,
        -74.5,
        0,
        -69,
        74.5,
        0,
        69,
        74.5,
        0
      ],
      "indexes": [
        0,
        1,
        2,
        2,
        1,
        3
      ],
      "uv": [
        44,
        167,
        182,
        167,
        44,
        18,
        182,
        18
      ],
      "nuv": [
        0.2,
        0.08181818181818182,
        0.8272727272727273,
        0.08181818181818182,
        0.2,
        0.759090909090909,
        0.8272727272727273,
        0.759090909090909
      ],
      "minPos": {
        "x": -69,
        "y": -74.5,
        "z": 0
      },
      "maxPos": {
        "x": 69,
        "y": 74.5,
        "z": 0
      }
    },
    "texture": "6ea0b46b-aab4-4788-852a-725df389dce7@6c48a",
    "packable": true,
    "pixelsToUnit": 100,
    "pivot": {
      "x": 0.5,
      "y": 0.5
    },
    "meshType": 0
  }
}