{
  "__type__": "cc.SpriteFrame",
  "content": {
    "name": "1_134",
    "atlas": "",
    "rect": {
      "x": 0,
      "y": 63,
      "width": 319,
      "height": 238
    },
    "offset": {
      "x": -28,
      "y": -20
    },
    "originalSize": {
      "width": 375,
      "height": 324
    },
    "rotated": false,
    "capInsets": [
      0,
      0,
      0,
      0
    ],
    "vertices": {
      "rawPosition": [
        -159.5,
        -119,
        0,
        159.5,
        -119,
        0,
        -159.5,
        119,
        0,
        159.5,
        119,
        0
      ],
      "indexes": [
        0,
        1,
        2,
        2,
        1,
        3
      ],
      "uv": [
        0,
        261,
        319,
        261,
        0,
        23,
        319,
        23
      ],
      "nuv": [
        0,
        0.07098765432098765,
        0.8506666666666667,
        0.07098765432098765,
        0,
        0.8055555555555556,
        0.8506666666666667,
        0.8055555555555556
      ],
      "minPos": {
        "x": -159.5,
        "y": -119,
        "z": 0
      },
      "maxPos": {
        "x": 159.5,
        "y": 119,
        "z": 0
      }
    },
    "texture": "6ea30541-fe56-459a-9892-8443193ececa@6c48a",
    "packable": true,
    "pixelsToUnit": 100,
    "pivot": {
      "x": 0.5,
      "y": 0.5
    },
    "meshType": 0
  }
}