{
  "__type__": "cc.SpriteFrame",
  "content": {
    "name": "0024",
    "atlas": "",
    "rect": {
      "x": 0,
      "y": 63,
      "width": 300,
      "height": 163
    },
    "offset": {
      "x": 0,
      "y": 5.5
    },
    "originalSize": {
      "width": 300,
      "height": 300
    },
    "rotated": false,
    "capInsets": [
      0,
      0,
      0,
      0
    ],
    "vertices": {
      "rawPosition": [
        -150,
        -81.5,
        0,
        150,
        -81.5,
        0,
        -150,
        81.5,
        0,
        150,
        81.5,
        0
      ],
      "indexes": [
        0,
        1,
        2,
        2,
        1,
        3
      ],
      "uv": [
        0,
        237,
        300,
        237,
        0,
        74,
        300,
        74
      ],
      "nuv": [
        0,
        0.24666666666666667,
        1,
        0.24666666666666667,
        0,
        0.79,
        1,
        0.79
      ],
      "minPos": {
        "x": -150,
        "y": -81.5,
        "z": 0
      },
      "maxPos": {
        "x": 150,
        "y": 81.5,
        "z": 0
      }
    },
    "texture": "6ea676cf-4ebc-47cd-b6e6-1e24f37d48a0@6c48a",
    "packable": true,
    "pixelsToUnit": 100,
    "pivot": {
      "x": 0.5,
      "y": 0.5
    },
    "meshType": 0
  }
}