{
  "__type__": "cc.SpriteFrame",
  "content": {
    "name": "1_032",
    "atlas": "",
    "rect": {
      "x": 79,
      "y": 74,
      "width": 191,
      "height": 211
    },
    "offset": {
      "x": -13,
      "y": -17.5
    },
    "originalSize": {
      "width": 375,
      "height": 324
    },
    "rotated": false,
    "capInsets": [
      0,
      0,
      0,
      0
    ],
    "vertices": {
      "rawPosition": [
        -95.5,
        -105.5,
        0,
        95.5,
        -105.5,
        0,
        -95.5,
        105.5,
        0,
        95.5,
        105.5,
        0
      ],
      "indexes": [
        0,
        1,
        2,
        2,
        1,
        3
      ],
      "uv": [
        79,
        250,
        270,
        250,
        79,
        39,
        270,
        39
      ],
      "nuv": [
        0.21066666666666667,
        0.12037037037037036,
        0.72,
        0.12037037037037036,
        0.21066666666666667,
        0.7716049382716049,
        0.72,
        0.7716049382716049
      ],
      "minPos": {
        "x": -95.5,
        "y": -105.5,
        "z": 0
      },
      "maxPos": {
        "x": 95.5,
        "y": 105.5,
        "z": 0
      }
    },
    "texture": "6ed41c26-5561-4196-bdce-740e88015566@6c48a",
    "packable": true,
    "pixelsToUnit": 100,
    "pivot": {
      "x": 0.5,
      "y": 0.5
    },
    "meshType": 0
  }
}