{
  "__type__": "cc.SpriteFrame",
  "content": {
    "name": "1_28",
    "atlas": "",
    "rect": {
      "x": 45,
      "y": 46,
      "width": 143,
      "height": 153
    },
    "offset": {
      "x": 6.5,
      "y": -12.5
    },
    "originalSize": {
      "width": 220,
      "height": 220
    },
    "rotated": false,
    "capInsets": [
      0,
      0,
      0,
      0
    ],
    "vertices": {
      "rawPosition": [
        -71.5,
        -76.5,
        0,
        71.5,
        -76.5,
        0,
        -71.5,
        76.5,
        0,
        71.5,
        76.5,
        0
      ],
      "indexes": [
        0,
        1,
        2,
        2,
        1,
        3
      ],
      "uv": [
        45,
        174,
        188,
        174,
        45,
        21,
        188,
        21
      ],
      "nuv": [
        0.20454545454545456,
        0.09545454545454546,
        0.8545454545454545,
        0.09545454545454546,
        0.20454545454545456,
        0.7909090909090909,
        0.8545454545454545,
        0.7909090909090909
      ],
      "minPos": {
        "x": -71.5,
        "y": -76.5,
        "z": 0
      },
      "maxPos": {
        "x": 71.5,
        "y": 76.5,
        "z": 0
      }
    },
    "texture": "6ed8d933-8fa6-4029-a0b5-f9f9efca4e09@6c48a",
    "packable": true,
    "pixelsToUnit": 100,
    "pivot": {
      "x": 0.5,
      "y": 0.5
    },
    "meshType": 0
  }
}