{
  "__type__": "cc.SpriteFrame",
  "content": {
    "name": "1_18",
    "atlas": "",
    "rect": {
      "x": 39,
      "y": 43,
      "width": 141,
      "height": 163
    },
    "offset": {
      "x": -0.5,
      "y": -14.5
    },
    "originalSize": {
      "width": 220,
      "height": 220
    },
    "rotated": false,
    "capInsets": [
      0,
      0,
      0,
      0
    ],
    "vertices": {
      "rawPosition": [
        -70.5,
        -81.5,
        0,
        70.5,
        -81.5,
        0,
        -70.5,
        81.5,
        0,
        70.5,
        81.5,
        0
      ],
      "indexes": [
        0,
        1,
        2,
        2,
        1,
        3
      ],
      "uv": [
        39,
        177,
        180,
        177,
        39,
        14,
        180,
        14
      ],
      "nuv": [
        0.17727272727272728,
        0.06363636363636363,
        0.8181818181818182,
        0.06363636363636363,
        0.17727272727272728,
        0.8045454545454546,
        0.8181818181818182,
        0.8045454545454546
      ],
      "minPos": {
        "x": -70.5,
        "y": -81.5,
        "z": 0
      },
      "maxPos": {
        "x": 70.5,
        "y": 81.5,
        "z": 0
      }
    },
    "texture": "6ee4e1b4-39ce-4dda-a63a-ee7435b3f433@6c48a",
    "packable": true,
    "pixelsToUnit": 100,
    "pivot": {
      "x": 0.5,
      "y": 0.5
    },
    "meshType": 0
  }
}