{
  "__type__": "cc.SpriteFrame",
  "content": {
    "name": "sit2_00",
    "atlas": "",
    "rect": {
      "x": 41,
      "y": 25,
      "width": 48,
      "height": 157
    },
    "offset": {
      "x": 5,
      "y": -6
    },
    "originalSize": {
      "width": 120,
      "height": 195
    },
    "rotated": false,
    "capInsets": [
      0,
      0,
      0,
      0
    ],
    "vertices": {
      "rawPosition": [
        -24,
        -78.5,
        0,
        24,
        -78.5,
        0,
        -24,
        78.5,
        0,
        24,
        78.5,
        0
      ],
      "indexes": [
        0,
        1,
        2,
        2,
        1,
        3
      ],
      "uv": [
        41,
        170,
        89,
        170,
        41,
        13,
        89,
        13
      ],
      "nuv": [
        0.3416666666666667,
        0.06666666666666667,
        0.7416666666666667,
        0.06666666666666667,
        0.3416666666666667,
        0.8717948717948718,
        0.7416666666666667,
        0.8717948717948718
      ],
      "minPos": {
        "x": -24,
        "y": -78.5,
        "z": 0
      },
      "maxPos": {
        "x": 24,
        "y": 78.5,
        "z": 0
      }
    },
    "texture": "b985296d-650b-4cb2-b214-1114c7619636@6c48a",
    "packable": true,
    "pixelsToUnit": 100,
    "pivot": {
      "x": 0.5,
      "y": 0.5
    },
    "meshType": 0
  }
}