{
  "__type__": "cc.SpriteFrame",
  "content": {
    "name": "1_167",
    "atlas": "",
    "rect": {
      "x": 79,
      "y": 82,
      "width": 191,
      "height": 219
    },
    "offset": {
      "x": -13,
      "y": -29.5
    },
    "originalSize": {
      "width": 375,
      "height": 324
    },
    "rotated": false,
    "capInsets": [
      0,
      0,
      0,
      0
    ],
    "vertices": {
      "rawPosition": [
        -95.5,
        -109.5,
        0,
        95.5,
        -109.5,
        0,
        -95.5,
        109.5,
        0,
        95.5,
        109.5,
        0
      ],
      "indexes": [
        0,
        1,
        2,
        2,
        1,
        3
      ],
      "uv": [
        79,
        242,
        270,
        242,
        79,
        23,
        270,
        23
      ],
      "nuv": [
        0.21066666666666667,
        0.07098765432098765,
        0.72,
        0.07098765432098765,
        0.21066666666666667,
        0.7469135802469136,
        0.72,
        0.7469135802469136
      ],
      "minPos": {
        "x": -95.5,
        "y": -109.5,
        "z": 0
      },
      "maxPos": {
        "x": 95.5,
        "y": 109.5,
        "z": 0
      }
    },
    "texture": "b98e70e6-5405-4a7f-9bce-fca3afb5a48a@6c48a",
    "packable": true,
    "pixelsToUnit": 100,
    "pivot": {
      "x": 0.5,
      "y": 0.5
    },
    "meshType": 0
  }
}