{
  "__type__": "cc.SpriteFrame",
  "content": {
    "name": "0023",
    "atlas": "",
    "rect": {
      "x": 0,
      "y": 63,
      "width": 300,
      "height": 164
    },
    "offset": {
      "x": 0,
      "y": 5
    },
    "originalSize": {
      "width": 300,
      "height": 300
    },
    "rotated": false,
    "capInsets": [
      0,
      0,
      0,
      0
    ],
    "vertices": {
      "rawPosition": [
        -150,
        -82,
        0,
        150,
        -82,
        0,
        -150,
        82,
        0,
        150,
        82,
        0
      ],
      "indexes": [
        0,
        1,
        2,
        2,
        1,
        3
      ],
      "uv": [
        0,
        237,
        300,
        237,
        0,
        73,
        300,
        73
      ],
      "nuv": [
        0,
        0.24333333333333335,
        1,
        0.24333333333333335,
        0,
        0.79,
        1,
        0.79
      ],
      "minPos": {
        "x": -150,
        "y": -82,
        "z": 0
      },
      "maxPos": {
        "x": 150,
        "y": 82,
        "z": 0
      }
    },
    "texture": "b9ade1cd-476a-4a83-a1cd-6deab6f10e56@6c48a",
    "packable": true,
    "pixelsToUnit": 100,
    "pivot": {
      "x": 0.5,
      "y": 0.5
    },
    "meshType": 0
  }
}