{
  "__type__": "cc.SpriteFrame",
  "content": {
    "name": "1_00",
    "atlas": "",
    "rect": {
      "x": 94,
      "y": 224,
      "width": 104,
      "height": 96
    },
    "offset": {
      "x": 5.5,
      "y": -106.5
    },
    "originalSize": {
      "width": 281,
      "height": 331
    },
    "rotated": false,
    "capInsets": [
      0,
      0,
      0,
      0
    ],
    "vertices": {
      "rawPosition": [
        -52,
        -48,
        0,
        52,
        -48,
        0,
        -52,
        48,
        0,
        52,
        48,
        0
      ],
      "indexes": [
        0,
        1,
        2,
        2,
        1,
        3
      ],
      "uv": [
        94,
        107,
        198,
        107,
        94,
        11,
        198,
        11
      ],
      "nuv": [
        0.33451957295373663,
        0.03323262839879154,
        0.7046263345195729,
        0.03323262839879154,
        0.33451957295373663,
        0.32326283987915405,
        0.7046263345195729,
        0.32326283987915405
      ],
      "minPos": {
        "x": -52,
        "y": -48,
        "z": 0
      },
      "maxPos": {
        "x": 52,
        "y": 48,
        "z": 0
      }
    },
    "texture": "d4303bbd-6da9-4a25-869e-972c2e300ff2@6c48a",
    "packable": true,
    "pixelsToUnit": 100,
    "pivot": {
      "x": 0.5,
      "y": 0.5
    },
    "meshType": 0
  }
}