{
  "__type__": "cc.SpriteFrame",
  "content": {
    "name": "1_42",
    "atlas": "",
    "rect": {
      "x": 14,
      "y": 14,
      "width": 194,
      "height": 147
    },
    "offset": {
      "x": 1,
      "y": 22.5
    },
    "originalSize": {
      "width": 220,
      "height": 220
    },
    "rotated": false,
    "capInsets": [
      0,
      0,
      0,
      0
    ],
    "vertices": {
      "rawPosition": [
        -97,
        -73.5,
        0,
        97,
        -73.5,
        0,
        -97,
        73.5,
        0,
        97,
        73.5,
        0
      ],
      "indexes": [
        0,
        1,
        2,
        2,
        1,
        3
      ],
      "uv": [
        14,
        206,
        208,
        206,
        14,
        59,
        208,
        59
      ],
      "nuv": [
        0.06363636363636363,
        0.2681818181818182,
        0.9454545454545454,
        0.2681818181818182,
        0.06363636363636363,
        0.9363636363636364,
        0.9454545454545454,
        0.9363636363636364
      ],
      "minPos": {
        "x": -97,
        "y": -73.5,
        "z": 0
      },
      "maxPos": {
        "x": 97,
        "y": 73.5,
        "z": 0
      }
    },
    "texture": "d475087d-f952-4ce8-b921-a75586162a00@6c48a",
    "packable": true,
    "pixelsToUnit": 100,
    "pivot": {
      "x": 0.5,
      "y": 0.5
    },
    "meshType": 0
  }
}