{
  "__type__": "cc.SpriteFrame",
  "content": {
    "name": "1_38",
    "atlas": "",
    "rect": {
      "x": 34,
      "y": 45,
      "width": 143,
      "height": 161
    },
    "offset": {
      "x": -4.5,
      "y": -15.5
    },
    "originalSize": {
      "width": 220,
      "height": 220
    },
    "rotated": false,
    "capInsets": [
      0,
      0,
      0,
      0
    ],
    "vertices": {
      "rawPosition": [
        -71.5,
        -80.5,
        0,
        71.5,
        -80.5,
        0,
        -71.5,
        80.5,
        0,
        71.5,
        80.5,
        0
      ],
      "indexes": [
        0,
        1,
        2,
        2,
        1,
        3
      ],
      "uv": [
        34,
        175,
        177,
        175,
        34,
        14,
        177,
        14
      ],
      "nuv": [
        0.15454545454545454,
        0.06363636363636363,
        0.8045454545454546,
        0.06363636363636363,
        0.15454545454545454,
        0.7954545454545454,
        0.8045454545454546,
        0.7954545454545454
      ],
      "minPos": {
        "x": -71.5,
        "y": -80.5,
        "z": 0
      },
      "maxPos": {
        "x": 71.5,
        "y": 80.5,
        "z": 0
      }
    },
    "texture": "d47f47d3-13e2-4d6a-bf09-53c00e581321@6c48a",
    "packable": true,
    "pixelsToUnit": 100,
    "pivot": {
      "x": 0.5,
      "y": 0.5
    },
    "meshType": 0
  }
}