{
  "__type__": "cc.SpriteFrame",
  "content": {
    "name": "1_04",
    "atlas": "",
    "rect": {
      "x": 17,
      "y": 19,
      "width": 189,
      "height": 179
    },
    "offset": {
      "x": 1.5,
      "y": 1.5
    },
    "originalSize": {
      "width": 220,
      "height": 220
    },
    "rotated": false,
    "capInsets": [
      0,
      0,
      0,
      0
    ],
    "vertices": {
      "rawPosition": [
        -94.5,
        -89.5,
        0,
        94.5,
        -89.5,
        0,
        -94.5,
        89.5,
        0,
        94.5,
        89.5,
        0
      ],
      "indexes": [
        0,
        1,
        2,
        2,
        1,
        3
      ],
      "uv": [
        17,
        201,
        206,
        201,
        17,
        22,
        206,
        22
      ],
      "nuv": [
        0.07727272727272727,
        0.1,
        0.9363636363636364,
        0.1,
        0.07727272727272727,
        0.9136363636363637,
        0.9363636363636364,
        0.9136363636363637
      ],
      "minPos": {
        "x": -94.5,
        "y": -89.5,
        "z": 0
      },
      "maxPos": {
        "x": 94.5,
        "y": 89.5,
        "z": 0
      }
    },
    "texture": "d4ba93aa-773e-457b-9392-976391bf3b34@6c48a",
    "packable": true,
    "pixelsToUnit": 100,
    "pivot": {
      "x": 0.5,
      "y": 0.5
    },
    "meshType": 0
  }
}