{
  "__type__": "cc.SpriteFrame",
  "content": {
    "name": "tu01-stand1_54",
    "atlas": "",
    "rect": {
      "x": 21,
      "y": 68,
      "width": 150,
      "height": 145
    },
    "offset": {
      "x": -14,
      "y": -30.5
    },
    "originalSize": {
      "width": 220,
      "height": 220
    },
    "rotated": false,
    "capInsets": [
      0,
      0,
      0,
      0
    ],
    "vertices": {
      "rawPosition": [
        -75,
        -72.5,
        0,
        75,
        -72.5,
        0,
        -75,
        72.5,
        0,
        75,
        72.5,
        0
      ],
      "indexes": [
        0,
        1,
        2,
        2,
        1,
        3
      ],
      "uv": [
        21,
        152,
        171,
        152,
        21,
        7,
        171,
        7
      ],
      "nuv": [
        0.09545454545454546,
        0.031818181818181815,
        0.7772727272727272,
        0.031818181818181815,
        0.09545454545454546,
        0.6909090909090909,
        0.7772727272727272,
        0.6909090909090909
      ],
      "minPos": {
        "x": -75,
        "y": -72.5,
        "z": 0
      },
      "maxPos": {
        "x": 75,
        "y": 72.5,
        "z": 0
      }
    },
    "texture": "fa0ed005-85df-43a5-bbc8-bb607537cbc7@6c48a",
    "packable": true,
    "pixelsToUnit": 100,
    "pivot": {
      "x": 0.5,
      "y": 0.5
    },
    "meshType": 0
  }
}