{
  "__type__": "cc.SpriteFrame",
  "content": {
    "name": "tu01-stand_30",
    "atlas": "",
    "rect": {
      "x": 20,
      "y": 64,
      "width": 153,
      "height": 149
    },
    "offset": {
      "x": -13.5,
      "y": -28.5
    },
    "originalSize": {
      "width": 220,
      "height": 220
    },
    "rotated": false,
    "capInsets": [
      0,
      0,
      0,
      0
    ],
    "vertices": {
      "rawPosition": [
        -76.5,
        -74.5,
        0,
        76.5,
        -74.5,
        0,
        -76.5,
        74.5,
        0,
        76.5,
        74.5,
        0
      ],
      "indexes": [
        0,
        1,
        2,
        2,
        1,
        3
      ],
      "uv": [
        20,
        156,
        173,
        156,
        20,
        7,
        173,
        7
      ],
      "nuv": [
        0.09090909090909091,
        0.031818181818181815,
        0.7863636363636364,
        0.031818181818181815,
        0.09090909090909091,
        0.7090909090909091,
        0.7863636363636364,
        0.7090909090909091
      ],
      "minPos": {
        "x": -76.5,
        "y": -74.5,
        "z": 0
      },
      "maxPos": {
        "x": 76.5,
        "y": 74.5,
        "z": 0
      }
    },
    "texture": "fa686f2d-b14e-451c-84a5-2da80c6a3f68@6c48a",
    "packable": true,
    "pixelsToUnit": 100,
    "pivot": {
      "x": 0.5,
      "y": 0.5
    },
    "meshType": 0
  }
}