{
  "__type__": "cc.SpriteFrame",
  "content": {
    "name": "1_34",
    "atlas": "",
    "rect": {
      "x": 41,
      "y": 45,
      "width": 140,
      "height": 161
    },
    "offset": {
      "x": 1,
      "y": -15.5
    },
    "originalSize": {
      "width": 220,
      "height": 220
    },
    "rotated": false,
    "capInsets": [
      0,
      0,
      0,
      0
    ],
    "vertices": {
      "rawPosition": [
        -70,
        -80.5,
        0,
        70,
        -80.5,
        0,
        -70,
        80.5,
        0,
        70,
        80.5,
        0
      ],
      "indexes": [
        0,
        1,
        2,
        2,
        1,
        3
      ],
      "uv": [
        41,
        175,
        181,
        175,
        41,
        14,
        181,
        14
      ],
      "nuv": [
        0.18636363636363637,
        0.06363636363636363,
        0.8227272727272728,
        0.06363636363636363,
        0.18636363636363637,
        0.7954545454545454,
        0.8227272727272728,
        0.7954545454545454
      ],
      "minPos": {
        "x": -70,
        "y": -80.5,
        "z": 0
      },
      "maxPos": {
        "x": 70,
        "y": 80.5,
        "z": 0
      }
    },
    "texture": "fa814c32-271f-4c1a-815e-aeb61001d820@6c48a",
    "packable": true,
    "pixelsToUnit": 100,
    "pivot": {
      "x": 0.5,
      "y": 0.5
    },
    "meshType": 0
  }
}