{
  "__type__": "cc.SpriteFrame",
  "content": {
    "name": "1_26",
    "atlas": "",
    "rect": {
      "x": 45,
      "y": 47,
      "width": 148,
      "height": 154
    },
    "offset": {
      "x": 9,
      "y": -14
    },
    "originalSize": {
      "width": 220,
      "height": 220
    },
    "rotated": false,
    "capInsets": [
      0,
      0,
      0,
      0
    ],
    "vertices": {
      "rawPosition": [
        -74,
        -77,
        0,
        74,
        -77,
        0,
        -74,
        77,
        0,
        74,
        77,
        0
      ],
      "indexes": [
        0,
        1,
        2,
        2,
        1,
        3
      ],
      "uv": [
        45,
        173,
        193,
        173,
        45,
        19,
        193,
        19
      ],
      "nuv": [
        0.20454545454545456,
        0.08636363636363636,
        0.8772727272727273,
        0.08636363636363636,
        0.20454545454545456,
        0.7863636363636364,
        0.8772727272727273,
        0.7863636363636364
      ],
      "minPos": {
        "x": -74,
        "y": -77,
        "z": 0
      },
      "maxPos": {
        "x": 74,
        "y": 77,
        "z": 0
      }
    },
    "texture": "fae6cbaa-b5b0-41db-97cd-d5d576db8c14@6c48a",
    "packable": true,
    "pixelsToUnit": 100,
    "pivot": {
      "x": 0.5,
      "y": 0.5
    },
    "meshType": 0
  }
}