{
  "__type__": "cc.SpriteFrame",
  "content": {
    "name": "1_22",
    "atlas": "",
    "rect": {
      "x": 41,
      "y": 45,
      "width": 143,
      "height": 154
    },
    "offset": {
      "x": 2.5,
      "y": -12
    },
    "originalSize": {
      "width": 220,
      "height": 220
    },
    "rotated": false,
    "capInsets": [
      0,
      0,
      0,
      0
    ],
    "vertices": {
      "rawPosition": [
        -71.5,
        -77,
        0,
        71.5,
        -77,
        0,
        -71.5,
        77,
        0,
        71.5,
        77,
        0
      ],
      "indexes": [
        0,
        1,
        2,
        2,
        1,
        3
      ],
      "uv": [
        41,
        175,
        184,
        175,
        41,
        21,
        184,
        21
      ],
      "nuv": [
        0.18636363636363637,
        0.09545454545454546,
        0.8363636363636363,
        0.09545454545454546,
        0.18636363636363637,
        0.7954545454545454,
        0.8363636363636363,
        0.7954545454545454
      ],
      "minPos": {
        "x": -71.5,
        "y": -77,
        "z": 0
      },
      "maxPos": {
        "x": 71.5,
        "y": 77,
        "z": 0
      }
    },
    "texture": "faf7e5ba-4c72-4c8a-aeab-2db00a848621@6c48a",
    "packable": true,
    "pixelsToUnit": 100,
    "pivot": {
      "x": 0.5,
      "y": 0.5
    },
    "meshType": 0
  }
}