{
  "__type__": "cc.SpriteFrame",
  "content": {
    "name": "1_13",
    "atlas": "",
    "rect": {
      "x": 44,
      "y": 50,
      "width": 137,
      "height": 152
    },
    "offset": {
      "x": 2.5,
      "y": -16
    },
    "originalSize": {
      "width": 220,
      "height": 220
    },
    "rotated": false,
    "capInsets": [
      0,
      0,
      0,
      0
    ],
    "vertices": {
      "rawPosition": [
        -68.5,
        -76,
        0,
        68.5,
        -76,
        0,
        -68.5,
        76,
        0,
        68.5,
        76,
        0
      ],
      "indexes": [
        0,
        1,
        2,
        2,
        1,
        3
      ],
      "uv": [
        44,
        170,
        181,
        170,
        44,
        18,
        181,
        18
      ],
      "nuv": [
        0.2,
        0.08181818181818182,
        0.8227272727272728,
        0.08181818181818182,
        0.2,
        0.7727272727272727,
        0.8227272727272728,
        0.7727272727272727
      ],
      "minPos": {
        "x": -68.5,
        "y": -76,
        "z": 0
      },
      "maxPos": {
        "x": 68.5,
        "y": 76,
        "z": 0
      }
    },
    "texture": "c41cb861-a7b3-4e91-a99b-9ccd0bc97fa3@6c48a",
    "packable": true,
    "pixelsToUnit": 100,
    "pivot": {
      "x": 0.5,
      "y": 0.5
    },
    "meshType": 0
  }
}