{
  "__type__": "cc.SpriteFrame",
  "content": {
    "name": "1_22",
    "atlas": "",
    "rect": {
      "x": 27,
      "y": 46,
      "width": 146,
      "height": 160
    },
    "offset": {
      "x": -10,
      "y": -16
    },
    "originalSize": {
      "width": 220,
      "height": 220
    },
    "rotated": false,
    "capInsets": [
      0,
      0,
      0,
      0
    ],
    "vertices": {
      "rawPosition": [
        -73,
        -80,
        0,
        73,
        -80,
        0,
        -73,
        80,
        0,
        73,
        80,
        0
      ],
      "indexes": [
        0,
        1,
        2,
        2,
        1,
        3
      ],
      "uv": [
        27,
        174,
        173,
        174,
        27,
        14,
        173,
        14
      ],
      "nuv": [
        0.12272727272727273,
        0.06363636363636363,
        0.7863636363636364,
        0.06363636363636363,
        0.12272727272727273,
        0.7909090909090909,
        0.7863636363636364,
        0.7909090909090909
      ],
      "minPos": {
        "x": -73,
        "y": -80,
        "z": 0
      },
      "maxPos": {
        "x": 73,
        "y": 80,
        "z": 0
      }
    },
    "texture": "c4c93502-89cb-4392-96b6-4640474d98e9@6c48a",
    "packable": true,
    "pixelsToUnit": 100,
    "pivot": {
      "x": 0.5,
      "y": 0.5
    },
    "meshType": 0
  }
}