{
  "__type__": "cc.SpriteFrame",
  "content": {
    "name": "1_06",
    "atlas": "",
    "rect": {
      "x": 51,
      "y": 50,
      "width": 119,
      "height": 119
    },
    "offset": {
      "x": 0.5,
      "y": 0.5
    },
    "originalSize": {
      "width": 220,
      "height": 220
    },
    "rotated": false,
    "capInsets": [
      0,
      0,
      0,
      0
    ],
    "vertices": {
      "rawPosition": [
        -59.5,
        -59.5,
        0,
        59.5,
        -59.5,
        0,
        -59.5,
        59.5,
        0,
        59.5,
        59.5,
        0
      ],
      "indexes": [
        0,
        1,
        2,
        2,
        1,
        3
      ],
      "uv": [
        51,
        170,
        170,
        170,
        51,
        51,
        170,
        51
      ],
      "nuv": [
        0.2318181818181818,
        0.2318181818181818,
        0.7727272727272727,
        0.2318181818181818,
        0.2318181818181818,
        0.7727272727272727,
        0.7727272727272727,
        0.7727272727272727
      ],
      "minPos": {
        "x": -59.5,
        "y": -59.5,
        "z": 0
      },
      "maxPos": {
        "x": 59.5,
        "y": 59.5,
        "z": 0
      }
    },
    "texture": "c4e5a55a-1ec0-4eb3-ad66-2b33524773ff@6c48a",
    "packable": true,
    "pixelsToUnit": 100,
    "pivot": {
      "x": 0.5,
      "y": 0.5
    },
    "meshType": 0
  }
}