{
  "__type__": "cc.SpriteFrame",
  "content": {
    "name": "1_39",
    "atlas": "",
    "rect": {
      "x": 46,
      "y": 45,
      "width": 142,
      "height": 161
    },
    "offset": {
      "x": 7,
      "y": -15.5
    },
    "originalSize": {
      "width": 220,
      "height": 220
    },
    "rotated": false,
    "capInsets": [
      0,
      0,
      0,
      0
    ],
    "vertices": {
      "rawPosition": [
        -71,
        -80.5,
        0,
        71,
        -80.5,
        0,
        -71,
        80.5,
        0,
        71,
        80.5,
        0
      ],
      "indexes": [
        0,
        1,
        2,
        2,
        1,
        3
      ],
      "uv": [
        46,
        175,
        188,
        175,
        46,
        14,
        188,
        14
      ],
      "nuv": [
        0.20909090909090908,
        0.06363636363636363,
        0.8545454545454545,
        0.06363636363636363,
        0.20909090909090908,
        0.7954545454545454,
        0.8545454545454545,
        0.7954545454545454
      ],
      "minPos": {
        "x": -71,
        "y": -80.5,
        "z": 0
      },
      "maxPos": {
        "x": 71,
        "y": 80.5,
        "z": 0
      }
    },
    "texture": "c4ebb312-80d4-4303-a838-fb4e5b0e59c0@6c48a",
    "packable": true,
    "pixelsToUnit": 100,
    "pivot": {
      "x": 0.5,
      "y": 0.5
    },
    "meshType": 0
  }
}