{
  "__type__": "cc.SpriteFrame",
  "content": {
    "name": "tu01-stand1_53",
    "atlas": "",
    "rect": {
      "x": 21,
      "y": 68,
      "width": 149,
      "height": 145
    },
    "offset": {
      "x": -14.5,
      "y": -30.5
    },
    "originalSize": {
      "width": 220,
      "height": 220
    },
    "rotated": false,
    "capInsets": [
      0,
      0,
      0,
      0
    ],
    "vertices": {
      "rawPosition": [
        -74.5,
        -72.5,
        0,
        74.5,
        -72.5,
        0,
        -74.5,
        72.5,
        0,
        74.5,
        72.5,
        0
      ],
      "indexes": [
        0,
        1,
        2,
        2,
        1,
        3
      ],
      "uv": [
        21,
        152,
        170,
        152,
        21,
        7,
        170,
        7
      ],
      "nuv": [
        0.09545454545454546,
        0.031818181818181815,
        0.7727272727272727,
        0.031818181818181815,
        0.09545454545454546,
        0.6909090909090909,
        0.7727272727272727,
        0.6909090909090909
      ],
      "minPos": {
        "x": -74.5,
        "y": -72.5,
        "z": 0
      },
      "maxPos": {
        "x": 74.5,
        "y": 72.5,
        "z": 0
      }
    },
    "texture": "1769071a-d63c-46ee-8668-ae99bd9535b5@6c48a",
    "packable": true,
    "pixelsToUnit": 100,
    "pivot": {
      "x": 0.5,
      "y": 0.5
    },
    "meshType": 0
  }
}