{
  "__type__": "cc.SpriteFrame",
  "content": {
    "name": "1_18",
    "atlas": "",
    "rect": {
      "x": 62,
      "y": 51,
      "width": 126,
      "height": 154
    },
    "offset": {
      "x": 15,
      "y": -18
    },
    "originalSize": {
      "width": 220,
      "height": 220
    },
    "rotated": false,
    "capInsets": [
      0,
      0,
      0,
      0
    ],
    "vertices": {
      "rawPosition": [
        -63,
        -77,
        0,
        63,
        -77,
        0,
        -63,
        77,
        0,
        63,
        77,
        0
      ],
      "indexes": [
        0,
        1,
        2,
        2,
        1,
        3
      ],
      "uv": [
        62,
        169,
        188,
        169,
        62,
        15,
        188,
        15
      ],
      "nuv": [
        0.2818181818181818,
        0.06818181818181818,
        0.8545454545454545,
        0.06818181818181818,
        0.2818181818181818,
        0.7681818181818182,
        0.8545454545454545,
        0.7681818181818182
      ],
      "minPos": {
        "x": -63,
        "y": -77,
        "z": 0
      },
      "maxPos": {
        "x": 63,
        "y": 77,
        "z": 0
      }
    },
    "texture": "178c3955-02c1-422f-8a13-c679dbdae7d2@6c48a",
    "packable": true,
    "pixelsToUnit": 100,
    "pivot": {
      "x": 0.5,
      "y": 0.5
    },
    "meshType": 0
  }
}