{
  "__type__": "cc.SpriteFrame",
  "content": {
    "name": "tu01-stand1_08",
    "atlas": "",
    "rect": {
      "x": 29,
      "y": 67,
      "width": 146,
      "height": 146
    },
    "offset": {
      "x": -8,
      "y": -30
    },
    "originalSize": {
      "width": 220,
      "height": 220
    },
    "rotated": false,
    "capInsets": [
      0,
      0,
      0,
      0
    ],
    "vertices": {
      "rawPosition": [
        -73,
        -73,
        0,
        73,
        -73,
        0,
        -73,
        73,
        0,
        73,
        73,
        0
      ],
      "indexes": [
        0,
        1,
        2,
        2,
        1,
        3
      ],
      "uv": [
        29,
        153,
        175,
        153,
        29,
        7,
        175,
        7
      ],
      "nuv": [
        0.1318181818181818,
        0.031818181818181815,
        0.7954545454545454,
        0.031818181818181815,
        0.1318181818181818,
        0.6954545454545454,
        0.7954545454545454,
        0.6954545454545454
      ],
      "minPos": {
        "x": -73,
        "y": -73,
        "z": 0
      },
      "maxPos": {
        "x": 73,
        "y": 73,
        "z": 0
      }
    },
    "texture": "17ae9630-e9ff-4359-b1de-d55d3fb482e7@6c48a",
    "packable": true,
    "pixelsToUnit": 100,
    "pivot": {
      "x": 0.5,
      "y": 0.5
    },
    "meshType": 0
  }
}