{
  "__type__": "cc.SpriteFrame",
  "content": {
    "name": "1_05",
    "atlas": "",
    "rect": {
      "x": 42,
      "y": 48,
      "width": 137,
      "height": 153
    },
    "offset": {
      "x": 0.5,
      "y": -14.5
    },
    "originalSize": {
      "width": 220,
      "height": 220
    },
    "rotated": false,
    "capInsets": [
      0,
      0,
      0,
      0
    ],
    "vertices": {
      "rawPosition": [
        -68.5,
        -76.5,
        0,
        68.5,
        -76.5,
        0,
        -68.5,
        76.5,
        0,
        68.5,
        76.5,
        0
      ],
      "indexes": [
        0,
        1,
        2,
        2,
        1,
        3
      ],
      "uv": [
        42,
        172,
        179,
        172,
        42,
        19,
        179,
        19
      ],
      "nuv": [
        0.19090909090909092,
        0.08636363636363636,
        0.8136363636363636,
        0.08636363636363636,
        0.19090909090909092,
        0.7818181818181819,
        0.8136363636363636,
        0.7818181818181819
      ],
      "minPos": {
        "x": -68.5,
        "y": -76.5,
        "z": 0
      },
      "maxPos": {
        "x": 68.5,
        "y": 76.5,
        "z": 0
      }
    },
    "texture": "8038653d-c0a5-447f-9ccf-058a9872f788@6c48a",
    "packable": true,
    "pixelsToUnit": 100,
    "pivot": {
      "x": 0.5,
      "y": 0.5
    },
    "meshType": 0
  }
}