{
  "__type__": "cc.SpriteFrame",
  "content": {
    "name": "sit2_03",
    "atlas": "",
    "rect": {
      "x": 39,
      "y": 33,
      "width": 55,
      "height": 153
    },
    "offset": {
      "x": -1,
      "y": -12
    },
    "originalSize": {
      "width": 135,
      "height": 195
    },
    "rotated": false,
    "capInsets": [
      0,
      0,
      0,
      0
    ],
    "vertices": {
      "rawPosition": [
        -27.5,
        -76.5,
        0,
        27.5,
        -76.5,
        0,
        -27.5,
        76.5,
        0,
        27.5,
        76.5,
        0
      ],
      "indexes": [
        0,
        1,
        2,
        2,
        1,
        3
      ],
      "uv": [
        39,
        162,
        94,
        162,
        39,
        9,
        94,
        9
      ],
      "nuv": [
        0.28888888888888886,
        0.046153846153846156,
        0.6962962962962963,
        0.046153846153846156,
        0.28888888888888886,
        0.8307692307692308,
        0.6962962962962963,
        0.8307692307692308
      ],
      "minPos": {
        "x": -27.5,
        "y": -76.5,
        "z": 0
      },
      "maxPos": {
        "x": 27.5,
        "y": 76.5,
        "z": 0
      }
    },
    "texture": "803ebab5-7c78-4984-b2ac-97127b791355@6c48a",
    "packable": true,
    "pixelsToUnit": 100,
    "pivot": {
      "x": 0.5,
      "y": 0.5
    },
    "meshType": 0
  }
}