{
  "__type__": "cc.SpriteFrame",
  "content": {
    "name": "1_13",
    "atlas": "",
    "rect": {
      "x": 89,
      "y": 222,
      "width": 104,
      "height": 98
    },
    "offset": {
      "x": 0.5,
      "y": -105.5
    },
    "originalSize": {
      "width": 281,
      "height": 331
    },
    "rotated": false,
    "capInsets": [
      0,
      0,
      0,
      0
    ],
    "vertices": {
      "rawPosition": [
        -52,
        -49,
        0,
        52,
        -49,
        0,
        -52,
        49,
        0,
        52,
        49,
        0
      ],
      "indexes": [
        0,
        1,
        2,
        2,
        1,
        3
      ],
      "uv": [
        89,
        109,
        193,
        109,
        89,
        11,
        193,
        11
      ],
      "nuv": [
        0.3167259786476868,
        0.03323262839879154,
        0.6868327402135231,
        0.03323262839879154,
        0.3167259786476868,
        0.3293051359516616,
        0.6868327402135231,
        0.3293051359516616
      ],
      "minPos": {
        "x": -52,
        "y": -49,
        "z": 0
      },
      "maxPos": {
        "x": 52,
        "y": 49,
        "z": 0
      }
    },
    "texture": "80deec02-9d7d-4761-9d55-afdb83889ff2@6c48a",
    "packable": true,
    "pixelsToUnit": 100,
    "pivot": {
      "x": 0.5,
      "y": 0.5
    },
    "meshType": 0
  }
}