{
  "__type__": "cc.SpriteFrame",
  "content": {
    "name": "1_20",
    "atlas": "",
    "rect": {
      "x": 12,
      "y": 31,
      "width": 147,
      "height": 170
    },
    "offset": {
      "x": -24.5,
      "y": -6
    },
    "originalSize": {
      "width": 220,
      "height": 220
    },
    "rotated": false,
    "capInsets": [
      0,
      0,
      0,
      0
    ],
    "vertices": {
      "rawPosition": [
        -73.5,
        -85,
        0,
        73.5,
        -85,
        0,
        -73.5,
        85,
        0,
        73.5,
        85,
        0
      ],
      "indexes": [
        0,
        1,
        2,
        2,
        1,
        3
      ],
      "uv": [
        12,
        189,
        159,
        189,
        12,
        19,
        159,
        19
      ],
      "nuv": [
        0.05454545454545454,
        0.08636363636363636,
        0.7227272727272728,
        0.08636363636363636,
        0.05454545454545454,
        0.8590909090909091,
        0.7227272727272728,
        0.8590909090909091
      ],
      "minPos": {
        "x": -73.5,
        "y": -85,
        "z": 0
      },
      "maxPos": {
        "x": 73.5,
        "y": 85,
        "z": 0
      }
    },
    "texture": "33c89b36-78e3-4659-8c0a-cf7513ffc45e@6c48a",
    "packable": true,
    "pixelsToUnit": 100,
    "pivot": {
      "x": 0.5,
      "y": 0.5
    },
    "meshType": 0
  }
}