{
  "__type__": "cc.SpriteFrame",
  "content": {
    "name": "1_25",
    "atlas": "",
    "rect": {
      "x": 40,
      "y": 55,
      "width": 130,
      "height": 141
    },
    "offset": {
      "x": -5,
      "y": -15.5
    },
    "originalSize": {
      "width": 220,
      "height": 220
    },
    "rotated": false,
    "capInsets": [
      0,
      0,
      0,
      0
    ],
    "vertices": {
      "rawPosition": [
        -65,
        -70.5,
        0,
        65,
        -70.5,
        0,
        -65,
        70.5,
        0,
        65,
        70.5,
        0
      ],
      "indexes": [
        0,
        1,
        2,
        2,
        1,
        3
      ],
      "uv": [
        40,
        165,
        170,
        165,
        40,
        24,
        170,
        24
      ],
      "nuv": [
        0.18181818181818182,
        0.10909090909090909,
        0.7727272727272727,
        0.10909090909090909,
        0.18181818181818182,
        0.75,
        0.7727272727272727,
        0.75
      ],
      "minPos": {
        "x": -65,
        "y": -70.5,
        "z": 0
      },
      "maxPos": {
        "x": 65,
        "y": 70.5,
        "z": 0
      }
    },
    "texture": "7247ef1e-dd32-47c1-a298-74229d2ea450@6c48a",
    "packable": true,
    "pixelsToUnit": 100,
    "pivot": {
      "x": 0.5,
      "y": 0.5
    },
    "meshType": 0
  }
}