{
  "__type__": "cc.SpriteFrame",
  "content": {
    "name": "1_105",
    "atlas": "",
    "rect": {
      "x": 79,
      "y": 120,
      "width": 200,
      "height": 181
    },
    "offset": {
      "x": -8.5,
      "y": -48.5
    },
    "originalSize": {
      "width": 375,
      "height": 324
    },
    "rotated": false,
    "capInsets": [
      0,
      0,
      0,
      0
    ],
    "vertices": {
      "rawPosition": [
        -100,
        -90.5,
        0,
        100,
        -90.5,
        0,
        -100,
        90.5,
        0,
        100,
        90.5,
        0
      ],
      "indexes": [
        0,
        1,
        2,
        2,
        1,
        3
      ],
      "uv": [
        79,
        204,
        279,
        204,
        79,
        23,
        279,
        23
      ],
      "nuv": [
        0.21066666666666667,
        0.07098765432098765,
        0.744,
        0.07098765432098765,
        0.21066666666666667,
        0.6296296296296297,
        0.744,
        0.6296296296296297
      ],
      "minPos": {
        "x": -100,
        "y": -90.5,
        "z": 0
      },
      "maxPos": {
        "x": 100,
        "y": 90.5,
        "z": 0
      }
    },
    "texture": "36b86ff1-81d4-48fe-b4d8-ffcc9455ab99@6c48a",
    "packable": true,
    "pixelsToUnit": 100,
    "pivot": {
      "x": 0.5,
      "y": 0.5
    },
    "meshType": 0
  }
}