{
  "__type__": "cc.SpriteFrame",
  "content": {
    "name": "1_087",
    "atlas": "",
    "rect": {
      "x": 31,
      "y": 67,
      "width": 277,
      "height": 234
    },
    "offset": {
      "x": -18,
      "y": -22
    },
    "originalSize": {
      "width": 375,
      "height": 324
    },
    "rotated": false,
    "capInsets": [
      0,
      0,
      0,
      0
    ],
    "vertices": {
      "rawPosition": [
        -138.5,
        -117,
        0,
        138.5,
        -117,
        0,
        -138.5,
        117,
        0,
        138.5,
        117,
        0
      ],
      "indexes": [
        0,
        1,
        2,
        2,
        1,
        3
      ],
      "uv": [
        31,
        257,
        308,
        257,
        31,
        23,
        308,
        23
      ],
      "nuv": [
        0.08266666666666667,
        0.07098765432098765,
        0.8213333333333334,
        0.07098765432098765,
        0.08266666666666667,
        0.7932098765432098,
        0.8213333333333334,
        0.7932098765432098
      ],
      "minPos": {
        "x": -138.5,
        "y": -117,
        "z": 0
      },
      "maxPos": {
        "x": 138.5,
        "y": 117,
        "z": 0
      }
    },
    "texture": "5f20213a-4811-487b-8502-95169b49069f@6c48a",
    "packable": true,
    "pixelsToUnit": 100,
    "pivot": {
      "x": 0.5,
      "y": 0.5
    },
    "meshType": 0
  }
}