{
  "__type__": "cc.SpriteFrame",
  "content": {
    "name": "sit2_08",
    "atlas": "",
    "rect": {
      "x": 39,
      "y": 39,
      "width": 64,
      "height": 147
    },
    "offset": {
      "x": 3.5,
      "y": -15
    },
    "originalSize": {
      "width": 135,
      "height": 195
    },
    "rotated": false,
    "capInsets": [
      0,
      0,
      0,
      0
    ],
    "vertices": {
      "rawPosition": [
        -32,
        -73.5,
        0,
        32,
        -73.5,
        0,
        -32,
        73.5,
        0,
        32,
        73.5,
        0
      ],
      "indexes": [
        0,
        1,
        2,
        2,
        1,
        3
      ],
      "uv": [
        39,
        156,
        103,
        156,
        39,
        9,
        103,
        9
      ],
      "nuv": [
        0.28888888888888886,
        0.046153846153846156,
        0.762962962962963,
        0.046153846153846156,
        0.28888888888888886,
        0.8,
        0.762962962962963,
        0.8
      ],
      "minPos": {
        "x": -32,
        "y": -73.5,
        "z": 0
      },
      "maxPos": {
        "x": 32,
        "y": 73.5,
        "z": 0
      }
    },
    "texture": "5f8da3f2-757b-45a9-ad5f-468db1b16024@6c48a",
    "packable": true,
    "pixelsToUnit": 100,
    "pivot": {
      "x": 0.5,
      "y": 0.5
    },
    "meshType": 0
  }
}