{
  "__type__": "cc.SpriteFrame",
  "content": {
    "name": "1_123",
    "atlas": "",
    "rect": {
      "x": 79,
      "y": 68,
      "width": 191,
      "height": 233
    },
    "offset": {
      "x": -13,
      "y": -22.5
    },
    "originalSize": {
      "width": 375,
      "height": 324
    },
    "rotated": false,
    "capInsets": [
      0,
      0,
      0,
      0
    ],
    "vertices": {
      "rawPosition": [
        -95.5,
        -116.5,
        0,
        95.5,
        -116.5,
        0,
        -95.5,
        116.5,
        0,
        95.5,
        116.5,
        0
      ],
      "indexes": [
        0,
        1,
        2,
        2,
        1,
        3
      ],
      "uv": [
        79,
        256,
        270,
        256,
        79,
        23,
        270,
        23
      ],
      "nuv": [
        0.21066666666666667,
        0.07098765432098765,
        0.72,
        0.07098765432098765,
        0.21066666666666667,
        0.7901234567901234,
        0.72,
        0.7901234567901234
      ],
      "minPos": {
        "x": -95.5,
        "y": -116.5,
        "z": 0
      },
      "maxPos": {
        "x": 95.5,
        "y": 116.5,
        "z": 0
      }
    },
    "texture": "5fb66bca-52e0-4417-80dc-c88a591c249f@6c48a",
    "packable": true,
    "pixelsToUnit": 100,
    "pivot": {
      "x": 0.5,
      "y": 0.5
    },
    "meshType": 0
  }
}