{
  "__type__": "cc.SpriteFrame",
  "content": {
    "name": "sit_12",
    "atlas": "",
    "rect": {
      "x": 31,
      "y": 40,
      "width": 54,
      "height": 142
    },
    "offset": {
      "x": -2,
      "y": -13.5
    },
    "originalSize": {
      "width": 120,
      "height": 195
    },
    "rotated": false,
    "capInsets": [
      0,
      0,
      0,
      0
    ],
    "vertices": {
      "rawPosition": [
        -27,
        -71,
        0,
        27,
        -71,
        0,
        -27,
        71,
        0,
        27,
        71,
        0
      ],
      "indexes": [
        0,
        1,
        2,
        2,
        1,
        3
      ],
      "uv": [
        31,
        155,
        85,
        155,
        31,
        13,
        85,
        13
      ],
      "nuv": [
        0.25833333333333336,
        0.06666666666666667,
        0.7083333333333334,
        0.06666666666666667,
        0.25833333333333336,
        0.7948717948717948,
        0.7083333333333334,
        0.7948717948717948
      ],
      "minPos": {
        "x": -27,
        "y": -71,
        "z": 0
      },
      "maxPos": {
        "x": 27,
        "y": 71,
        "z": 0
      }
    },
    "texture": "5fc886c7-9d43-4f6c-b725-f19c6ce6950f@6c48a",
    "packable": true,
    "pixelsToUnit": 100,
    "pivot": {
      "x": 0.5,
      "y": 0.5
    },
    "meshType": 0
  }
}