{
  "__type__": "cc.SpriteFrame",
  "content": {
    "name": "1_11",
    "atlas": "",
    "rect": {
      "x": 47,
      "y": 47,
      "width": 141,
      "height": 159
    },
    "offset": {
      "x": 7.5,
      "y": -16.5
    },
    "originalSize": {
      "width": 220,
      "height": 220
    },
    "rotated": false,
    "capInsets": [
      0,
      0,
      0,
      0
    ],
    "vertices": {
      "rawPosition": [
        -70.5,
        -79.5,
        0,
        70.5,
        -79.5,
        0,
        -70.5,
        79.5,
        0,
        70.5,
        79.5,
        0
      ],
      "indexes": [
        0,
        1,
        2,
        2,
        1,
        3
      ],
      "uv": [
        47,
        173,
        188,
        173,
        47,
        14,
        188,
        14
      ],
      "nuv": [
        0.21363636363636362,
        0.06363636363636363,
        0.8545454545454545,
        0.06363636363636363,
        0.21363636363636362,
        0.7863636363636364,
        0.8545454545454545,
        0.7863636363636364
      ],
      "minPos": {
        "x": -70.5,
        "y": -79.5,
        "z": 0
      },
      "maxPos": {
        "x": 70.5,
        "y": 79.5,
        "z": 0
      }
    },
    "texture": "43bb0637-9658-429e-8235-35df6d2ca016@6c48a",
    "packable": true,
    "pixelsToUnit": 100,
    "pivot": {
      "x": 0.5,
      "y": 0.5
    },
    "meshType": 0
  }
}