{
  "__type__": "cc.SpriteFrame",
  "content": {
    "name": "sit2_07",
    "atlas": "",
    "rect": {
      "x": 36,
      "y": 43,
      "width": 51,
      "height": 139
    },
    "offset": {
      "x": 1.5,
      "y": -15
    },
    "originalSize": {
      "width": 120,
      "height": 195
    },
    "rotated": false,
    "capInsets": [
      0,
      0,
      0,
      0
    ],
    "vertices": {
      "rawPosition": [
        -25.5,
        -69.5,
        0,
        25.5,
        -69.5,
        0,
        -25.5,
        69.5,
        0,
        25.5,
        69.5,
        0
      ],
      "indexes": [
        0,
        1,
        2,
        2,
        1,
        3
      ],
      "uv": [
        36,
        152,
        87,
        152,
        36,
        13,
        87,
        13
      ],
      "nuv": [
        0.3,
        0.06666666666666667,
        0.725,
        0.06666666666666667,
        0.3,
        0.7794871794871795,
        0.725,
        0.7794871794871795
      ],
      "minPos": {
        "x": -25.5,
        "y": -69.5,
        "z": 0
      },
      "maxPos": {
        "x": 25.5,
        "y": 69.5,
        "z": 0
      }
    },
    "texture": "43c5d8e2-cbcb-41ef-a252-787c883979ec@6c48a",
    "packable": true,
    "pixelsToUnit": 100,
    "pivot": {
      "x": 0.5,
      "y": 0.5
    },
    "meshType": 0
  }
}