{
  "__type__": "cc.SpriteFrame",
  "content": {
    "name": "1_14",
    "atlas": "",
    "rect": {
      "x": 45,
      "y": 50,
      "width": 137,
      "height": 152
    },
    "offset": {
      "x": 3.5,
      "y": -16
    },
    "originalSize": {
      "width": 220,
      "height": 220
    },
    "rotated": false,
    "capInsets": [
      0,
      0,
      0,
      0
    ],
    "vertices": {
      "rawPosition": [
        -68.5,
        -76,
        0,
        68.5,
        -76,
        0,
        -68.5,
        76,
        0,
        68.5,
        76,
        0
      ],
      "indexes": [
        0,
        1,
        2,
        2,
        1,
        3
      ],
      "uv": [
        45,
        170,
        182,
        170,
        45,
        18,
        182,
        18
      ],
      "nuv": [
        0.20454545454545456,
        0.08181818181818182,
        0.8272727272727273,
        0.08181818181818182,
        0.20454545454545456,
        0.7727272727272727,
        0.8272727272727273,
        0.7727272727272727
      ],
      "minPos": {
        "x": -68.5,
        "y": -76,
        "z": 0
      },
      "maxPos": {
        "x": 68.5,
        "y": 76,
        "z": 0
      }
    },
    "texture": "8e10ee72-f79d-4799-8f86-dd39a1477dfc@6c48a",
    "packable": true,
    "pixelsToUnit": 100,
    "pivot": {
      "x": 0.5,
      "y": 0.5
    },
    "meshType": 0
  }
}