{
  "__type__": "cc.SpriteFrame",
  "content": {
    "name": "1_06",
    "atlas": "",
    "rect": {
      "x": 38,
      "y": 55,
      "width": 134,
      "height": 101
    },
    "offset": {
      "x": -5,
      "y": 4.5
    },
    "originalSize": {
      "width": 220,
      "height": 220
    },
    "rotated": false,
    "capInsets": [
      0,
      0,
      0,
      0
    ],
    "vertices": {
      "rawPosition": [
        -67,
        -50.5,
        0,
        67,
        -50.5,
        0,
        -67,
        50.5,
        0,
        67,
        50.5,
        0
      ],
      "indexes": [
        0,
        1,
        2,
        2,
        1,
        3
      ],
      "uv": [
        38,
        165,
        172,
        165,
        38,
        64,
        172,
        64
      ],
      "nuv": [
        0.17272727272727273,
        0.2909090909090909,
        0.7818181818181819,
        0.2909090909090909,
        0.17272727272727273,
        0.75,
        0.7818181818181819,
        0.75
      ],
      "minPos": {
        "x": -67,
        "y": -50.5,
        "z": 0
      },
      "maxPos": {
        "x": 67,
        "y": 50.5,
        "z": 0
      }
    },
    "texture": "8e519c3e-86f0-450a-bff0-1f3ebfb2aba7@6c48a",
    "packable": true,
    "pixelsToUnit": 100,
    "pivot": {
      "x": 0.5,
      "y": 0.5
    },
    "meshType": 0
  }
}