{
  "__type__": "cc.SpriteFrame",
  "content": {
    "name": "1_132",
    "atlas": "",
    "rect": {
      "x": 30,
      "y": 70,
      "width": 268,
      "height": 231
    },
    "offset": {
      "x": -23.5,
      "y": -23.5
    },
    "originalSize": {
      "width": 375,
      "height": 324
    },
    "rotated": false,
    "capInsets": [
      0,
      0,
      0,
      0
    ],
    "vertices": {
      "rawPosition": [
        -134,
        -115.5,
        0,
        134,
        -115.5,
        0,
        -134,
        115.5,
        0,
        134,
        115.5,
        0
      ],
      "indexes": [
        0,
        1,
        2,
        2,
        1,
        3
      ],
      "uv": [
        30,
        254,
        298,
        254,
        30,
        23,
        298,
        23
      ],
      "nuv": [
        0.08,
        0.07098765432098765,
        0.7946666666666666,
        0.07098765432098765,
        0.08,
        0.7839506172839507,
        0.7946666666666666,
        0.7839506172839507
      ],
      "minPos": {
        "x": -134,
        "y": -115.5,
        "z": 0
      },
      "maxPos": {
        "x": 134,
        "y": 115.5,
        "z": 0
      }
    },
    "texture": "8ed5590f-b7b3-423c-818d-078b0da55170@6c48a",
    "packable": true,
    "pixelsToUnit": 100,
    "pivot": {
      "x": 0.5,
      "y": 0.5
    },
    "meshType": 0
  }
}