{
  "__type__": "cc.SpriteFrame",
  "content": {
    "name": "1_54",
    "atlas": "",
    "rect": {
      "x": 15,
      "y": 56,
      "width": 172,
      "height": 97
    },
    "offset": {
      "x": -9,
      "y": 5.5
    },
    "originalSize": {
      "width": 220,
      "height": 220
    },
    "rotated": false,
    "capInsets": [
      0,
      0,
      0,
      0
    ],
    "vertices": {
      "rawPosition": [
        -86,
        -48.5,
        0,
        86,
        -48.5,
        0,
        -86,
        48.5,
        0,
        86,
        48.5,
        0
      ],
      "indexes": [
        0,
        1,
        2,
        2,
        1,
        3
      ],
      "uv": [
        15,
        164,
        187,
        164,
        15,
        67,
        187,
        67
      ],
      "nuv": [
        0.06818181818181818,
        0.30454545454545456,
        0.85,
        0.30454545454545456,
        0.06818181818181818,
        0.7454545454545455,
        0.85,
        0.7454545454545455
      ],
      "minPos": {
        "x": -86,
        "y": -48.5,
        "z": 0
      },
      "maxPos": {
        "x": 86,
        "y": 48.5,
        "z": 0
      }
    },
    "texture": "e7d5c603-6a9c-4915-929d-0602d8aa60de@6c48a",
    "packable": true,
    "pixelsToUnit": 100,
    "pivot": {
      "x": 0.5,
      "y": 0.5
    },
    "meshType": 0
  }
}