{
  "__type__": "cc.SpriteFrame",
  "content": {
    "name": "1_17",
    "atlas": "",
    "rect": {
      "x": 59,
      "y": 51,
      "width": 127,
      "height": 154
    },
    "offset": {
      "x": 12.5,
      "y": -18
    },
    "originalSize": {
      "width": 220,
      "height": 220
    },
    "rotated": false,
    "capInsets": [
      0,
      0,
      0,
      0
    ],
    "vertices": {
      "rawPosition": [
        -63.5,
        -77,
        0,
        63.5,
        -77,
        0,
        -63.5,
        77,
        0,
        63.5,
        77,
        0
      ],
      "indexes": [
        0,
        1,
        2,
        2,
        1,
        3
      ],
      "uv": [
        59,
        169,
        186,
        169,
        59,
        15,
        186,
        15
      ],
      "nuv": [
        0.2681818181818182,
        0.06818181818181818,
        0.8454545454545455,
        0.06818181818181818,
        0.2681818181818182,
        0.7681818181818182,
        0.8454545454545455,
        0.7681818181818182
      ],
      "minPos": {
        "x": -63.5,
        "y": -77,
        "z": 0
      },
      "maxPos": {
        "x": 63.5,
        "y": 77,
        "z": 0
      }
    },
    "texture": "e7dcfb96-f803-425a-ad8e-8c5515a96d2c@6c48a",
    "packable": true,
    "pixelsToUnit": 100,
    "pivot": {
      "x": 0.5,
      "y": 0.5
    },
    "meshType": 0
  }
}