{
  "__type__": "cc.SpriteFrame",
  "content": {
    "name": "move_01",
    "atlas": "",
    "rect": {
      "x": 32,
      "y": 26,
      "width": 49,
      "height": 158
    },
    "offset": {
      "x": -3.5,
      "y": -7.5
    },
    "originalSize": {
      "width": 120,
      "height": 195
    },
    "rotated": false,
    "capInsets": [
      0,
      0,
      0,
      0
    ],
    "vertices": {
      "rawPosition": [
        -24.5,
        -79,
        0,
        24.5,
        -79,
        0,
        -24.5,
        79,
        0,
        24.5,
        79,
        0
      ],
      "indexes": [
        0,
        1,
        2,
        2,
        1,
        3
      ],
      "uv": [
        32,
        169,
        81,
        169,
        32,
        11,
        81,
        11
      ],
      "nuv": [
        0.26666666666666666,
        0.05641025641025641,
        0.675,
        0.05641025641025641,
        0.26666666666666666,
        0.8666666666666667,
        0.675,
        0.8666666666666667
      ],
      "minPos": {
        "x": -24.5,
        "y": -79,
        "z": 0
      },
      "maxPos": {
        "x": 24.5,
        "y": 79,
        "z": 0
      }
    },
    "texture": "e7e2f1ce-b3b3-4f7a-b0ed-cadfafa61567@6c48a",
    "packable": true,
    "pixelsToUnit": 100,
    "pivot": {
      "x": 0.5,
      "y": 0.5
    },
    "meshType": 0
  }
}