{
  "__type__": "cc.SpriteFrame",
  "content": {
    "name": "1_31",
    "atlas": "",
    "rect": {
      "x": 42,
      "y": 43,
      "width": 141,
      "height": 163
    },
    "offset": {
      "x": 2.5,
      "y": -14.5
    },
    "originalSize": {
      "width": 220,
      "height": 220
    },
    "rotated": false,
    "capInsets": [
      0,
      0,
      0,
      0
    ],
    "vertices": {
      "rawPosition": [
        -70.5,
        -81.5,
        0,
        70.5,
        -81.5,
        0,
        -70.5,
        81.5,
        0,
        70.5,
        81.5,
        0
      ],
      "indexes": [
        0,
        1,
        2,
        2,
        1,
        3
      ],
      "uv": [
        42,
        177,
        183,
        177,
        42,
        14,
        183,
        14
      ],
      "nuv": [
        0.19090909090909092,
        0.06363636363636363,
        0.8318181818181818,
        0.06363636363636363,
        0.19090909090909092,
        0.8045454545454546,
        0.8318181818181818,
        0.8045454545454546
      ],
      "minPos": {
        "x": -70.5,
        "y": -81.5,
        "z": 0
      },
      "maxPos": {
        "x": 70.5,
        "y": 81.5,
        "z": 0
      }
    },
    "texture": "b835f637-d21f-456f-abcb-5b4a24917d45@6c48a",
    "packable": true,
    "pixelsToUnit": 100,
    "pivot": {
      "x": 0.5,
      "y": 0.5
    },
    "meshType": 0
  }
}