{
  "__type__": "cc.SpriteFrame",
  "content": {
    "name": "1_47",
    "atlas": "",
    "rect": {
      "x": 35,
      "y": 41,
      "width": 141,
      "height": 165
    },
    "offset": {
      "x": -4.5,
      "y": -13.5
    },
    "originalSize": {
      "width": 220,
      "height": 220
    },
    "rotated": false,
    "capInsets": [
      0,
      0,
      0,
      0
    ],
    "vertices": {
      "rawPosition": [
        -70.5,
        -82.5,
        0,
        70.5,
        -82.5,
        0,
        -70.5,
        82.5,
        0,
        70.5,
        82.5,
        0
      ],
      "indexes": [
        0,
        1,
        2,
        2,
        1,
        3
      ],
      "uv": [
        35,
        179,
        176,
        179,
        35,
        14,
        176,
        14
      ],
      "nuv": [
        0.1590909090909091,
        0.06363636363636363,
        0.8,
        0.06363636363636363,
        0.1590909090909091,
        0.8136363636363636,
        0.8,
        0.8136363636363636
      ],
      "minPos": {
        "x": -70.5,
        "y": -82.5,
        "z": 0
      },
      "maxPos": {
        "x": 70.5,
        "y": 82.5,
        "z": 0
      }
    },
    "texture": "b8b9e1de-103b-4f9c-bbb7-405deb5935d0@6c48a",
    "packable": true,
    "pixelsToUnit": 100,
    "pivot": {
      "x": 0.5,
      "y": 0.5
    },
    "meshType": 0
  }
}