{
  "__type__": "cc.SpriteFrame",
  "content": {
    "name": "1_38",
    "atlas": "",
    "rect": {
      "x": 39,
      "y": 48,
      "width": 146,
      "height": 160
    },
    "offset": {
      "x": 2,
      "y": -18
    },
    "originalSize": {
      "width": 220,
      "height": 220
    },
    "rotated": false,
    "capInsets": [
      0,
      0,
      0,
      0
    ],
    "vertices": {
      "rawPosition": [
        -73,
        -80,
        0,
        73,
        -80,
        0,
        -73,
        80,
        0,
        73,
        80,
        0
      ],
      "indexes": [
        0,
        1,
        2,
        2,
        1,
        3
      ],
      "uv": [
        39,
        172,
        185,
        172,
        39,
        12,
        185,
        12
      ],
      "nuv": [
        0.17727272727272728,
        0.05454545454545454,
        0.8409090909090909,
        0.05454545454545454,
        0.17727272727272728,
        0.7818181818181819,
        0.8409090909090909,
        0.7818181818181819
      ],
      "minPos": {
        "x": -73,
        "y": -80,
        "z": 0
      },
      "maxPos": {
        "x": 73,
        "y": 80,
        "z": 0
      }
    },
    "texture": "b8c8b56e-456a-446d-b6cc-2343d5d2e26c@6c48a",
    "packable": true,
    "pixelsToUnit": 100,
    "pivot": {
      "x": 0.5,
      "y": 0.5
    },
    "meshType": 0
  }
}