{
  "__type__": "cc.SpriteFrame",
  "content": {
    "name": "tu01-stand1_86",
    "atlas": "",
    "rect": {
      "x": 25,
      "y": 59,
      "width": 183,
      "height": 154
    },
    "offset": {
      "x": 6.5,
      "y": -26
    },
    "originalSize": {
      "width": 220,
      "height": 220
    },
    "rotated": false,
    "capInsets": [
      0,
      0,
      0,
      0
    ],
    "vertices": {
      "rawPosition": [
        -91.5,
        -77,
        0,
        91.5,
        -77,
        0,
        -91.5,
        77,
        0,
        91.5,
        77,
        0
      ],
      "indexes": [
        0,
        1,
        2,
        2,
        1,
        3
      ],
      "uv": [
        25,
        161,
        208,
        161,
        25,
        7,
        208,
        7
      ],
      "nuv": [
        0.11363636363636363,
        0.031818181818181815,
        0.9454545454545454,
        0.031818181818181815,
        0.11363636363636363,
        0.7318181818181818,
        0.9454545454545454,
        0.7318181818181818
      ],
      "minPos": {
        "x": -91.5,
        "y": -77,
        "z": 0
      },
      "maxPos": {
        "x": 91.5,
        "y": 77,
        "z": 0
      }
    },
    "texture": "b8d8b8b8-6345-4397-8e60-15303604a8ea@6c48a",
    "packable": true,
    "pixelsToUnit": 100,
    "pivot": {
      "x": 0.5,
      "y": 0.5
    },
    "meshType": 0
  }
}