{
  "__type__": "cc.SpriteFrame",
  "content": {
    "name": "1_02",
    "atlas": "",
    "rect": {
      "x": 33,
      "y": 45,
      "width": 144,
      "height": 161
    },
    "offset": {
      "x": -5,
      "y": -15.5
    },
    "originalSize": {
      "width": 220,
      "height": 220
    },
    "rotated": false,
    "capInsets": [
      0,
      0,
      0,
      0
    ],
    "vertices": {
      "rawPosition": [
        -72,
        -80.5,
        0,
        72,
        -80.5,
        0,
        -72,
        80.5,
        0,
        72,
        80.5,
        0
      ],
      "indexes": [
        0,
        1,
        2,
        2,
        1,
        3
      ],
      "uv": [
        33,
        175,
        177,
        175,
        33,
        14,
        177,
        14
      ],
      "nuv": [
        0.15,
        0.06363636363636363,
        0.8045454545454546,
        0.06363636363636363,
        0.15,
        0.7954545454545454,
        0.8045454545454546,
        0.7954545454545454
      ],
      "minPos": {
        "x": -72,
        "y": -80.5,
        "z": 0
      },
      "maxPos": {
        "x": 72,
        "y": 80.5,
        "z": 0
      }
    },
    "texture": "b8fb3344-d6f5-43cc-9f5f-b7921fbf2dd3@6c48a",
    "packable": true,
    "pixelsToUnit": 100,
    "pivot": {
      "x": 0.5,
      "y": 0.5
    },
    "meshType": 0
  }
}