{
  "__type__": "cc.SpriteFrame",
  "content": {
    "name": "1_052",
    "atlas": "",
    "rect": {
      "x": 79,
      "y": 84,
      "width": 238,
      "height": 201
    },
    "offset": {
      "x": 10.5,
      "y": -22.5
    },
    "originalSize": {
      "width": 375,
      "height": 324
    },
    "rotated": false,
    "capInsets": [
      0,
      0,
      0,
      0
    ],
    "vertices": {
      "rawPosition": [
        -119,
        -100.5,
        0,
        119,
        -100.5,
        0,
        -119,
        100.5,
        0,
        119,
        100.5,
        0
      ],
      "indexes": [
        0,
        1,
        2,
        2,
        1,
        3
      ],
      "uv": [
        79,
        240,
        317,
        240,
        79,
        39,
        317,
        39
      ],
      "nuv": [
        0.21066666666666667,
        0.12037037037037036,
        0.8453333333333334,
        0.12037037037037036,
        0.21066666666666667,
        0.7407407407407407,
        0.8453333333333334,
        0.7407407407407407
      ],
      "minPos": {
        "x": -119,
        "y": -100.5,
        "z": 0
      },
      "maxPos": {
        "x": 119,
        "y": 100.5,
        "z": 0
      }
    },
    "texture": "8a1eb4b8-197f-46a8-b9c3-beb24ccb08cf@6c48a",
    "packable": true,
    "pixelsToUnit": 100,
    "pivot": {
      "x": 0.5,
      "y": 0.5
    },
    "meshType": 0
  }
}