{
  "__type__": "cc.SpriteFrame",
  "content": {
    "name": "1_11",
    "atlas": "",
    "rect": {
      "x": 51,
      "y": 54,
      "width": 134,
      "height": 148
    },
    "offset": {
      "x": 8,
      "y": -18
    },
    "originalSize": {
      "width": 220,
      "height": 220
    },
    "rotated": false,
    "capInsets": [
      0,
      0,
      0,
      0
    ],
    "vertices": {
      "rawPosition": [
        -67,
        -74,
        0,
        67,
        -74,
        0,
        -67,
        74,
        0,
        67,
        74,
        0
      ],
      "indexes": [
        0,
        1,
        2,
        2,
        1,
        3
      ],
      "uv": [
        51,
        166,
        185,
        166,
        51,
        18,
        185,
        18
      ],
      "nuv": [
        0.2318181818181818,
        0.08181818181818182,
        0.8409090909090909,
        0.08181818181818182,
        0.2318181818181818,
        0.7545454545454545,
        0.8409090909090909,
        0.7545454545454545
      ],
      "minPos": {
        "x": -67,
        "y": -74,
        "z": 0
      },
      "maxPos": {
        "x": 67,
        "y": 74,
        "z": 0
      }
    },
    "texture": "8a55986c-d5f2-41a4-b8e3-e7917365992d@6c48a",
    "packable": true,
    "pixelsToUnit": 100,
    "pivot": {
      "x": 0.5,
      "y": 0.5
    },
    "meshType": 0
  }
}