{
  "__type__": "cc.SpriteFrame",
  "content": {
    "name": "tu01-stand_24",
    "atlas": "",
    "rect": {
      "x": 15,
      "y": 63,
      "width": 156,
      "height": 150
    },
    "offset": {
      "x": -17,
      "y": -28
    },
    "originalSize": {
      "width": 220,
      "height": 220
    },
    "rotated": false,
    "capInsets": [
      0,
      0,
      0,
      0
    ],
    "vertices": {
      "rawPosition": [
        -78,
        -75,
        0,
        78,
        -75,
        0,
        -78,
        75,
        0,
        78,
        75,
        0
      ],
      "indexes": [
        0,
        1,
        2,
        2,
        1,
        3
      ],
      "uv": [
        15,
        157,
        171,
        157,
        15,
        7,
        171,
        7
      ],
      "nuv": [
        0.06818181818181818,
        0.031818181818181815,
        0.7772727272727272,
        0.031818181818181815,
        0.06818181818181818,
        0.7136363636363636,
        0.7772727272727272,
        0.7136363636363636
      ],
      "minPos": {
        "x": -78,
        "y": -75,
        "z": 0
      },
      "maxPos": {
        "x": 78,
        "y": 75,
        "z": 0
      }
    },
    "texture": "8a876ccd-ab46-42d9-a6e4-721d134db440@6c48a",
    "packable": true,
    "pixelsToUnit": 100,
    "pivot": {
      "x": 0.5,
      "y": 0.5
    },
    "meshType": 0
  }
}