{
  "__type__": "cc.SpriteFrame",
  "content": {
    "name": "1_08",
    "atlas": "",
    "rect": {
      "x": 33,
      "y": 39,
      "width": 140,
      "height": 117
    },
    "offset": {
      "x": -7,
      "y": 12.5
    },
    "originalSize": {
      "width": 220,
      "height": 220
    },
    "rotated": false,
    "capInsets": [
      0,
      0,
      0,
      0
    ],
    "vertices": {
      "rawPosition": [
        -70,
        -58.5,
        0,
        70,
        -58.5,
        0,
        -70,
        58.5,
        0,
        70,
        58.5,
        0
      ],
      "indexes": [
        0,
        1,
        2,
        2,
        1,
        3
      ],
      "uv": [
        33,
        181,
        173,
        181,
        33,
        64,
        173,
        64
      ],
      "nuv": [
        0.15,
        0.2909090909090909,
        0.7863636363636364,
        0.2909090909090909,
        0.15,
        0.8227272727272728,
        0.7863636363636364,
        0.8227272727272728
      ],
      "minPos": {
        "x": -70,
        "y": -58.5,
        "z": 0
      },
      "maxPos": {
        "x": 70,
        "y": 58.5,
        "z": 0
      }
    },
    "texture": "8ab27436-78f9-4d49-a4d5-0ba61e90f488@6c48a",
    "packable": true,
    "pixelsToUnit": 100,
    "pivot": {
      "x": 0.5,
      "y": 0.5
    },
    "meshType": 0
  }
}