{
  "__type__": "cc.SpriteFrame",
  "content": {
    "name": "1_005",
    "atlas": "",
    "rect": {
      "x": 189,
      "y": 76,
      "width": 137,
      "height": 137
    },
    "offset": {
      "x": 70,
      "y": 17.5
    },
    "originalSize": {
      "width": 375,
      "height": 324
    },
    "rotated": false,
    "capInsets": [
      0,
      0,
      0,
      0
    ],
    "vertices": {
      "rawPosition": [
        -68.5,
        -68.5,
        0,
        68.5,
        -68.5,
        0,
        -68.5,
        68.5,
        0,
        68.5,
        68.5,
        0
      ],
      "indexes": [
        0,
        1,
        2,
        2,
        1,
        3
      ],
      "uv": [
        189,
        248,
        326,
        248,
        189,
        111,
        326,
        111
      ],
      "nuv": [
        0.504,
        0.3425925925925926,
        0.8693333333333333,
        0.3425925925925926,
        0.504,
        0.7654320987654321,
        0.8693333333333333,
        0.7654320987654321
      ],
      "minPos": {
        "x": -68.5,
        "y": -68.5,
        "z": 0
      },
      "maxPos": {
        "x": 68.5,
        "y": 68.5,
        "z": 0
      }
    },
    "texture": "8aba6cb1-067b-48c8-a27e-79a68710f198@6c48a",
    "packable": true,
    "pixelsToUnit": 100,
    "pivot": {
      "x": 0.5,
      "y": 0.5
    },
    "meshType": 0
  }
}