{
  "__type__": "cc.SpriteFrame",
  "content": {
    "name": "1_12",
    "atlas": "",
    "rect": {
      "x": 50,
      "y": 59,
      "width": 128,
      "height": 138
    },
    "offset": {
      "x": 4,
      "y": -18
    },
    "originalSize": {
      "width": 220,
      "height": 220
    },
    "rotated": false,
    "capInsets": [
      0,
      0,
      0,
      0
    ],
    "vertices": {
      "rawPosition": [
        -64,
        -69,
        0,
        64,
        -69,
        0,
        -64,
        69,
        0,
        64,
        69,
        0
      ],
      "indexes": [
        0,
        1,
        2,
        2,
        1,
        3
      ],
      "uv": [
        50,
        161,
        178,
        161,
        50,
        23,
        178,
        23
      ],
      "nuv": [
        0.22727272727272727,
        0.10454545454545454,
        0.8090909090909091,
        0.10454545454545454,
        0.22727272727272727,
        0.7318181818181818,
        0.8090909090909091,
        0.7318181818181818
      ],
      "minPos": {
        "x": -64,
        "y": -69,
        "z": 0
      },
      "maxPos": {
        "x": 64,
        "y": 69,
        "z": 0
      }
    },
    "texture": "1b211d9f-d2d3-48ec-9bf9-3895fe2cdbb0@6c48a",
    "packable": true,
    "pixelsToUnit": 100,
    "pivot": {
      "x": 0.5,
      "y": 0.5
    },
    "meshType": 0
  }
}