{
  "__type__": "cc.SpriteFrame",
  "content": {
    "name": "1_34",
    "atlas": "",
    "rect": {
      "x": 37,
      "y": 39,
      "width": 205,
      "height": 274
    },
    "offset": {
      "x": -1,
      "y": -10.5
    },
    "originalSize": {
      "width": 281,
      "height": 331
    },
    "rotated": false,
    "capInsets": [
      0,
      0,
      0,
      0
    ],
    "vertices": {
      "rawPosition": [
        -102.5,
        -137,
        0,
        102.5,
        -137,
        0,
        -102.5,
        137,
        0,
        102.5,
        137,
        0
      ],
      "indexes": [
        0,
        1,
        2,
        2,
        1,
        3
      ],
      "uv": [
        37,
        292,
        242,
        292,
        37,
        18,
        242,
        18
      ],
      "nuv": [
        0.13167259786476868,
        0.054380664652567974,
        0.8612099644128114,
        0.054380664652567974,
        0.13167259786476868,
        0.8821752265861027,
        0.8612099644128114,
        0.8821752265861027
      ],
      "minPos": {
        "x": -102.5,
        "y": -137,
        "z": 0
      },
      "maxPos": {
        "x": 102.5,
        "y": 137,
        "z": 0
      }
    },
    "texture": "1bafdd0c-172a-4398-8495-ff6139b09cbd@6c48a",
    "packable": true,
    "pixelsToUnit": 100,
    "pivot": {
      "x": 0.5,
      "y": 0.5
    },
    "meshType": 0
  }
}