{
  "__type__": "cc.SpriteFrame",
  "content": {
    "name": "tu01-stand1_40",
    "atlas": "",
    "rect": {
      "x": 33,
      "y": 69,
      "width": 137,
      "height": 144
    },
    "offset": {
      "x": -8.5,
      "y": -31
    },
    "originalSize": {
      "width": 220,
      "height": 220
    },
    "rotated": false,
    "capInsets": [
      0,
      0,
      0,
      0
    ],
    "vertices": {
      "rawPosition": [
        -68.5,
        -72,
        0,
        68.5,
        -72,
        0,
        -68.5,
        72,
        0,
        68.5,
        72,
        0
      ],
      "indexes": [
        0,
        1,
        2,
        2,
        1,
        3
      ],
      "uv": [
        33,
        151,
        170,
        151,
        33,
        7,
        170,
        7
      ],
      "nuv": [
        0.15,
        0.031818181818181815,
        0.7727272727272727,
        0.031818181818181815,
        0.15,
        0.6863636363636364,
        0.7727272727272727,
        0.6863636363636364
      ],
      "minPos": {
        "x": -68.5,
        "y": -72,
        "z": 0
      },
      "maxPos": {
        "x": 68.5,
        "y": 72,
        "z": 0
      }
    },
    "texture": "1bb8a0e3-4234-4486-846e-25b15dc7ad21@6c48a",
    "packable": true,
    "pixelsToUnit": 100,
    "pivot": {
      "x": 0.5,
      "y": 0.5
    },
    "meshType": 0
  }
}