{
  "__type__": "cc.SpriteFrame",
  "content": {
    "name": "1_20",
    "atlas": "",
    "rect": {
      "x": 45,
      "y": 47,
      "width": 150,
      "height": 152
    },
    "offset": {
      "x": 10,
      "y": -13
    },
    "originalSize": {
      "width": 220,
      "height": 220
    },
    "rotated": false,
    "capInsets": [
      0,
      0,
      0,
      0
    ],
    "vertices": {
      "rawPosition": [
        -75,
        -76,
        0,
        75,
        -76,
        0,
        -75,
        76,
        0,
        75,
        76,
        0
      ],
      "indexes": [
        0,
        1,
        2,
        2,
        1,
        3
      ],
      "uv": [
        45,
        173,
        195,
        173,
        45,
        21,
        195,
        21
      ],
      "nuv": [
        0.20454545454545456,
        0.09545454545454546,
        0.8863636363636364,
        0.09545454545454546,
        0.20454545454545456,
        0.7863636363636364,
        0.8863636363636364,
        0.7863636363636364
      ],
      "minPos": {
        "x": -75,
        "y": -76,
        "z": 0
      },
      "maxPos": {
        "x": 75,
        "y": 76,
        "z": 0
      }
    },
    "texture": "1bd6bfef-02eb-4797-a9a4-6b9e5758859b@6c48a",
    "packable": true,
    "pixelsToUnit": 100,
    "pivot": {
      "x": 0.5,
      "y": 0.5
    },
    "meshType": 0
  }
}