{
  "__type__": "cc.SpriteFrame",
  "content": {
    "name": "tu01-stand1_76",
    "atlas": "",
    "rect": {
      "x": 31,
      "y": 69,
      "width": 139,
      "height": 144
    },
    "offset": {
      "x": -9.5,
      "y": -31
    },
    "originalSize": {
      "width": 220,
      "height": 220
    },
    "rotated": false,
    "capInsets": [
      0,
      0,
      0,
      0
    ],
    "vertices": {
      "rawPosition": [
        -69.5,
        -72,
        0,
        69.5,
        -72,
        0,
        -69.5,
        72,
        0,
        69.5,
        72,
        0
      ],
      "indexes": [
        0,
        1,
        2,
        2,
        1,
        3
      ],
      "uv": [
        31,
        151,
        170,
        151,
        31,
        7,
        170,
        7
      ],
      "nuv": [
        0.1409090909090909,
        0.031818181818181815,
        0.7727272727272727,
        0.031818181818181815,
        0.1409090909090909,
        0.6863636363636364,
        0.7727272727272727,
        0.6863636363636364
      ],
      "minPos": {
        "x": -69.5,
        "y": -72,
        "z": 0
      },
      "maxPos": {
        "x": 69.5,
        "y": 72,
        "z": 0
      }
    },
    "texture": "5215478d-672e-4f23-8e6b-b40cd7e610a4@6c48a",
    "packable": true,
    "pixelsToUnit": 100,
    "pivot": {
      "x": 0.5,
      "y": 0.5
    },
    "meshType": 0
  }
}