{
  "__type__": "cc.SpriteFrame",
  "content": {
    "name": "1_37",
    "atlas": "",
    "rect": {
      "x": 40,
      "y": 47,
      "width": 140,
      "height": 154
    },
    "offset": {
      "x": 0,
      "y": -14
    },
    "originalSize": {
      "width": 220,
      "height": 220
    },
    "rotated": false,
    "capInsets": [
      0,
      0,
      0,
      0
    ],
    "vertices": {
      "rawPosition": [
        -70,
        -77,
        0,
        70,
        -77,
        0,
        -70,
        77,
        0,
        70,
        77,
        0
      ],
      "indexes": [
        0,
        1,
        2,
        2,
        1,
        3
      ],
      "uv": [
        40,
        173,
        180,
        173,
        40,
        19,
        180,
        19
      ],
      "nuv": [
        0.18181818181818182,
        0.08636363636363636,
        0.8181818181818182,
        0.08636363636363636,
        0.18181818181818182,
        0.7863636363636364,
        0.8181818181818182,
        0.7863636363636364
      ],
      "minPos": {
        "x": -70,
        "y": -77,
        "z": 0
      },
      "maxPos": {
        "x": 70,
        "y": 77,
        "z": 0
      }
    },
    "texture": "5257d254-0e83-484e-8c5a-264436d076c2@6c48a",
    "packable": true,
    "pixelsToUnit": 100,
    "pivot": {
      "x": 0.5,
      "y": 0.5
    },
    "meshType": 0
  }
}