{
  "__type__": "cc.SpriteFrame",
  "content": {
    "name": "1_29",
    "atlas": "",
    "rect": {
      "x": 36,
      "y": 49,
      "width": 138,
      "height": 110
    },
    "offset": {
      "x": -5,
      "y": 6
    },
    "originalSize": {
      "width": 220,
      "height": 220
    },
    "rotated": false,
    "capInsets": [
      0,
      0,
      0,
      0
    ],
    "vertices": {
      "rawPosition": [
        -69,
        -55,
        0,
        69,
        -55,
        0,
        -69,
        55,
        0,
        69,
        55,
        0
      ],
      "indexes": [
        0,
        1,
        2,
        2,
        1,
        3
      ],
      "uv": [
        36,
        171,
        174,
        171,
        36,
        61,
        174,
        61
      ],
      "nuv": [
        0.16363636363636364,
        0.2772727272727273,
        0.7909090909090909,
        0.2772727272727273,
        0.16363636363636364,
        0.7772727272727272,
        0.7909090909090909,
        0.7772727272727272
      ],
      "minPos": {
        "x": -69,
        "y": -55,
        "z": 0
      },
      "maxPos": {
        "x": 69,
        "y": 55,
        "z": 0
      }
    },
    "texture": "52918ac9-ab4a-4962-be61-d680a46917e8@6c48a",
    "packable": true,
    "pixelsToUnit": 100,
    "pivot": {
      "x": 0.5,
      "y": 0.5
    },
    "meshType": 0
  }
}