{
  "__type__": "cc.SpriteFrame",
  "content": {
    "name": "1_04",
    "atlas": "",
    "rect": {
      "x": 62,
      "y": 61,
      "width": 97,
      "height": 97
    },
    "offset": {
      "x": 0.5,
      "y": 0.5
    },
    "originalSize": {
      "width": 220,
      "height": 220
    },
    "rotated": false,
    "capInsets": [
      0,
      0,
      0,
      0
    ],
    "vertices": {
      "rawPosition": [
        -48.5,
        -48.5,
        0,
        48.5,
        -48.5,
        0,
        -48.5,
        48.5,
        0,
        48.5,
        48.5,
        0
      ],
      "indexes": [
        0,
        1,
        2,
        2,
        1,
        3
      ],
      "uv": [
        62,
        159,
        159,
        159,
        62,
        62,
        159,
        62
      ],
      "nuv": [
        0.2818181818181818,
        0.2818181818181818,
        0.7227272727272728,
        0.2818181818181818,
        0.2818181818181818,
        0.7227272727272728,
        0.7227272727272728,
        0.7227272727272728
      ],
      "minPos": {
        "x": -48.5,
        "y": -48.5,
        "z": 0
      },
      "maxPos": {
        "x": 48.5,
        "y": 48.5,
        "z": 0
      }
    },
    "texture": "52d29065-e0cf-44cd-9321-d83dbda3f397@6c48a",
    "packable": true,
    "pixelsToUnit": 100,
    "pivot": {
      "x": 0.5,
      "y": 0.5
    },
    "meshType": 0
  }
}