{
  "__type__": "cc.SpriteFrame",
  "content": {
    "name": "1_106",
    "atlas": "",
    "rect": {
      "x": 79,
      "y": 126,
      "width": 194,
      "height": 175
    },
    "offset": {
      "x": -11.5,
      "y": -51.5
    },
    "originalSize": {
      "width": 375,
      "height": 324
    },
    "rotated": false,
    "capInsets": [
      0,
      0,
      0,
      0
    ],
    "vertices": {
      "rawPosition": [
        -97,
        -87.5,
        0,
        97,
        -87.5,
        0,
        -97,
        87.5,
        0,
        97,
        87.5,
        0
      ],
      "indexes": [
        0,
        1,
        2,
        2,
        1,
        3
      ],
      "uv": [
        79,
        198,
        273,
        198,
        79,
        23,
        273,
        23
      ],
      "nuv": [
        0.21066666666666667,
        0.07098765432098765,
        0.728,
        0.07098765432098765,
        0.21066666666666667,
        0.6111111111111112,
        0.728,
        0.6111111111111112
      ],
      "minPos": {
        "x": -97,
        "y": -87.5,
        "z": 0
      },
      "maxPos": {
        "x": 97,
        "y": 87.5,
        "z": 0
      }
    },
    "texture": "0f529b58-a8f6-4f76-80f4-80df1321f185@6c48a",
    "packable": true,
    "pixelsToUnit": 100,
    "pivot": {
      "x": 0.5,
      "y": 0.5
    },
    "meshType": 0
  }
}