{
  "__type__": "cc.SpriteFrame",
  "content": {
    "name": "1_33",
    "atlas": "",
    "rect": {
      "x": 38,
      "y": 52,
      "width": 139,
      "height": 150
    },
    "offset": {
      "x": -2.5,
      "y": -17
    },
    "originalSize": {
      "width": 220,
      "height": 220
    },
    "rotated": false,
    "capInsets": [
      0,
      0,
      0,
      0
    ],
    "vertices": {
      "rawPosition": [
        -69.5,
        -75,
        0,
        69.5,
        -75,
        0,
        -69.5,
        75,
        0,
        69.5,
        75,
        0
      ],
      "indexes": [
        0,
        1,
        2,
        2,
        1,
        3
      ],
      "uv": [
        38,
        168,
        177,
        168,
        38,
        18,
        177,
        18
      ],
      "nuv": [
        0.17272727272727273,
        0.08181818181818182,
        0.8045454545454546,
        0.08181818181818182,
        0.17272727272727273,
        0.7636363636363637,
        0.8045454545454546,
        0.7636363636363637
      ],
      "minPos": {
        "x": -69.5,
        "y": -75,
        "z": 0
      },
      "maxPos": {
        "x": 69.5,
        "y": 75,
        "z": 0
      }
    },
    "texture": "0f76a54a-e9af-41db-aa7f-5de9b5eb52e9@6c48a",
    "packable": true,
    "pixelsToUnit": 100,
    "pivot": {
      "x": 0.5,
      "y": 0.5
    },
    "meshType": 0
  }
}