{
  "__type__": "cc.SpriteFrame",
  "content": {
    "name": "1_38",
    "atlas": "",
    "rect": {
      "x": 46,
      "y": 45,
      "width": 141,
      "height": 161
    },
    "offset": {
      "x": 6.5,
      "y": -15.5
    },
    "originalSize": {
      "width": 220,
      "height": 220
    },
    "rotated": false,
    "capInsets": [
      0,
      0,
      0,
      0
    ],
    "vertices": {
      "rawPosition": [
        -70.5,
        -80.5,
        0,
        70.5,
        -80.5,
        0,
        -70.5,
        80.5,
        0,
        70.5,
        80.5,
        0
      ],
      "indexes": [
        0,
        1,
        2,
        2,
        1,
        3
      ],
      "uv": [
        46,
        175,
        187,
        175,
        46,
        14,
        187,
        14
      ],
      "nuv": [
        0.20909090909090908,
        0.06363636363636363,
        0.85,
        0.06363636363636363,
        0.20909090909090908,
        0.7954545454545454,
        0.85,
        0.7954545454545454
      ],
      "minPos": {
        "x": -70.5,
        "y": -80.5,
        "z": 0
      },
      "maxPos": {
        "x": 70.5,
        "y": 80.5,
        "z": 0
      }
    },
    "texture": "0f982b26-426d-4971-abcd-df6375726144@6c48a",
    "packable": true,
    "pixelsToUnit": 100,
    "pivot": {
      "x": 0.5,
      "y": 0.5
    },
    "meshType": 0
  }
}