{
  "__type__": "cc.SpriteFrame",
  "content": {
    "name": "1_48",
    "atlas": "",
    "rect": {
      "x": 24,
      "y": 35,
      "width": 135,
      "height": 166
    },
    "offset": {
      "x": -18.5,
      "y": -8
    },
    "originalSize": {
      "width": 220,
      "height": 220
    },
    "rotated": false,
    "capInsets": [
      0,
      0,
      0,
      0
    ],
    "vertices": {
      "rawPosition": [
        -67.5,
        -83,
        0,
        67.5,
        -83,
        0,
        -67.5,
        83,
        0,
        67.5,
        83,
        0
      ],
      "indexes": [
        0,
        1,
        2,
        2,
        1,
        3
      ],
      "uv": [
        24,
        185,
        159,
        185,
        24,
        19,
        159,
        19
      ],
      "nuv": [
        0.10909090909090909,
        0.08636363636363636,
        0.7227272727272728,
        0.08636363636363636,
        0.10909090909090909,
        0.8409090909090909,
        0.7227272727272728,
        0.8409090909090909
      ],
      "minPos": {
        "x": -67.5,
        "y": -83,
        "z": 0
      },
      "maxPos": {
        "x": 67.5,
        "y": 83,
        "z": 0
      }
    },
    "texture": "0f9c4ff3-181b-4728-8a5a-d507454580d0@6c48a",
    "packable": true,
    "pixelsToUnit": 100,
    "pivot": {
      "x": 0.5,
      "y": 0.5
    },
    "meshType": 0
  }
}