{
  "__type__": "cc.SpriteFrame",
  "content": {
    "name": "1_24",
    "atlas": "",
    "rect": {
      "x": 17,
      "y": 33,
      "width": 142,
      "height": 168
    },
    "offset": {
      "x": -22,
      "y": -7
    },
    "originalSize": {
      "width": 220,
      "height": 220
    },
    "rotated": false,
    "capInsets": [
      0,
      0,
      0,
      0
    ],
    "vertices": {
      "rawPosition": [
        -71,
        -84,
        0,
        71,
        -84,
        0,
        -71,
        84,
        0,
        71,
        84,
        0
      ],
      "indexes": [
        0,
        1,
        2,
        2,
        1,
        3
      ],
      "uv": [
        17,
        187,
        159,
        187,
        17,
        19,
        159,
        19
      ],
      "nuv": [
        0.07727272727272727,
        0.08636363636363636,
        0.7227272727272728,
        0.08636363636363636,
        0.07727272727272727,
        0.85,
        0.7227272727272728,
        0.85
      ],
      "minPos": {
        "x": -71,
        "y": -84,
        "z": 0
      },
      "maxPos": {
        "x": 71,
        "y": 84,
        "z": 0
      }
    },
    "texture": "0fb61639-8cf9-4987-b7c8-c2c7c24ffe97@6c48a",
    "packable": true,
    "pixelsToUnit": 100,
    "pivot": {
      "x": 0.5,
      "y": 0.5
    },
    "meshType": 0
  }
}