{
  "__type__": "cc.SpriteFrame",
  "content": {
    "name": "idle_11",
    "atlas": "",
    "rect": {
      "x": 30,
      "y": 25,
      "width": 50,
      "height": 157
    },
    "offset": {
      "x": -5,
      "y": -6
    },
    "originalSize": {
      "width": 120,
      "height": 195
    },
    "rotated": false,
    "capInsets": [
      0,
      0,
      0,
      0
    ],
    "vertices": {
      "rawPosition": [
        -25,
        -78.5,
        0,
        25,
        -78.5,
        0,
        -25,
        78.5,
        0,
        25,
        78.5,
        0
      ],
      "indexes": [
        0,
        1,
        2,
        2,
        1,
        3
      ],
      "uv": [
        30,
        170,
        80,
        170,
        30,
        13,
        80,
        13
      ],
      "nuv": [
        0.25,
        0.06666666666666667,
        0.6666666666666666,
        0.06666666666666667,
        0.25,
        0.8717948717948718,
        0.6666666666666666,
        0.8717948717948718
      ],
      "minPos": {
        "x": -25,
        "y": -78.5,
        "z": 0
      },
      "maxPos": {
        "x": 25,
        "y": 78.5,
        "z": 0
      }
    },
    "texture": "862a31fb-adf9-4d0b-8f0e-4a1c1a92566d@6c48a",
    "packable": true,
    "pixelsToUnit": 100,
    "pivot": {
      "x": 0.5,
      "y": 0.5
    },
    "meshType": 0
  }
}