{
  "__type__": "cc.SpriteFrame",
  "content": {
    "name": "move_08",
    "atlas": "",
    "rect": {
      "x": 46,
      "y": 23,
      "width": 49,
      "height": 161
    },
    "offset": {
      "x": 10.5,
      "y": -6
    },
    "originalSize": {
      "width": 120,
      "height": 195
    },
    "rotated": false,
    "capInsets": [
      0,
      0,
      0,
      0
    ],
    "vertices": {
      "rawPosition": [
        -24.5,
        -80.5,
        0,
        24.5,
        -80.5,
        0,
        -24.5,
        80.5,
        0,
        24.5,
        80.5,
        0
      ],
      "indexes": [
        0,
        1,
        2,
        2,
        1,
        3
      ],
      "uv": [
        46,
        172,
        95,
        172,
        46,
        11,
        95,
        11
      ],
      "nuv": [
        0.38333333333333336,
        0.05641025641025641,
        0.7916666666666666,
        0.05641025641025641,
        0.38333333333333336,
        0.882051282051282,
        0.7916666666666666,
        0.882051282051282
      ],
      "minPos": {
        "x": -24.5,
        "y": -80.5,
        "z": 0
      },
      "maxPos": {
        "x": 24.5,
        "y": 80.5,
        "z": 0
      }
    },
    "texture": "867bd22a-30f2-4691-8e54-4dc57703eb66@6c48a",
    "packable": true,
    "pixelsToUnit": 100,
    "pivot": {
      "x": 0.5,
      "y": 0.5
    },
    "meshType": 0
  }
}