{
  "__type__": "cc.SpriteFrame",
  "content": {
    "name": "move_11",
    "atlas": "",
    "rect": {
      "x": 29,
      "y": 30,
      "width": 53,
      "height": 153
    },
    "offset": {
      "x": -4.5,
      "y": -9
    },
    "originalSize": {
      "width": 120,
      "height": 195
    },
    "rotated": false,
    "capInsets": [
      0,
      0,
      0,
      0
    ],
    "vertices": {
      "rawPosition": [
        -26.5,
        -76.5,
        0,
        26.5,
        -76.5,
        0,
        -26.5,
        76.5,
        0,
        26.5,
        76.5,
        0
      ],
      "indexes": [
        0,
        1,
        2,
        2,
        1,
        3
      ],
      "uv": [
        29,
        165,
        82,
        165,
        29,
        12,
        82,
        12
      ],
      "nuv": [
        0.24166666666666667,
        0.06153846153846154,
        0.6833333333333333,
        0.06153846153846154,
        0.24166666666666667,
        0.8461538461538461,
        0.6833333333333333,
        0.8461538461538461
      ],
      "minPos": {
        "x": -26.5,
        "y": -76.5,
        "z": 0
      },
      "maxPos": {
        "x": 26.5,
        "y": 76.5,
        "z": 0
      }
    },
    "texture": "237f5596-aa54-4d53-90d5-375da5f32272@6c48a",
    "packable": true,
    "pixelsToUnit": 100,
    "pivot": {
      "x": 0.5,
      "y": 0.5
    },
    "meshType": 0
  }
}