{
  "__type__": "cc.SpriteFrame",
  "content": {
    "name": "sit_idle_03",
    "atlas": "",
    "rect": {
      "x": 29,
      "y": 46,
      "width": 65,
      "height": 136
    },
    "offset": {
      "x": 1.5,
      "y": -16.5
    },
    "originalSize": {
      "width": 120,
      "height": 195
    },
    "rotated": false,
    "capInsets": [
      0,
      0,
      0,
      0
    ],
    "vertices": {
      "rawPosition": [
        -32.5,
        -68,
        0,
        32.5,
        -68,
        0,
        -32.5,
        68,
        0,
        32.5,
        68,
        0
      ],
      "indexes": [
        0,
        1,
        2,
        2,
        1,
        3
      ],
      "uv": [
        29,
        149,
        94,
        149,
        29,
        13,
        94,
        13
      ],
      "nuv": [
        0.24166666666666667,
        0.06666666666666667,
        0.7833333333333333,
        0.06666666666666667,
        0.24166666666666667,
        0.764102564102564,
        0.7833333333333333,
        0.764102564102564
      ],
      "minPos": {
        "x": -32.5,
        "y": -68,
        "z": 0
      },
      "maxPos": {
        "x": 32.5,
        "y": 68,
        "z": 0
      }
    },
    "texture": "23c1209f-de72-4970-b62d-ebbe7eba6025@6c48a",
    "packable": true,
    "pixelsToUnit": 100,
    "pivot": {
      "x": 0.5,
      "y": 0.5
    },
    "meshType": 0
  }
}