{
  "__type__": "cc.SpriteFrame",
  "content": {
    "name": "1_38",
    "atlas": "",
    "rect": {
      "x": 40,
      "y": 39,
      "width": 132,
      "height": 166
    },
    "offset": {
      "x": -4,
      "y": -12
    },
    "originalSize": {
      "width": 220,
      "height": 220
    },
    "rotated": false,
    "capInsets": [
      0,
      0,
      0,
      0
    ],
    "vertices": {
      "rawPosition": [
        -66,
        -83,
        0,
        66,
        -83,
        0,
        -66,
        83,
        0,
        66,
        83,
        0
      ],
      "indexes": [
        0,
        1,
        2,
        2,
        1,
        3
      ],
      "uv": [
        40,
        181,
        172,
        181,
        40,
        15,
        172,
        15
      ],
      "nuv": [
        0.18181818181818182,
        0.06818181818181818,
        0.7818181818181819,
        0.06818181818181818,
        0.18181818181818182,
        0.8227272727272728,
        0.7818181818181819,
        0.8227272727272728
      ],
      "minPos": {
        "x": -66,
        "y": -83,
        "z": 0
      },
      "maxPos": {
        "x": 66,
        "y": 83,
        "z": 0
      }
    },
    "texture": "23fbcede-bfbd-4616-96de-938a36b09d97@6c48a",
    "packable": true,
    "pixelsToUnit": 100,
    "pivot": {
      "x": 0.5,
      "y": 0.5
    },
    "meshType": 0
  }
}