{
  "__type__": "cc.SpriteFrame",
  "content": {
    "name": "1_019",
    "atlas": "",
    "rect": {
      "x": 79,
      "y": 134,
      "width": 191,
      "height": 151
    },
    "offset": {
      "x": -13,
      "y": -47.5
    },
    "originalSize": {
      "width": 375,
      "height": 324
    },
    "rotated": false,
    "capInsets": [
      0,
      0,
      0,
      0
    ],
    "vertices": {
      "rawPosition": [
        -95.5,
        -75.5,
        0,
        95.5,
        -75.5,
        0,
        -95.5,
        75.5,
        0,
        95.5,
        75.5,
        0
      ],
      "indexes": [
        0,
        1,
        2,
        2,
        1,
        3
      ],
      "uv": [
        79,
        190,
        270,
        190,
        79,
        39,
        270,
        39
      ],
      "nuv": [
        0.21066666666666667,
        0.12037037037037036,
        0.72,
        0.12037037037037036,
        0.21066666666666667,
        0.5864197530864198,
        0.72,
        0.5864197530864198
      ],
      "minPos": {
        "x": -95.5,
        "y": -75.5,
        "z": 0
      },
      "maxPos": {
        "x": 95.5,
        "y": 75.5,
        "z": 0
      }
    },
    "texture": "23fcfd52-8174-4a13-a932-92adb46db1d5@6c48a",
    "packable": true,
    "pixelsToUnit": 100,
    "pivot": {
      "x": 0.5,
      "y": 0.5
    },
    "meshType": 0
  }
}