{
  "__type__": "cc.SpriteFrame",
  "content": {
    "name": "1_21",
    "atlas": "",
    "rect": {
      "x": 13,
      "y": 31,
      "width": 146,
      "height": 170
    },
    "offset": {
      "x": -24,
      "y": -6
    },
    "originalSize": {
      "width": 220,
      "height": 220
    },
    "rotated": false,
    "capInsets": [
      0,
      0,
      0,
      0
    ],
    "vertices": {
      "rawPosition": [
        -73,
        -85,
        0,
        73,
        -85,
        0,
        -73,
        85,
        0,
        73,
        85,
        0
      ],
      "indexes": [
        0,
        1,
        2,
        2,
        1,
        3
      ],
      "uv": [
        13,
        189,
        159,
        189,
        13,
        19,
        159,
        19
      ],
      "nuv": [
        0.05909090909090909,
        0.08636363636363636,
        0.7227272727272728,
        0.08636363636363636,
        0.05909090909090909,
        0.8590909090909091,
        0.7227272727272728,
        0.8590909090909091
      ],
      "minPos": {
        "x": -73,
        "y": -85,
        "z": 0
      },
      "maxPos": {
        "x": 73,
        "y": 85,
        "z": 0
      }
    },
    "texture": "027a928f-6cfa-4afd-8e90-99d93ef08305@6c48a",
    "packable": true,
    "pixelsToUnit": 100,
    "pivot": {
      "x": 0.5,
      "y": 0.5
    },
    "meshType": 0
  }
}