{
  "__type__": "cc.SpriteFrame",
  "content": {
    "name": "1_02",
    "atlas": "",
    "rect": {
      "x": 28,
      "y": 46,
      "width": 161,
      "height": 160
    },
    "offset": {
      "x": -1.5,
      "y": -16
    },
    "originalSize": {
      "width": 220,
      "height": 220
    },
    "rotated": false,
    "capInsets": [
      0,
      0,
      0,
      0
    ],
    "vertices": {
      "rawPosition": [
        -80.5,
        -80,
        0,
        80.5,
        -80,
        0,
        -80.5,
        80,
        0,
        80.5,
        80,
        0
      ],
      "indexes": [
        0,
        1,
        2,
        2,
        1,
        3
      ],
      "uv": [
        28,
        174,
        189,
        174,
        28,
        14,
        189,
        14
      ],
      "nuv": [
        0.12727272727272726,
        0.06363636363636363,
        0.8590909090909091,
        0.06363636363636363,
        0.12727272727272726,
        0.7909090909090909,
        0.8590909090909091,
        0.7909090909090909
      ],
      "minPos": {
        "x": -80.5,
        "y": -80,
        "z": 0
      },
      "maxPos": {
        "x": 80.5,
        "y": 80,
        "z": 0
      }
    },
    "texture": "0297b236-1e56-46ea-bde8-364b93ae9a99@6c48a",
    "packable": true,
    "pixelsToUnit": 100,
    "pivot": {
      "x": 0.5,
      "y": 0.5
    },
    "meshType": 0
  }
}