{
  "__type__": "cc.SpriteFrame",
  "content": {
    "name": "1_63",
    "atlas": "",
    "rect": {
      "x": 39,
      "y": 48,
      "width": 134,
      "height": 153
    },
    "offset": {
      "x": -4,
      "y": -14.5
    },
    "originalSize": {
      "width": 220,
      "height": 220
    },
    "rotated": false,
    "capInsets": [
      0,
      0,
      0,
      0
    ],
    "vertices": {
      "rawPosition": [
        -67,
        -76.5,
        0,
        67,
        -76.5,
        0,
        -67,
        76.5,
        0,
        67,
        76.5,
        0
      ],
      "indexes": [
        0,
        1,
        2,
        2,
        1,
        3
      ],
      "uv": [
        39,
        172,
        173,
        172,
        39,
        19,
        173,
        19
      ],
      "nuv": [
        0.17727272727272728,
        0.08636363636363636,
        0.7863636363636364,
        0.08636363636363636,
        0.17727272727272728,
        0.7818181818181819,
        0.7863636363636364,
        0.7818181818181819
      ],
      "minPos": {
        "x": -67,
        "y": -76.5,
        "z": 0
      },
      "maxPos": {
        "x": 67,
        "y": 76.5,
        "z": 0
      }
    },
    "texture": "02998b46-bcd3-430e-b698-0bb77732d2cc@6c48a",
    "packable": true,
    "pixelsToUnit": 100,
    "pivot": {
      "x": 0.5,
      "y": 0.5
    },
    "meshType": 0
  }
}