{
  "__type__": "cc.SpriteFrame",
  "content": {
    "name": "sit_idle_22",
    "atlas": "",
    "rect": {
      "x": 31,
      "y": 46,
      "width": 62,
      "height": 136
    },
    "offset": {
      "x": -5.5,
      "y": -16.5
    },
    "originalSize": {
      "width": 135,
      "height": 195
    },
    "rotated": false,
    "capInsets": [
      0,
      0,
      0,
      0
    ],
    "vertices": {
      "rawPosition": [
        -31,
        -68,
        0,
        31,
        -68,
        0,
        -31,
        68,
        0,
        31,
        68,
        0
      ],
      "indexes": [
        0,
        1,
        2,
        2,
        1,
        3
      ],
      "uv": [
        31,
        149,
        93,
        149,
        31,
        13,
        93,
        13
      ],
      "nuv": [
        0.22962962962962963,
        0.06666666666666667,
        0.6888888888888889,
        0.06666666666666667,
        0.22962962962962963,
        0.764102564102564,
        0.6888888888888889,
        0.764102564102564
      ],
      "minPos": {
        "x": -31,
        "y": -68,
        "z": 0
      },
      "maxPos": {
        "x": 31,
        "y": 68,
        "z": 0
      }
    },
    "texture": "02ed0229-7527-4451-a94f-b6254b91bf09@6c48a",
    "packable": true,
    "pixelsToUnit": 100,
    "pivot": {
      "x": 0.5,
      "y": 0.5
    },
    "meshType": 0
  }
}