{
  "__type__": "cc.SpriteFrame",
  "content": {
    "name": "1_32",
    "atlas": "",
    "rect": {
      "x": 36,
      "y": 45,
      "width": 143,
      "height": 161
    },
    "offset": {
      "x": -2.5,
      "y": -15.5
    },
    "originalSize": {
      "width": 220,
      "height": 220
    },
    "rotated": false,
    "capInsets": [
      0,
      0,
      0,
      0
    ],
    "vertices": {
      "rawPosition": [
        -71.5,
        -80.5,
        0,
        71.5,
        -80.5,
        0,
        -71.5,
        80.5,
        0,
        71.5,
        80.5,
        0
      ],
      "indexes": [
        0,
        1,
        2,
        2,
        1,
        3
      ],
      "uv": [
        36,
        175,
        179,
        175,
        36,
        14,
        179,
        14
      ],
      "nuv": [
        0.16363636363636364,
        0.06363636363636363,
        0.8136363636363636,
        0.06363636363636363,
        0.16363636363636364,
        0.7954545454545454,
        0.8136363636363636,
        0.7954545454545454
      ],
      "minPos": {
        "x": -71.5,
        "y": -80.5,
        "z": 0
      },
      "maxPos": {
        "x": 71.5,
        "y": 80.5,
        "z": 0
      }
    },
    "texture": "02fb40ff-dacb-46b7-8689-8e5c1ca9f519@6c48a",
    "packable": true,
    "pixelsToUnit": 100,
    "pivot": {
      "x": 0.5,
      "y": 0.5
    },
    "meshType": 0
  }
}