{
  "__type__": "cc.SpriteFrame",
  "content": {
    "name": "1_16",
    "atlas": "",
    "rect": {
      "x": 35,
      "y": 47,
      "width": 139,
      "height": 159
    },
    "offset": {
      "x": -5.5,
      "y": -16.5
    },
    "originalSize": {
      "width": 220,
      "height": 220
    },
    "rotated": false,
    "capInsets": [
      0,
      0,
      0,
      0
    ],
    "vertices": {
      "rawPosition": [
        -69.5,
        -79.5,
        0,
        69.5,
        -79.5,
        0,
        -69.5,
        79.5,
        0,
        69.5,
        79.5,
        0
      ],
      "indexes": [
        0,
        1,
        2,
        2,
        1,
        3
      ],
      "uv": [
        35,
        173,
        174,
        173,
        35,
        14,
        174,
        14
      ],
      "nuv": [
        0.1590909090909091,
        0.06363636363636363,
        0.7909090909090909,
        0.06363636363636363,
        0.1590909090909091,
        0.7863636363636364,
        0.7909090909090909,
        0.7863636363636364
      ],
      "minPos": {
        "x": -69.5,
        "y": -79.5,
        "z": 0
      },
      "maxPos": {
        "x": 69.5,
        "y": 79.5,
        "z": 0
      }
    },
    "texture": "9d7600d4-eb4c-447b-ba08-32ca9e8c6b78@6c48a",
    "packable": true,
    "pixelsToUnit": 100,
    "pivot": {
      "x": 0.5,
      "y": 0.5
    },
    "meshType": 0
  }
}