{
  "__type__": "cc.SpriteFrame",
  "content": {
    "name": "sit_02",
    "atlas": "",
    "rect": {
      "x": 34,
      "y": 35,
      "width": 51,
      "height": 148
    },
    "offset": {
      "x": -0.5,
      "y": -11.5
    },
    "originalSize": {
      "width": 120,
      "height": 195
    },
    "rotated": false,
    "capInsets": [
      0,
      0,
      0,
      0
    ],
    "vertices": {
      "rawPosition": [
        -25.5,
        -74,
        0,
        25.5,
        -74,
        0,
        -25.5,
        74,
        0,
        25.5,
        74,
        0
      ],
      "indexes": [
        0,
        1,
        2,
        2,
        1,
        3
      ],
      "uv": [
        34,
        160,
        85,
        160,
        34,
        12,
        85,
        12
      ],
      "nuv": [
        0.2833333333333333,
        0.06153846153846154,
        0.7083333333333334,
        0.06153846153846154,
        0.2833333333333333,
        0.8205128205128205,
        0.7083333333333334,
        0.8205128205128205
      ],
      "minPos": {
        "x": -25.5,
        "y": -74,
        "z": 0
      },
      "maxPos": {
        "x": 25.5,
        "y": 74,
        "z": 0
      }
    },
    "texture": "fb38bd88-ba9b-4934-9959-76629fb39f19@6c48a",
    "packable": true,
    "pixelsToUnit": 100,
    "pivot": {
      "x": 0.5,
      "y": 0.5
    },
    "meshType": 0
  }
}