{
  "__type__": "cc.SpriteFrame",
  "content": {
    "name": "1_21",
    "atlas": "",
    "rect": {
      "x": 38,
      "y": 44,
      "width": 142,
      "height": 162
    },
    "offset": {
      "x": -1,
      "y": -15
    },
    "originalSize": {
      "width": 220,
      "height": 220
    },
    "rotated": false,
    "capInsets": [
      0,
      0,
      0,
      0
    ],
    "vertices": {
      "rawPosition": [
        -71,
        -81,
        0,
        71,
        -81,
        0,
        -71,
        81,
        0,
        71,
        81,
        0
      ],
      "indexes": [
        0,
        1,
        2,
        2,
        1,
        3
      ],
      "uv": [
        38,
        176,
        180,
        176,
        38,
        14,
        180,
        14
      ],
      "nuv": [
        0.17272727272727273,
        0.06363636363636363,
        0.8181818181818182,
        0.06363636363636363,
        0.17272727272727273,
        0.8,
        0.8181818181818182,
        0.8
      ],
      "minPos": {
        "x": -71,
        "y": -81,
        "z": 0
      },
      "maxPos": {
        "x": 71,
        "y": 81,
        "z": 0
      }
    },
    "texture": "fb421a6a-9fca-4850-aa2c-bf9aa3ba3b5f@6c48a",
    "packable": true,
    "pixelsToUnit": 100,
    "pivot": {
      "x": 0.5,
      "y": 0.5
    },
    "meshType": 0
  }
}