{
  "__type__": "cc.SpriteFrame",
  "content": {
    "name": "1_28",
    "atlas": "",
    "rect": {
      "x": 0,
      "y": 0,
      "width": 219,
      "height": 220
    },
    "offset": {
      "x": -0.5,
      "y": 0
    },
    "originalSize": {
      "width": 220,
      "height": 220
    },
    "rotated": false,
    "capInsets": [
      0,
      0,
      0,
      0
    ],
    "vertices": {
      "rawPosition": [
        -109.5,
        -110,
        0,
        109.5,
        -110,
        0,
        -109.5,
        110,
        0,
        109.5,
        110,
        0
      ],
      "indexes": [
        0,
        1,
        2,
        2,
        1,
        3
      ],
      "uv": [
        0,
        220,
        219,
        220,
        0,
        0,
        219,
        0
      ],
      "nuv": [
        0,
        0,
        0.9954545454545455,
        0,
        0,
        1,
        0.9954545454545455,
        1
      ],
      "minPos": {
        "x": -109.5,
        "y": -110,
        "z": 0
      },
      "maxPos": {
        "x": 109.5,
        "y": 110,
        "z": 0
      }
    },
    "texture": "fb6fb62d-8bcd-434f-a3b2-86f0b346271c@6c48a",
    "packable": true,
    "pixelsToUnit": 100,
    "pivot": {
      "x": 0.5,
      "y": 0.5
    },
    "meshType": 0
  }
}