{
  "__type__": "cc.SpriteFrame",
  "content": {
    "name": "move_12",
    "atlas": "",
    "rect": {
      "x": 45,
      "y": 26,
      "width": 54,
      "height": 158
    },
    "offset": {
      "x": 4.5,
      "y": -7.5
    },
    "originalSize": {
      "width": 135,
      "height": 195
    },
    "rotated": false,
    "capInsets": [
      0,
      0,
      0,
      0
    ],
    "vertices": {
      "rawPosition": [
        -27,
        -79,
        0,
        27,
        -79,
        0,
        -27,
        79,
        0,
        27,
        79,
        0
      ],
      "indexes": [
        0,
        1,
        2,
        2,
        1,
        3
      ],
      "uv": [
        45,
        169,
        99,
        169,
        45,
        11,
        99,
        11
      ],
      "nuv": [
        0.3333333333333333,
        0.05641025641025641,
        0.7333333333333333,
        0.05641025641025641,
        0.3333333333333333,
        0.8666666666666667,
        0.7333333333333333,
        0.8666666666666667
      ],
      "minPos": {
        "x": -27,
        "y": -79,
        "z": 0
      },
      "maxPos": {
        "x": 27,
        "y": 79,
        "z": 0
      }
    },
    "texture": "fbdd81b8-b2a2-4ed5-baef-2ca8a0497808@6c48a",
    "packable": true,
    "pixelsToUnit": 100,
    "pivot": {
      "x": 0.5,
      "y": 0.5
    },
    "meshType": 0
  }
}