{
  "__type__": "cc.SpriteFrame",
  "content": {
    "name": "1_07",
    "atlas": "",
    "rect": {
      "x": 40,
      "y": 49,
      "width": 150,
      "height": 159
    },
    "offset": {
      "x": 5,
      "y": -18.5
    },
    "originalSize": {
      "width": 220,
      "height": 220
    },
    "rotated": false,
    "capInsets": [
      0,
      0,
      0,
      0
    ],
    "vertices": {
      "rawPosition": [
        -75,
        -79.5,
        0,
        75,
        -79.5,
        0,
        -75,
        79.5,
        0,
        75,
        79.5,
        0
      ],
      "indexes": [
        0,
        1,
        2,
        2,
        1,
        3
      ],
      "uv": [
        40,
        171,
        190,
        171,
        40,
        12,
        190,
        12
      ],
      "nuv": [
        0.18181818181818182,
        0.05454545454545454,
        0.8636363636363636,
        0.05454545454545454,
        0.18181818181818182,
        0.7772727272727272,
        0.8636363636363636,
        0.7772727272727272
      ],
      "minPos": {
        "x": -75,
        "y": -79.5,
        "z": 0
      },
      "maxPos": {
        "x": 75,
        "y": 79.5,
        "z": 0
      }
    },
    "texture": "b52b7a98-9ae4-4926-9a69-2e10c8fdda45@6c48a",
    "packable": true,
    "pixelsToUnit": 100,
    "pivot": {
      "x": 0.5,
      "y": 0.5
    },
    "meshType": 0
  }
}