{
  "__type__": "cc.SpriteFrame",
  "content": {
    "name": "1_04",
    "atlas": "",
    "rect": {
      "x": 35,
      "y": 48,
      "width": 152,
      "height": 160
    },
    "offset": {
      "x": 1,
      "y": -18
    },
    "originalSize": {
      "width": 220,
      "height": 220
    },
    "rotated": false,
    "capInsets": [
      0,
      0,
      0,
      0
    ],
    "vertices": {
      "rawPosition": [
        -76,
        -80,
        0,
        76,
        -80,
        0,
        -76,
        80,
        0,
        76,
        80,
        0
      ],
      "indexes": [
        0,
        1,
        2,
        2,
        1,
        3
      ],
      "uv": [
        35,
        172,
        187,
        172,
        35,
        12,
        187,
        12
      ],
      "nuv": [
        0.1590909090909091,
        0.05454545454545454,
        0.85,
        0.05454545454545454,
        0.1590909090909091,
        0.7818181818181819,
        0.85,
        0.7818181818181819
      ],
      "minPos": {
        "x": -76,
        "y": -80,
        "z": 0
      },
      "maxPos": {
        "x": 76,
        "y": 80,
        "z": 0
      }
    },
    "texture": "b52cc35b-3b71-4b28-a364-46b5864cf76e@6c48a",
    "packable": true,
    "pixelsToUnit": 100,
    "pivot": {
      "x": 0.5,
      "y": 0.5
    },
    "meshType": 0
  }
}