{
  "__type__": "cc.SpriteFrame",
  "content": {
    "name": "tu01-stand_11",
    "atlas": "",
    "rect": {
      "x": 37,
      "y": 64,
      "width": 154,
      "height": 149
    },
    "offset": {
      "x": 4,
      "y": -28.5
    },
    "originalSize": {
      "width": 220,
      "height": 220
    },
    "rotated": false,
    "capInsets": [
      0,
      0,
      0,
      0
    ],
    "vertices": {
      "rawPosition": [
        -77,
        -74.5,
        0,
        77,
        -74.5,
        0,
        -77,
        74.5,
        0,
        77,
        74.5,
        0
      ],
      "indexes": [
        0,
        1,
        2,
        2,
        1,
        3
      ],
      "uv": [
        37,
        156,
        191,
        156,
        37,
        7,
        191,
        7
      ],
      "nuv": [
        0.16818181818181818,
        0.031818181818181815,
        0.8681818181818182,
        0.031818181818181815,
        0.16818181818181818,
        0.7090909090909091,
        0.8681818181818182,
        0.7090909090909091
      ],
      "minPos": {
        "x": -77,
        "y": -74.5,
        "z": 0
      },
      "maxPos": {
        "x": 77,
        "y": 74.5,
        "z": 0
      }
    },
    "texture": "b55b44be-c188-49a7-98ae-a90cf71328f8@6c48a",
    "packable": true,
    "pixelsToUnit": 100,
    "pivot": {
      "x": 0.5,
      "y": 0.5
    },
    "meshType": 0
  }
}