{
  "__type__": "cc.SpriteFrame",
  "content": {
    "name": "1_04",
    "atlas": "",
    "rect": {
      "x": 102,
      "y": 224,
      "width": 103,
      "height": 96
    },
    "offset": {
      "x": 13,
      "y": -106.5
    },
    "originalSize": {
      "width": 281,
      "height": 331
    },
    "rotated": false,
    "capInsets": [
      0,
      0,
      0,
      0
    ],
    "vertices": {
      "rawPosition": [
        -51.5,
        -48,
        0,
        51.5,
        -48,
        0,
        -51.5,
        48,
        0,
        51.5,
        48,
        0
      ],
      "indexes": [
        0,
        1,
        2,
        2,
        1,
        3
      ],
      "uv": [
        102,
        107,
        205,
        107,
        102,
        11,
        205,
        11
      ],
      "nuv": [
        0.36298932384341637,
        0.03323262839879154,
        0.7295373665480427,
        0.03323262839879154,
        0.36298932384341637,
        0.32326283987915405,
        0.7295373665480427,
        0.32326283987915405
      ],
      "minPos": {
        "x": -51.5,
        "y": -48,
        "z": 0
      },
      "maxPos": {
        "x": 51.5,
        "y": 48,
        "z": 0
      }
    },
    "texture": "b5d9f6c5-048c-4198-bd95-55af26833ebe@6c48a",
    "packable": true,
    "pixelsToUnit": 100,
    "pivot": {
      "x": 0.5,
      "y": 0.5
    },
    "meshType": 0
  }
}