{
  "__type__": "cc.SpriteFrame",
  "content": {
    "name": "1_12",
    "atlas": "",
    "rect": {
      "x": 53,
      "y": 50,
      "width": 142,
      "height": 158
    },
    "offset": {
      "x": 14,
      "y": -19
    },
    "originalSize": {
      "width": 220,
      "height": 220
    },
    "rotated": false,
    "capInsets": [
      0,
      0,
      0,
      0
    ],
    "vertices": {
      "rawPosition": [
        -71,
        -79,
        0,
        71,
        -79,
        0,
        -71,
        79,
        0,
        71,
        79,
        0
      ],
      "indexes": [
        0,
        1,
        2,
        2,
        1,
        3
      ],
      "uv": [
        53,
        170,
        195,
        170,
        53,
        12,
        195,
        12
      ],
      "nuv": [
        0.2409090909090909,
        0.05454545454545454,
        0.8863636363636364,
        0.05454545454545454,
        0.2409090909090909,
        0.7727272727272727,
        0.8863636363636364,
        0.7727272727272727
      ],
      "minPos": {
        "x": -71,
        "y": -79,
        "z": 0
      },
      "maxPos": {
        "x": 71,
        "y": 79,
        "z": 0
      }
    },
    "texture": "b5eb6113-8217-4f34-b89e-b356637b1e19@6c48a",
    "packable": true,
    "pixelsToUnit": 100,
    "pivot": {
      "x": 0.5,
      "y": 0.5
    },
    "meshType": 0
  }
}