{
  "__type__": "cc.SpriteFrame",
  "content": {
    "name": "1_55",
    "atlas": "",
    "rect": {
      "x": 13,
      "y": 56,
      "width": 174,
      "height": 97
    },
    "offset": {
      "x": -10,
      "y": 5.5
    },
    "originalSize": {
      "width": 220,
      "height": 220
    },
    "rotated": false,
    "capInsets": [
      0,
      0,
      0,
      0
    ],
    "vertices": {
      "rawPosition": [
        -87,
        -48.5,
        0,
        87,
        -48.5,
        0,
        -87,
        48.5,
        0,
        87,
        48.5,
        0
      ],
      "indexes": [
        0,
        1,
        2,
        2,
        1,
        3
      ],
      "uv": [
        13,
        164,
        187,
        164,
        13,
        67,
        187,
        67
      ],
      "nuv": [
        0.05909090909090909,
        0.30454545454545456,
        0.85,
        0.30454545454545456,
        0.05909090909090909,
        0.7454545454545455,
        0.85,
        0.7454545454545455
      ],
      "minPos": {
        "x": -87,
        "y": -48.5,
        "z": 0
      },
      "maxPos": {
        "x": 87,
        "y": 48.5,
        "z": 0
      }
    },
    "texture": "ec45a81c-3e72-4eb6-9feb-b5b34a3fb8de@6c48a",
    "packable": true,
    "pixelsToUnit": 100,
    "pivot": {
      "x": 0.5,
      "y": 0.5
    },
    "meshType": 0
  }
}