{
  "__type__": "cc.SpriteFrame",
  "content": {
    "name": "1_19",
    "atlas": "",
    "rect": {
      "x": 35,
      "y": 44,
      "width": 165,
      "height": 123
    },
    "offset": {
      "x": 7.5,
      "y": 4.5
    },
    "originalSize": {
      "width": 220,
      "height": 220
    },
    "rotated": false,
    "capInsets": [
      0,
      0,
      0,
      0
    ],
    "vertices": {
      "rawPosition": [
        -82.5,
        -61.5,
        0,
        82.5,
        -61.5,
        0,
        -82.5,
        61.5,
        0,
        82.5,
        61.5,
        0
      ],
      "indexes": [
        0,
        1,
        2,
        2,
        1,
        3
      ],
      "uv": [
        35,
        176,
        200,
        176,
        35,
        53,
        200,
        53
      ],
      "nuv": [
        0.1590909090909091,
        0.2409090909090909,
        0.9090909090909091,
        0.2409090909090909,
        0.1590909090909091,
        0.8,
        0.9090909090909091,
        0.8
      ],
      "minPos": {
        "x": -82.5,
        "y": -61.5,
        "z": 0
      },
      "maxPos": {
        "x": 82.5,
        "y": 61.5,
        "z": 0
      }
    },
    "texture": "ec9a60d6-555c-479e-b52e-cdcf255eb5a0@6c48a",
    "packable": true,
    "pixelsToUnit": 100,
    "pivot": {
      "x": 0.5,
      "y": 0.5
    },
    "meshType": 0
  }
}