{
  "__type__": "cc.SpriteFrame",
  "content": {
    "name": "1_35",
    "atlas": "",
    "rect": {
      "x": 49,
      "y": 40,
      "width": 132,
      "height": 165
    },
    "offset": {
      "x": 5,
      "y": -12.5
    },
    "originalSize": {
      "width": 220,
      "height": 220
    },
    "rotated": false,
    "capInsets": [
      0,
      0,
      0,
      0
    ],
    "vertices": {
      "rawPosition": [
        -66,
        -82.5,
        0,
        66,
        -82.5,
        0,
        -66,
        82.5,
        0,
        66,
        82.5,
        0
      ],
      "indexes": [
        0,
        1,
        2,
        2,
        1,
        3
      ],
      "uv": [
        49,
        180,
        181,
        180,
        49,
        15,
        181,
        15
      ],
      "nuv": [
        0.22272727272727272,
        0.06818181818181818,
        0.8227272727272728,
        0.06818181818181818,
        0.22272727272727272,
        0.8181818181818182,
        0.8227272727272728,
        0.8181818181818182
      ],
      "minPos": {
        "x": -66,
        "y": -82.5,
        "z": 0
      },
      "maxPos": {
        "x": 66,
        "y": 82.5,
        "z": 0
      }
    },
    "texture": "ece9c90d-9613-4728-80eb-97bcd8bba0e4@6c48a",
    "packable": true,
    "pixelsToUnit": 100,
    "pivot": {
      "x": 0.5,
      "y": 0.5
    },
    "meshType": 0
  }
}