{
  "__type__": "cc.SpriteFrame",
  "content": {
    "name": "1_164",
    "atlas": "",
    "rect": {
      "x": 79,
      "y": 66,
      "width": 191,
      "height": 235
    },
    "offset": {
      "x": -13,
      "y": -21.5
    },
    "originalSize": {
      "width": 375,
      "height": 324
    },
    "rotated": false,
    "capInsets": [
      0,
      0,
      0,
      0
    ],
    "vertices": {
      "rawPosition": [
        -95.5,
        -117.5,
        0,
        95.5,
        -117.5,
        0,
        -95.5,
        117.5,
        0,
        95.5,
        117.5,
        0
      ],
      "indexes": [
        0,
        1,
        2,
        2,
        1,
        3
      ],
      "uv": [
        79,
        258,
        270,
        258,
        79,
        23,
        270,
        23
      ],
      "nuv": [
        0.21066666666666667,
        0.07098765432098765,
        0.72,
        0.07098765432098765,
        0.21066666666666667,
        0.7962962962962963,
        0.72,
        0.7962962962962963
      ],
      "minPos": {
        "x": -95.5,
        "y": -117.5,
        "z": 0
      },
      "maxPos": {
        "x": 95.5,
        "y": 117.5,
        "z": 0
      }
    },
    "texture": "f16213d4-c087-41e2-84fa-9fe43dcbcaa1@6c48a",
    "packable": true,
    "pixelsToUnit": 100,
    "pivot": {
      "x": 0.5,
      "y": 0.5
    },
    "meshType": 0
  }
}