{
  "__type__": "cc.SpriteFrame",
  "content": {
    "name": "1_039",
    "atlas": "",
    "rect": {
      "x": 69,
      "y": 73,
      "width": 218,
      "height": 212
    },
    "offset": {
      "x": -9.5,
      "y": -17
    },
    "originalSize": {
      "width": 375,
      "height": 324
    },
    "rotated": false,
    "capInsets": [
      0,
      0,
      0,
      0
    ],
    "vertices": {
      "rawPosition": [
        -109,
        -106,
        0,
        109,
        -106,
        0,
        -109,
        106,
        0,
        109,
        106,
        0
      ],
      "indexes": [
        0,
        1,
        2,
        2,
        1,
        3
      ],
      "uv": [
        69,
        251,
        287,
        251,
        69,
        39,
        287,
        39
      ],
      "nuv": [
        0.184,
        0.12037037037037036,
        0.7653333333333333,
        0.12037037037037036,
        0.184,
        0.7746913580246914,
        0.7653333333333333,
        0.7746913580246914
      ],
      "minPos": {
        "x": -109,
        "y": -106,
        "z": 0
      },
      "maxPos": {
        "x": 109,
        "y": 106,
        "z": 0
      }
    },
    "texture": "f1b39db5-ca32-4f7c-bc72-2967f62ba2ea@6c48a",
    "packable": true,
    "pixelsToUnit": 100,
    "pivot": {
      "x": 0.5,
      "y": 0.5
    },
    "meshType": 0
  }
}