{
  "__type__": "cc.SpriteFrame",
  "content": {
    "name": "tu01-stand1_69",
    "atlas": "",
    "rect": {
      "x": 40,
      "y": 65,
      "width": 130,
      "height": 148
    },
    "offset": {
      "x": -5,
      "y": -29
    },
    "originalSize": {
      "width": 220,
      "height": 220
    },
    "rotated": false,
    "capInsets": [
      0,
      0,
      0,
      0
    ],
    "vertices": {
      "rawPosition": [
        -65,
        -74,
        0,
        65,
        -74,
        0,
        -65,
        74,
        0,
        65,
        74,
        0
      ],
      "indexes": [
        0,
        1,
        2,
        2,
        1,
        3
      ],
      "uv": [
        40,
        155,
        170,
        155,
        40,
        7,
        170,
        7
      ],
      "nuv": [
        0.18181818181818182,
        0.031818181818181815,
        0.7727272727272727,
        0.031818181818181815,
        0.18181818181818182,
        0.7045454545454546,
        0.7727272727272727,
        0.7045454545454546
      ],
      "minPos": {
        "x": -65,
        "y": -74,
        "z": 0
      },
      "maxPos": {
        "x": 65,
        "y": 74,
        "z": 0
      }
    },
    "texture": "f1fff19b-8d13-4876-8811-6598c2656e07@6c48a",
    "packable": true,
    "pixelsToUnit": 100,
    "pivot": {
      "x": 0.5,
      "y": 0.5
    },
    "meshType": 0
  }
}