{
  "__type__": "cc.SpriteFrame",
  "content": {
    "name": "1_17",
    "atlas": "",
    "rect": {
      "x": 86,
      "y": 246,
      "width": 112,
      "height": 74
    },
    "offset": {
      "x": 1.5,
      "y": -117.5
    },
    "originalSize": {
      "width": 281,
      "height": 331
    },
    "rotated": false,
    "capInsets": [
      0,
      0,
      0,
      0
    ],
    "vertices": {
      "rawPosition": [
        -56,
        -37,
        0,
        56,
        -37,
        0,
        -56,
        37,
        0,
        56,
        37,
        0
      ],
      "indexes": [
        0,
        1,
        2,
        2,
        1,
        3
      ],
      "uv": [
        86,
        85,
        198,
        85,
        86,
        11,
        198,
        11
      ],
      "nuv": [
        0.30604982206405695,
        0.03323262839879154,
        0.7046263345195729,
        0.03323262839879154,
        0.30604982206405695,
        0.256797583081571,
        0.7046263345195729,
        0.256797583081571
      ],
      "minPos": {
        "x": -56,
        "y": -37,
        "z": 0
      },
      "maxPos": {
        "x": 56,
        "y": 37,
        "z": 0
      }
    },
    "texture": "101f240b-86ec-4ec0-bef0-a8f6bb3a7a00@6c48a",
    "packable": true,
    "pixelsToUnit": 100,
    "pivot": {
      "x": 0.5,
      "y": 0.5
    },
    "meshType": 0
  }
}