{
  "__type__": "cc.SpriteFrame",
  "content": {
    "name": "1_061",
    "atlas": "",
    "rect": {
      "x": 79,
      "y": 127,
      "width": 191,
      "height": 163
    },
    "offset": {
      "x": -13,
      "y": -46.5
    },
    "originalSize": {
      "width": 375,
      "height": 324
    },
    "rotated": false,
    "capInsets": [
      0,
      0,
      0,
      0
    ],
    "vertices": {
      "rawPosition": [
        -95.5,
        -81.5,
        0,
        95.5,
        -81.5,
        0,
        -95.5,
        81.5,
        0,
        95.5,
        81.5,
        0
      ],
      "indexes": [
        0,
        1,
        2,
        2,
        1,
        3
      ],
      "uv": [
        79,
        197,
        270,
        197,
        79,
        34,
        270,
        34
      ],
      "nuv": [
        0.21066666666666667,
        0.10493827160493827,
        0.72,
        0.10493827160493827,
        0.21066666666666667,
        0.6080246913580247,
        0.72,
        0.6080246913580247
      ],
      "minPos": {
        "x": -95.5,
        "y": -81.5,
        "z": 0
      },
      "maxPos": {
        "x": 95.5,
        "y": 81.5,
        "z": 0
      }
    },
    "texture": "104e8560-d308-4404-acb7-3d65f0604e77@6c48a",
    "packable": true,
    "pixelsToUnit": 100,
    "pivot": {
      "x": 0.5,
      "y": 0.5
    },
    "meshType": 0
  }
}