{
  "__type__": "cc.SpriteFrame",
  "content": {
    "name": "1_07",
    "atlas": "",
    "rect": {
      "x": 45,
      "y": 46,
      "width": 145,
      "height": 153
    },
    "offset": {
      "x": 7.5,
      "y": -12.5
    },
    "originalSize": {
      "width": 220,
      "height": 220
    },
    "rotated": false,
    "capInsets": [
      0,
      0,
      0,
      0
    ],
    "vertices": {
      "rawPosition": [
        -72.5,
        -76.5,
        0,
        72.5,
        -76.5,
        0,
        -72.5,
        76.5,
        0,
        72.5,
        76.5,
        0
      ],
      "indexes": [
        0,
        1,
        2,
        2,
        1,
        3
      ],
      "uv": [
        45,
        174,
        190,
        174,
        45,
        21,
        190,
        21
      ],
      "nuv": [
        0.20454545454545456,
        0.09545454545454546,
        0.8636363636363636,
        0.09545454545454546,
        0.20454545454545456,
        0.7909090909090909,
        0.8636363636363636,
        0.7909090909090909
      ],
      "minPos": {
        "x": -72.5,
        "y": -76.5,
        "z": 0
      },
      "maxPos": {
        "x": 72.5,
        "y": 76.5,
        "z": 0
      }
    },
    "texture": "107fa503-4cf0-415d-8805-74b7f7afbf2e@6c48a",
    "packable": true,
    "pixelsToUnit": 100,
    "pivot": {
      "x": 0.5,
      "y": 0.5
    },
    "meshType": 0
  }
}