{
  "__type__": "cc.SpriteFrame",
  "content": {
    "name": "1_32",
    "atlas": "",
    "rect": {
      "x": 47,
      "y": 48,
      "width": 150,
      "height": 160
    },
    "offset": {
      "x": 12,
      "y": -18
    },
    "originalSize": {
      "width": 220,
      "height": 220
    },
    "rotated": false,
    "capInsets": [
      0,
      0,
      0,
      0
    ],
    "vertices": {
      "rawPosition": [
        -75,
        -80,
        0,
        75,
        -80,
        0,
        -75,
        80,
        0,
        75,
        80,
        0
      ],
      "indexes": [
        0,
        1,
        2,
        2,
        1,
        3
      ],
      "uv": [
        47,
        172,
        197,
        172,
        47,
        12,
        197,
        12
      ],
      "nuv": [
        0.21363636363636362,
        0.05454545454545454,
        0.8954545454545455,
        0.05454545454545454,
        0.21363636363636362,
        0.7818181818181819,
        0.8954545454545455,
        0.7818181818181819
      ],
      "minPos": {
        "x": -75,
        "y": -80,
        "z": 0
      },
      "maxPos": {
        "x": 75,
        "y": 80,
        "z": 0
      }
    },
    "texture": "99901e4a-46d9-4be7-9163-5751dbe602f7@6c48a",
    "packable": true,
    "pixelsToUnit": 100,
    "pivot": {
      "x": 0.5,
      "y": 0.5
    },
    "meshType": 0
  }
}