{
  "__type__": "cc.SpriteFrame",
  "content": {
    "name": "1_23",
    "atlas": "",
    "rect": {
      "x": 76,
      "y": 141,
      "width": 135,
      "height": 149
    },
    "offset": {
      "x": 3,
      "y": -50
    },
    "originalSize": {
      "width": 281,
      "height": 331
    },
    "rotated": false,
    "capInsets": [
      0,
      0,
      0,
      0
    ],
    "vertices": {
      "rawPosition": [
        -67.5,
        -74.5,
        0,
        67.5,
        -74.5,
        0,
        -67.5,
        74.5,
        0,
        67.5,
        74.5,
        0
      ],
      "indexes": [
        0,
        1,
        2,
        2,
        1,
        3
      ],
      "uv": [
        76,
        190,
        211,
        190,
        76,
        41,
        211,
        41
      ],
      "nuv": [
        0.2704626334519573,
        0.12386706948640483,
        0.7508896797153025,
        0.12386706948640483,
        0.2704626334519573,
        0.5740181268882175,
        0.7508896797153025,
        0.5740181268882175
      ],
      "minPos": {
        "x": -67.5,
        "y": -74.5,
        "z": 0
      },
      "maxPos": {
        "x": 67.5,
        "y": 74.5,
        "z": 0
      }
    },
    "texture": "99b5669c-2122-4208-8259-2273ab810507@6c48a",
    "packable": true,
    "pixelsToUnit": 100,
    "pivot": {
      "x": 0.5,
      "y": 0.5
    },
    "meshType": 0
  }
}