{
  "__type__": "cc.SpriteFrame",
  "content": {
    "name": "move_00",
    "atlas": "",
    "rect": {
      "x": 48,
      "y": 26,
      "width": 56,
      "height": 160
    },
    "offset": {
      "x": 8.5,
      "y": -8.5
    },
    "originalSize": {
      "width": 135,
      "height": 195
    },
    "rotated": false,
    "capInsets": [
      0,
      0,
      0,
      0
    ],
    "vertices": {
      "rawPosition": [
        -28,
        -80,
        0,
        28,
        -80,
        0,
        -28,
        80,
        0,
        28,
        80,
        0
      ],
      "indexes": [
        0,
        1,
        2,
        2,
        1,
        3
      ],
      "uv": [
        48,
        169,
        104,
        169,
        48,
        9,
        104,
        9
      ],
      "nuv": [
        0.35555555555555557,
        0.046153846153846156,
        0.7703703703703704,
        0.046153846153846156,
        0.35555555555555557,
        0.8666666666666667,
        0.7703703703703704,
        0.8666666666666667
      ],
      "minPos": {
        "x": -28,
        "y": -80,
        "z": 0
      },
      "maxPos": {
        "x": 28,
        "y": 80,
        "z": 0
      }
    },
    "texture": "99b7b2a4-6487-40ef-944e-2df073c96dd0@6c48a",
    "packable": true,
    "pixelsToUnit": 100,
    "pivot": {
      "x": 0.5,
      "y": 0.5
    },
    "meshType": 0
  }
}