{
  "__type__": "cc.SpriteFrame",
  "content": {
    "name": "move_01",
    "atlas": "",
    "rect": {
      "x": 49,
      "y": 26,
      "width": 53,
      "height": 159
    },
    "offset": {
      "x": 8,
      "y": -8
    },
    "originalSize": {
      "width": 135,
      "height": 195
    },
    "rotated": false,
    "capInsets": [
      0,
      0,
      0,
      0
    ],
    "vertices": {
      "rawPosition": [
        -26.5,
        -79.5,
        0,
        26.5,
        -79.5,
        0,
        -26.5,
        79.5,
        0,
        26.5,
        79.5,
        0
      ],
      "indexes": [
        0,
        1,
        2,
        2,
        1,
        3
      ],
      "uv": [
        49,
        169,
        102,
        169,
        49,
        10,
        102,
        10
      ],
      "nuv": [
        0.362962962962963,
        0.05128205128205128,
        0.7555555555555555,
        0.05128205128205128,
        0.362962962962963,
        0.8666666666666667,
        0.7555555555555555,
        0.8666666666666667
      ],
      "minPos": {
        "x": -26.5,
        "y": -79.5,
        "z": 0
      },
      "maxPos": {
        "x": 26.5,
        "y": 79.5,
        "z": 0
      }
    },
    "texture": "cb6568a3-f297-4d9a-89cd-ff5d44945671@6c48a",
    "packable": true,
    "pixelsToUnit": 100,
    "pivot": {
      "x": 0.5,
      "y": 0.5
    },
    "meshType": 0
  }
}