{
  "__type__": "cc.SpriteFrame",
  "content": {
    "name": "1_32",
    "atlas": "",
    "rect": {
      "x": 45,
      "y": 48,
      "width": 141,
      "height": 153
    },
    "offset": {
      "x": 5.5,
      "y": -14.5
    },
    "originalSize": {
      "width": 220,
      "height": 220
    },
    "rotated": false,
    "capInsets": [
      0,
      0,
      0,
      0
    ],
    "vertices": {
      "rawPosition": [
        -70.5,
        -76.5,
        0,
        70.5,
        -76.5,
        0,
        -70.5,
        76.5,
        0,
        70.5,
        76.5,
        0
      ],
      "indexes": [
        0,
        1,
        2,
        2,
        1,
        3
      ],
      "uv": [
        45,
        172,
        186,
        172,
        45,
        19,
        186,
        19
      ],
      "nuv": [
        0.20454545454545456,
        0.08636363636363636,
        0.8454545454545455,
        0.08636363636363636,
        0.20454545454545456,
        0.7818181818181819,
        0.8454545454545455,
        0.7818181818181819
      ],
      "minPos": {
        "x": -70.5,
        "y": -76.5,
        "z": 0
      },
      "maxPos": {
        "x": 70.5,
        "y": 76.5,
        "z": 0
      }
    },
    "texture": "cb74ef97-4900-4d48-8b4e-e95d5435622e@6c48a",
    "packable": true,
    "pixelsToUnit": 100,
    "pivot": {
      "x": 0.5,
      "y": 0.5
    },
    "meshType": 0
  }
}