{
  "__type__": "cc.SpriteFrame",
  "content": {
    "name": "1_129",
    "atlas": "",
    "rect": {
      "x": 68,
      "y": 80,
      "width": 202,
      "height": 221
    },
    "offset": {
      "x": -18.5,
      "y": -28.5
    },
    "originalSize": {
      "width": 375,
      "height": 324
    },
    "rotated": false,
    "capInsets": [
      0,
      0,
      0,
      0
    ],
    "vertices": {
      "rawPosition": [
        -101,
        -110.5,
        0,
        101,
        -110.5,
        0,
        -101,
        110.5,
        0,
        101,
        110.5,
        0
      ],
      "indexes": [
        0,
        1,
        2,
        2,
        1,
        3
      ],
      "uv": [
        68,
        244,
        270,
        244,
        68,
        23,
        270,
        23
      ],
      "nuv": [
        0.18133333333333335,
        0.07098765432098765,
        0.72,
        0.07098765432098765,
        0.18133333333333335,
        0.7530864197530864,
        0.72,
        0.7530864197530864
      ],
      "minPos": {
        "x": -101,
        "y": -110.5,
        "z": 0
      },
      "maxPos": {
        "x": 101,
        "y": 110.5,
        "z": 0
      }
    },
    "texture": "cb9cca96-c4f5-4752-b7c0-441ee6c2c01d@6c48a",
    "packable": true,
    "pixelsToUnit": 100,
    "pivot": {
      "x": 0.5,
      "y": 0.5
    },
    "meshType": 0
  }
}