{
  "__type__": "cc.SpriteFrame",
  "content": {
    "name": "1_31",
    "atlas": "",
    "rect": {
      "x": 58,
      "y": 42,
      "width": 141,
      "height": 163
    },
    "offset": {
      "x": 18.5,
      "y": -13.5
    },
    "originalSize": {
      "width": 220,
      "height": 220
    },
    "rotated": false,
    "capInsets": [
      0,
      0,
      0,
      0
    ],
    "vertices": {
      "rawPosition": [
        -70.5,
        -81.5,
        0,
        70.5,
        -81.5,
        0,
        -70.5,
        81.5,
        0,
        70.5,
        81.5,
        0
      ],
      "indexes": [
        0,
        1,
        2,
        2,
        1,
        3
      ],
      "uv": [
        58,
        178,
        199,
        178,
        58,
        15,
        199,
        15
      ],
      "nuv": [
        0.2636363636363636,
        0.06818181818181818,
        0.9045454545454545,
        0.06818181818181818,
        0.2636363636363636,
        0.8090909090909091,
        0.9045454545454545,
        0.8090909090909091
      ],
      "minPos": {
        "x": -70.5,
        "y": -81.5,
        "z": 0
      },
      "maxPos": {
        "x": 70.5,
        "y": 81.5,
        "z": 0
      }
    },
    "texture": "cba61e36-bc1d-4e2c-9de4-bf7331709a33@6c48a",
    "packable": true,
    "pixelsToUnit": 100,
    "pivot": {
      "x": 0.5,
      "y": 0.5
    },
    "meshType": 0
  }
}