{
  "__type__": "cc.SpriteFrame",
  "content": {
    "name": "1_13",
    "atlas": "",
    "rect": {
      "x": 45,
      "y": 47,
      "width": 148,
      "height": 152
    },
    "offset": {
      "x": 9,
      "y": -13
    },
    "originalSize": {
      "width": 220,
      "height": 220
    },
    "rotated": false,
    "capInsets": [
      0,
      0,
      0,
      0
    ],
    "vertices": {
      "rawPosition": [
        -74,
        -76,
        0,
        74,
        -76,
        0,
        -74,
        76,
        0,
        74,
        76,
        0
      ],
      "indexes": [
        0,
        1,
        2,
        2,
        1,
        3
      ],
      "uv": [
        45,
        173,
        193,
        173,
        45,
        21,
        193,
        21
      ],
      "nuv": [
        0.20454545454545456,
        0.09545454545454546,
        0.8772727272727273,
        0.09545454545454546,
        0.20454545454545456,
        0.7863636363636364,
        0.8772727272727273,
        0.7863636363636364
      ],
      "minPos": {
        "x": -74,
        "y": -76,
        "z": 0
      },
      "maxPos": {
        "x": 74,
        "y": 76,
        "z": 0
      }
    },
    "texture": "cbb9acc6-ddc9-41e8-8859-78d2a4a8e198@6c48a",
    "packable": true,
    "pixelsToUnit": 100,
    "pivot": {
      "x": 0.5,
      "y": 0.5
    },
    "meshType": 0
  }
}