{
  "__type__": "cc.SpriteFrame",
  "content": {
    "name": "tu01-stand_37",
    "atlas": "",
    "rect": {
      "x": 36,
      "y": 66,
      "width": 155,
      "height": 147
    },
    "offset": {
      "x": 3.5,
      "y": -29.5
    },
    "originalSize": {
      "width": 220,
      "height": 220
    },
    "rotated": false,
    "capInsets": [
      0,
      0,
      0,
      0
    ],
    "vertices": {
      "rawPosition": [
        -77.5,
        -73.5,
        0,
        77.5,
        -73.5,
        0,
        -77.5,
        73.5,
        0,
        77.5,
        73.5,
        0
      ],
      "indexes": [
        0,
        1,
        2,
        2,
        1,
        3
      ],
      "uv": [
        36,
        154,
        191,
        154,
        36,
        7,
        191,
        7
      ],
      "nuv": [
        0.16363636363636364,
        0.031818181818181815,
        0.8681818181818182,
        0.031818181818181815,
        0.16363636363636364,
        0.7,
        0.8681818181818182,
        0.7
      ],
      "minPos": {
        "x": -77.5,
        "y": -73.5,
        "z": 0
      },
      "maxPos": {
        "x": 77.5,
        "y": 73.5,
        "z": 0
      }
    },
    "texture": "cbc2d88c-a387-46ce-9f90-39d2b3a1b105@6c48a",
    "packable": true,
    "pixelsToUnit": 100,
    "pivot": {
      "x": 0.5,
      "y": 0.5
    },
    "meshType": 0
  }
}