{
  "__type__": "cc.SpriteFrame",
  "content": {
    "name": "1_32",
    "atlas": "",
    "rect": {
      "x": 32,
      "y": 44,
      "width": 144,
      "height": 162
    },
    "offset": {
      "x": -6,
      "y": -15
    },
    "originalSize": {
      "width": 220,
      "height": 220
    },
    "rotated": false,
    "capInsets": [
      0,
      0,
      0,
      0
    ],
    "vertices": {
      "rawPosition": [
        -72,
        -81,
        0,
        72,
        -81,
        0,
        -72,
        81,
        0,
        72,
        81,
        0
      ],
      "indexes": [
        0,
        1,
        2,
        2,
        1,
        3
      ],
      "uv": [
        32,
        176,
        176,
        176,
        32,
        14,
        176,
        14
      ],
      "nuv": [
        0.14545454545454545,
        0.06363636363636363,
        0.8,
        0.06363636363636363,
        0.14545454545454545,
        0.8,
        0.8,
        0.8
      ],
      "minPos": {
        "x": -72,
        "y": -81,
        "z": 0
      },
      "maxPos": {
        "x": 72,
        "y": 81,
        "z": 0
      }
    },
    "texture": "cbd5a4df-f105-43a2-935a-96c42a576488@6c48a",
    "packable": true,
    "pixelsToUnit": 100,
    "pivot": {
      "x": 0.5,
      "y": 0.5
    },
    "meshType": 0
  }
}