{
  "__type__": "cc.SpriteFrame",
  "content": {
    "name": "1_057",
    "atlas": "",
    "rect": {
      "x": 79,
      "y": 109,
      "width": 211,
      "height": 176
    },
    "offset": {
      "x": -3,
      "y": -35
    },
    "originalSize": {
      "width": 375,
      "height": 324
    },
    "rotated": false,
    "capInsets": [
      0,
      0,
      0,
      0
    ],
    "vertices": {
      "rawPosition": [
        -105.5,
        -88,
        0,
        105.5,
        -88,
        0,
        -105.5,
        88,
        0,
        105.5,
        88,
        0
      ],
      "indexes": [
        0,
        1,
        2,
        2,
        1,
        3
      ],
      "uv": [
        79,
        215,
        290,
        215,
        79,
        39,
        290,
        39
      ],
      "nuv": [
        0.21066666666666667,
        0.12037037037037036,
        0.7733333333333333,
        0.12037037037037036,
        0.21066666666666667,
        0.6635802469135802,
        0.7733333333333333,
        0.6635802469135802
      ],
      "minPos": {
        "x": -105.5,
        "y": -88,
        "z": 0
      },
      "maxPos": {
        "x": 105.5,
        "y": 88,
        "z": 0
      }
    },
    "texture": "b019ab4c-430c-4a4f-aff6-7e07db1d2de7@6c48a",
    "packable": true,
    "pixelsToUnit": 100,
    "pivot": {
      "x": 0.5,
      "y": 0.5
    },
    "meshType": 0
  }
}