{
  "__type__": "cc.SpriteFrame",
  "content": {
    "name": "1_10",
    "atlas": "",
    "rect": {
      "x": 44,
      "y": 46,
      "width": 133,
      "height": 157
    },
    "offset": {
      "x": 0.5,
      "y": -14.5
    },
    "originalSize": {
      "width": 220,
      "height": 220
    },
    "rotated": false,
    "capInsets": [
      0,
      0,
      0,
      0
    ],
    "vertices": {
      "rawPosition": [
        -66.5,
        -78.5,
        0,
        66.5,
        -78.5,
        0,
        -66.5,
        78.5,
        0,
        66.5,
        78.5,
        0
      ],
      "indexes": [
        0,
        1,
        2,
        2,
        1,
        3
      ],
      "uv": [
        44,
        174,
        177,
        174,
        44,
        17,
        177,
        17
      ],
      "nuv": [
        0.2,
        0.07727272727272727,
        0.8045454545454546,
        0.07727272727272727,
        0.2,
        0.7909090909090909,
        0.8045454545454546,
        0.7909090909090909
      ],
      "minPos": {
        "x": -66.5,
        "y": -78.5,
        "z": 0
      },
      "maxPos": {
        "x": 66.5,
        "y": 78.5,
        "z": 0
      }
    },
    "texture": "b0376efd-8af4-4888-97ac-2452d8c1a532@6c48a",
    "packable": true,
    "pixelsToUnit": 100,
    "pivot": {
      "x": 0.5,
      "y": 0.5
    },
    "meshType": 0
  }
}