{
  "__type__": "cc.SpriteFrame",
  "content": {
    "name": "1_13",
    "atlas": "",
    "rect": {
      "x": 47,
      "y": 47,
      "width": 135,
      "height": 158
    },
    "offset": {
      "x": 4.5,
      "y": -16
    },
    "originalSize": {
      "width": 220,
      "height": 220
    },
    "rotated": false,
    "capInsets": [
      0,
      0,
      0,
      0
    ],
    "vertices": {
      "rawPosition": [
        -67.5,
        -79,
        0,
        67.5,
        -79,
        0,
        -67.5,
        79,
        0,
        67.5,
        79,
        0
      ],
      "indexes": [
        0,
        1,
        2,
        2,
        1,
        3
      ],
      "uv": [
        47,
        173,
        182,
        173,
        47,
        15,
        182,
        15
      ],
      "nuv": [
        0.21363636363636362,
        0.06818181818181818,
        0.8272727272727273,
        0.06818181818181818,
        0.21363636363636362,
        0.7863636363636364,
        0.8272727272727273,
        0.7863636363636364
      ],
      "minPos": {
        "x": -67.5,
        "y": -79,
        "z": 0
      },
      "maxPos": {
        "x": 67.5,
        "y": 79,
        "z": 0
      }
    },
    "texture": "b05caafa-cb57-41fb-b6eb-4ad3699ae87b@6c48a",
    "packable": true,
    "pixelsToUnit": 100,
    "pivot": {
      "x": 0.5,
      "y": 0.5
    },
    "meshType": 0
  }
}