{
  "__type__": "cc.SpriteFrame",
  "content": {
    "name": "1_016",
    "atlas": "",
    "rect": {
      "x": 81,
      "y": 129,
      "width": 185,
      "height": 156
    },
    "offset": {
      "x": -14,
      "y": -45
    },
    "originalSize": {
      "width": 375,
      "height": 324
    },
    "rotated": false,
    "capInsets": [
      0,
      0,
      0,
      0
    ],
    "vertices": {
      "rawPosition": [
        -92.5,
        -78,
        0,
        92.5,
        -78,
        0,
        -92.5,
        78,
        0,
        92.5,
        78,
        0
      ],
      "indexes": [
        0,
        1,
        2,
        2,
        1,
        3
      ],
      "uv": [
        81,
        195,
        266,
        195,
        81,
        39,
        266,
        39
      ],
      "nuv": [
        0.216,
        0.12037037037037036,
        0.7093333333333334,
        0.12037037037037036,
        0.216,
        0.6018518518518519,
        0.7093333333333334,
        0.6018518518518519
      ],
      "minPos": {
        "x": -92.5,
        "y": -78,
        "z": 0
      },
      "maxPos": {
        "x": 92.5,
        "y": 78,
        "z": 0
      }
    },
    "texture": "a422e549-ccb9-4dc8-9e1d-ec66ff89e8df@6c48a",
    "packable": true,
    "pixelsToUnit": 100,
    "pivot": {
      "x": 0.5,
      "y": 0.5
    },
    "meshType": 0
  }
}