{
  "__type__": "cc.SpriteFrame",
  "content": {
    "name": "1_13",
    "atlas": "",
    "rect": {
      "x": 25,
      "y": 24,
      "width": 171,
      "height": 171
    },
    "offset": {
      "x": 0.5,
      "y": 0.5
    },
    "originalSize": {
      "width": 220,
      "height": 220
    },
    "rotated": false,
    "capInsets": [
      0,
      0,
      0,
      0
    ],
    "vertices": {
      "rawPosition": [
        -85.5,
        -85.5,
        0,
        85.5,
        -85.5,
        0,
        -85.5,
        85.5,
        0,
        85.5,
        85.5,
        0
      ],
      "indexes": [
        0,
        1,
        2,
        2,
        1,
        3
      ],
      "uv": [
        25,
        196,
        196,
        196,
        25,
        25,
        196,
        25
      ],
      "nuv": [
        0.11363636363636363,
        0.11363636363636363,
        0.8909090909090909,
        0.11363636363636363,
        0.11363636363636363,
        0.8909090909090909,
        0.8909090909090909,
        0.8909090909090909
      ],
      "minPos": {
        "x": -85.5,
        "y": -85.5,
        "z": 0
      },
      "maxPos": {
        "x": 85.5,
        "y": 85.5,
        "z": 0
      }
    },
    "texture": "a435ea0e-7865-48bc-a635-837b1a82bfc4@6c48a",
    "packable": true,
    "pixelsToUnit": 100,
    "pivot": {
      "x": 0.5,
      "y": 0.5
    },
    "meshType": 0
  }
}