{
  "__type__": "cc.SpriteFrame",
  "content": {
    "name": "1_28",
    "atlas": "",
    "rect": {
      "x": 43,
      "y": 46,
      "width": 142,
      "height": 160
    },
    "offset": {
      "x": 4,
      "y": -16
    },
    "originalSize": {
      "width": 220,
      "height": 220
    },
    "rotated": false,
    "capInsets": [
      0,
      0,
      0,
      0
    ],
    "vertices": {
      "rawPosition": [
        -71,
        -80,
        0,
        71,
        -80,
        0,
        -71,
        80,
        0,
        71,
        80,
        0
      ],
      "indexes": [
        0,
        1,
        2,
        2,
        1,
        3
      ],
      "uv": [
        43,
        174,
        185,
        174,
        43,
        14,
        185,
        14
      ],
      "nuv": [
        0.19545454545454546,
        0.06363636363636363,
        0.8409090909090909,
        0.06363636363636363,
        0.19545454545454546,
        0.7909090909090909,
        0.8409090909090909,
        0.7909090909090909
      ],
      "minPos": {
        "x": -71,
        "y": -80,
        "z": 0
      },
      "maxPos": {
        "x": 71,
        "y": 80,
        "z": 0
      }
    },
    "texture": "a49a3f98-e529-4f86-a116-a27f1b46f61f@6c48a",
    "packable": true,
    "pixelsToUnit": 100,
    "pivot": {
      "x": 0.5,
      "y": 0.5
    },
    "meshType": 0
  }
}