{
  "__type__": "cc.SpriteFrame",
  "content": {
    "name": "1_22",
    "atlas": "",
    "rect": {
      "x": 76,
      "y": 172,
      "width": 119,
      "height": 116
    },
    "offset": {
      "x": -5,
      "y": -64.5
    },
    "originalSize": {
      "width": 281,
      "height": 331
    },
    "rotated": false,
    "capInsets": [
      0,
      0,
      0,
      0
    ],
    "vertices": {
      "rawPosition": [
        -59.5,
        -58,
        0,
        59.5,
        -58,
        0,
        -59.5,
        58,
        0,
        59.5,
        58,
        0
      ],
      "indexes": [
        0,
        1,
        2,
        2,
        1,
        3
      ],
      "uv": [
        76,
        159,
        195,
        159,
        76,
        43,
        195,
        43
      ],
      "nuv": [
        0.2704626334519573,
        0.1299093655589124,
        0.693950177935943,
        0.1299093655589124,
        0.2704626334519573,
        0.48036253776435045,
        0.693950177935943,
        0.48036253776435045
      ],
      "minPos": {
        "x": -59.5,
        "y": -58,
        "z": 0
      },
      "maxPos": {
        "x": 59.5,
        "y": 58,
        "z": 0
      }
    },
    "texture": "a4b41e66-73e2-4858-ae77-e3552e7c31eb@6c48a",
    "packable": true,
    "pixelsToUnit": 100,
    "pivot": {
      "x": 0.5,
      "y": 0.5
    },
    "meshType": 0
  }
}