{
  "__type__": "cc.SpriteFrame",
  "content": {
    "name": "1_030",
    "atlas": "",
    "rect": {
      "x": 79,
      "y": 66,
      "width": 191,
      "height": 219
    },
    "offset": {
      "x": -13,
      "y": -13.5
    },
    "originalSize": {
      "width": 375,
      "height": 324
    },
    "rotated": false,
    "capInsets": [
      0,
      0,
      0,
      0
    ],
    "vertices": {
      "rawPosition": [
        -95.5,
        -109.5,
        0,
        95.5,
        -109.5,
        0,
        -95.5,
        109.5,
        0,
        95.5,
        109.5,
        0
      ],
      "indexes": [
        0,
        1,
        2,
        2,
        1,
        3
      ],
      "uv": [
        79,
        258,
        270,
        258,
        79,
        39,
        270,
        39
      ],
      "nuv": [
        0.21066666666666667,
        0.12037037037037036,
        0.72,
        0.12037037037037036,
        0.21066666666666667,
        0.7962962962962963,
        0.72,
        0.7962962962962963
      ],
      "minPos": {
        "x": -95.5,
        "y": -109.5,
        "z": 0
      },
      "maxPos": {
        "x": 95.5,
        "y": 109.5,
        "z": 0
      }
    },
    "texture": "5b6b56a7-6670-4bfb-aa82-66ea9254f196@6c48a",
    "packable": true,
    "pixelsToUnit": 100,
    "pivot": {
      "x": 0.5,
      "y": 0.5
    },
    "meshType": 0
  }
}