{
  "__type__": "cc.SpriteFrame",
  "content": {
    "name": "1_35",
    "atlas": "",
    "rect": {
      "x": 35,
      "y": 46,
      "width": 151,
      "height": 160
    },
    "offset": {
      "x": 0.5,
      "y": -16
    },
    "originalSize": {
      "width": 220,
      "height": 220
    },
    "rotated": false,
    "capInsets": [
      0,
      0,
      0,
      0
    ],
    "vertices": {
      "rawPosition": [
        -75.5,
        -80,
        0,
        75.5,
        -80,
        0,
        -75.5,
        80,
        0,
        75.5,
        80,
        0
      ],
      "indexes": [
        0,
        1,
        2,
        2,
        1,
        3
      ],
      "uv": [
        35,
        174,
        186,
        174,
        35,
        14,
        186,
        14
      ],
      "nuv": [
        0.1590909090909091,
        0.06363636363636363,
        0.8454545454545455,
        0.06363636363636363,
        0.1590909090909091,
        0.7909090909090909,
        0.8454545454545455,
        0.7909090909090909
      ],
      "minPos": {
        "x": -75.5,
        "y": -80,
        "z": 0
      },
      "maxPos": {
        "x": 75.5,
        "y": 80,
        "z": 0
      }
    },
    "texture": "5b7f7978-f504-45ff-9244-b5c61d525695@6c48a",
    "packable": true,
    "pixelsToUnit": 100,
    "pivot": {
      "x": 0.5,
      "y": 0.5
    },
    "meshType": 0
  }
}