{
  "__type__": "cc.SpriteFrame",
  "content": {
    "name": "1_40",
    "atlas": "",
    "rect": {
      "x": 35,
      "y": 40,
      "width": 142,
      "height": 166
    },
    "offset": {
      "x": -4,
      "y": -13
    },
    "originalSize": {
      "width": 220,
      "height": 220
    },
    "rotated": false,
    "capInsets": [
      0,
      0,
      0,
      0
    ],
    "vertices": {
      "rawPosition": [
        -71,
        -83,
        0,
        71,
        -83,
        0,
        -71,
        83,
        0,
        71,
        83,
        0
      ],
      "indexes": [
        0,
        1,
        2,
        2,
        1,
        3
      ],
      "uv": [
        35,
        180,
        177,
        180,
        35,
        14,
        177,
        14
      ],
      "nuv": [
        0.1590909090909091,
        0.06363636363636363,
        0.8045454545454546,
        0.06363636363636363,
        0.1590909090909091,
        0.8181818181818182,
        0.8045454545454546,
        0.8181818181818182
      ],
      "minPos": {
        "x": -71,
        "y": -83,
        "z": 0
      },
      "maxPos": {
        "x": 71,
        "y": 83,
        "z": 0
      }
    },
    "texture": "5bd354f8-385f-445c-80e5-997fa46827bc@6c48a",
    "packable": true,
    "pixelsToUnit": 100,
    "pivot": {
      "x": 0.5,
      "y": 0.5
    },
    "meshType": 0
  }
}