{
  "__type__": "cc.SpriteFrame",
  "content": {
    "name": "1_13",
    "atlas": "",
    "rect": {
      "x": 11,
      "y": 31,
      "width": 148,
      "height": 170
    },
    "offset": {
      "x": -25,
      "y": -6
    },
    "originalSize": {
      "width": 220,
      "height": 220
    },
    "rotated": false,
    "capInsets": [
      0,
      0,
      0,
      0
    ],
    "vertices": {
      "rawPosition": [
        -74,
        -85,
        0,
        74,
        -85,
        0,
        -74,
        85,
        0,
        74,
        85,
        0
      ],
      "indexes": [
        0,
        1,
        2,
        2,
        1,
        3
      ],
      "uv": [
        11,
        189,
        159,
        189,
        11,
        19,
        159,
        19
      ],
      "nuv": [
        0.05,
        0.08636363636363636,
        0.7227272727272728,
        0.08636363636363636,
        0.05,
        0.8590909090909091,
        0.7227272727272728,
        0.8590909090909091
      ],
      "minPos": {
        "x": -74,
        "y": -85,
        "z": 0
      },
      "maxPos": {
        "x": 74,
        "y": 85,
        "z": 0
      }
    },
    "texture": "141f0781-3135-4f77-ad16-f56555478e47@6c48a",
    "packable": true,
    "pixelsToUnit": 100,
    "pivot": {
      "x": 0.5,
      "y": 0.5
    },
    "meshType": 0
  }
}