{
  "__type__": "cc.SpriteFrame",
  "content": {
    "name": "1_40",
    "atlas": "",
    "rect": {
      "x": 24,
      "y": 71,
      "width": 223,
      "height": 246
    },
    "offset": {
      "x": -5,
      "y": -28.5
    },
    "originalSize": {
      "width": 281,
      "height": 331
    },
    "rotated": false,
    "capInsets": [
      0,
      0,
      0,
      0
    ],
    "vertices": {
      "rawPosition": [
        -111.5,
        -123,
        0,
        111.5,
        -123,
        0,
        -111.5,
        123,
        0,
        111.5,
        123,
        0
      ],
      "indexes": [
        0,
        1,
        2,
        2,
        1,
        3
      ],
      "uv": [
        24,
        260,
        247,
        260,
        24,
        14,
        247,
        14
      ],
      "nuv": [
        0.08540925266903915,
        0.04229607250755287,
        0.8790035587188612,
        0.04229607250755287,
        0.08540925266903915,
        0.7854984894259819,
        0.8790035587188612,
        0.7854984894259819
      ],
      "minPos": {
        "x": -111.5,
        "y": -123,
        "z": 0
      },
      "maxPos": {
        "x": 111.5,
        "y": 123,
        "z": 0
      }
    },
    "texture": "142b3565-0fd8-4bf1-bf56-277de17ebcdc@6c48a",
    "packable": true,
    "pixelsToUnit": 100,
    "pivot": {
      "x": 0.5,
      "y": 0.5
    },
    "meshType": 0
  }
}