{
  "__type__": "cc.SpriteFrame",
  "content": {
    "name": "1_05",
    "atlas": "",
    "rect": {
      "x": 35,
      "y": 48,
      "width": 153,
      "height": 160
    },
    "offset": {
      "x": 1.5,
      "y": -18
    },
    "originalSize": {
      "width": 220,
      "height": 220
    },
    "rotated": false,
    "capInsets": [
      0,
      0,
      0,
      0
    ],
    "vertices": {
      "rawPosition": [
        -76.5,
        -80,
        0,
        76.5,
        -80,
        0,
        -76.5,
        80,
        0,
        76.5,
        80,
        0
      ],
      "indexes": [
        0,
        1,
        2,
        2,
        1,
        3
      ],
      "uv": [
        35,
        172,
        188,
        172,
        35,
        12,
        188,
        12
      ],
      "nuv": [
        0.1590909090909091,
        0.05454545454545454,
        0.8545454545454545,
        0.05454545454545454,
        0.1590909090909091,
        0.7818181818181819,
        0.8545454545454545,
        0.7818181818181819
      ],
      "minPos": {
        "x": -76.5,
        "y": -80,
        "z": 0
      },
      "maxPos": {
        "x": 76.5,
        "y": 80,
        "z": 0
      }
    },
    "texture": "1480787e-1db6-4968-8278-98cf2f0a4ec0@6c48a",
    "packable": true,
    "pixelsToUnit": 100,
    "pivot": {
      "x": 0.5,
      "y": 0.5
    },
    "meshType": 0
  }
}