{
  "__type__": "cc.SpriteFrame",
  "content": {
    "name": "1_05",
    "atlas": "",
    "rect": {
      "x": 47,
      "y": 46,
      "width": 143,
      "height": 160
    },
    "offset": {
      "x": 8.5,
      "y": -16
    },
    "originalSize": {
      "width": 220,
      "height": 220
    },
    "rotated": false,
    "capInsets": [
      0,
      0,
      0,
      0
    ],
    "vertices": {
      "rawPosition": [
        -71.5,
        -80,
        0,
        71.5,
        -80,
        0,
        -71.5,
        80,
        0,
        71.5,
        80,
        0
      ],
      "indexes": [
        0,
        1,
        2,
        2,
        1,
        3
      ],
      "uv": [
        47,
        174,
        190,
        174,
        47,
        14,
        190,
        14
      ],
      "nuv": [
        0.21363636363636362,
        0.06363636363636363,
        0.8636363636363636,
        0.06363636363636363,
        0.21363636363636362,
        0.7909090909090909,
        0.8636363636363636,
        0.7909090909090909
      ],
      "minPos": {
        "x": -71.5,
        "y": -80,
        "z": 0
      },
      "maxPos": {
        "x": 71.5,
        "y": 80,
        "z": 0
      }
    },
    "texture": "c1113a58-8c0f-4b8d-9e2d-ad4ca2b4064e@6c48a",
    "packable": true,
    "pixelsToUnit": 100,
    "pivot": {
      "x": 0.5,
      "y": 0.5
    },
    "meshType": 0
  }
}