{
  "__type__": "cc.SpriteFrame",
  "content": {
    "name": "1_026",
    "atlas": "",
    "rect": {
      "x": 79,
      "y": 73,
      "width": 221,
      "height": 212
    },
    "offset": {
      "x": 2,
      "y": -17
    },
    "originalSize": {
      "width": 375,
      "height": 324
    },
    "rotated": false,
    "capInsets": [
      0,
      0,
      0,
      0
    ],
    "vertices": {
      "rawPosition": [
        -110.5,
        -106,
        0,
        110.5,
        -106,
        0,
        -110.5,
        106,
        0,
        110.5,
        106,
        0
      ],
      "indexes": [
        0,
        1,
        2,
        2,
        1,
        3
      ],
      "uv": [
        79,
        251,
        300,
        251,
        79,
        39,
        300,
        39
      ],
      "nuv": [
        0.21066666666666667,
        0.12037037037037036,
        0.8,
        0.12037037037037036,
        0.21066666666666667,
        0.7746913580246914,
        0.8,
        0.7746913580246914
      ],
      "minPos": {
        "x": -110.5,
        "y": -106,
        "z": 0
      },
      "maxPos": {
        "x": 110.5,
        "y": 106,
        "z": 0
      }
    },
    "texture": "c11e3c6e-35c9-4905-ba25-45ed86fcc1e2@6c48a",
    "packable": true,
    "pixelsToUnit": 100,
    "pivot": {
      "x": 0.5,
      "y": 0.5
    },
    "meshType": 0
  }
}