{
  "__type__": "cc.SpriteFrame",
  "content": {
    "name": "tu01-stand_06",
    "atlas": "",
    "rect": {
      "x": 42,
      "y": 65,
      "width": 156,
      "height": 148
    },
    "offset": {
      "x": 10,
      "y": -29
    },
    "originalSize": {
      "width": 220,
      "height": 220
    },
    "rotated": false,
    "capInsets": [
      0,
      0,
      0,
      0
    ],
    "vertices": {
      "rawPosition": [
        -78,
        -74,
        0,
        78,
        -74,
        0,
        -78,
        74,
        0,
        78,
        74,
        0
      ],
      "indexes": [
        0,
        1,
        2,
        2,
        1,
        3
      ],
      "uv": [
        42,
        155,
        198,
        155,
        42,
        7,
        198,
        7
      ],
      "nuv": [
        0.19090909090909092,
        0.031818181818181815,
        0.9,
        0.031818181818181815,
        0.19090909090909092,
        0.7045454545454546,
        0.9,
        0.7045454545454546
      ],
      "minPos": {
        "x": -78,
        "y": -74,
        "z": 0
      },
      "maxPos": {
        "x": 78,
        "y": 74,
        "z": 0
      }
    },
    "texture": "c145b905-fe5b-4482-bd92-648d6918f7e9@6c48a",
    "packable": true,
    "pixelsToUnit": 100,
    "pivot": {
      "x": 0.5,
      "y": 0.5
    },
    "meshType": 0
  }
}