{
  "__type__": "cc.SpriteFrame",
  "content": {
    "name": "1_36",
    "atlas": "",
    "rect": {
      "x": 44,
      "y": 45,
      "width": 140,
      "height": 161
    },
    "offset": {
      "x": 4,
      "y": -15.5
    },
    "originalSize": {
      "width": 220,
      "height": 220
    },
    "rotated": false,
    "capInsets": [
      0,
      0,
      0,
      0
    ],
    "vertices": {
      "rawPosition": [
        -70,
        -80.5,
        0,
        70,
        -80.5,
        0,
        -70,
        80.5,
        0,
        70,
        80.5,
        0
      ],
      "indexes": [
        0,
        1,
        2,
        2,
        1,
        3
      ],
      "uv": [
        44,
        175,
        184,
        175,
        44,
        14,
        184,
        14
      ],
      "nuv": [
        0.2,
        0.06363636363636363,
        0.8363636363636363,
        0.06363636363636363,
        0.2,
        0.7954545454545454,
        0.8363636363636363,
        0.7954545454545454
      ],
      "minPos": {
        "x": -70,
        "y": -80.5,
        "z": 0
      },
      "maxPos": {
        "x": 70,
        "y": 80.5,
        "z": 0
      }
    },
    "texture": "c16abb8f-5fec-49e5-8c34-06174266fe77@6c48a",
    "packable": true,
    "pixelsToUnit": 100,
    "pivot": {
      "x": 0.5,
      "y": 0.5
    },
    "meshType": 0
  }
}