{
  "__type__": "cc.SpriteFrame",
  "content": {
    "name": "1_54",
    "atlas": "",
    "rect": {
      "x": 19,
      "y": 31,
      "width": 140,
      "height": 170
    },
    "offset": {
      "x": -21,
      "y": -6
    },
    "originalSize": {
      "width": 220,
      "height": 220
    },
    "rotated": false,
    "capInsets": [
      0,
      0,
      0,
      0
    ],
    "vertices": {
      "rawPosition": [
        -70,
        -85,
        0,
        70,
        -85,
        0,
        -70,
        85,
        0,
        70,
        85,
        0
      ],
      "indexes": [
        0,
        1,
        2,
        2,
        1,
        3
      ],
      "uv": [
        19,
        189,
        159,
        189,
        19,
        19,
        159,
        19
      ],
      "nuv": [
        0.08636363636363636,
        0.08636363636363636,
        0.7227272727272728,
        0.08636363636363636,
        0.08636363636363636,
        0.8590909090909091,
        0.7227272727272728,
        0.8590909090909091
      ],
      "minPos": {
        "x": -70,
        "y": -85,
        "z": 0
      },
      "maxPos": {
        "x": 70,
        "y": 85,
        "z": 0
      }
    },
    "texture": "c1932701-a3c8-41f9-94fb-f193d0d658bb@6c48a",
    "packable": true,
    "pixelsToUnit": 100,
    "pivot": {
      "x": 0.5,
      "y": 0.5
    },
    "meshType": 0
  }
}