{
  "__type__": "cc.SpriteFrame",
  "content": {
    "name": "1_02",
    "atlas": "",
    "rect": {
      "x": 33,
      "y": 44,
      "width": 143,
      "height": 162
    },
    "offset": {
      "x": -5.5,
      "y": -15
    },
    "originalSize": {
      "width": 220,
      "height": 220
    },
    "rotated": false,
    "capInsets": [
      0,
      0,
      0,
      0
    ],
    "vertices": {
      "rawPosition": [
        -71.5,
        -81,
        0,
        71.5,
        -81,
        0,
        -71.5,
        81,
        0,
        71.5,
        81,
        0
      ],
      "indexes": [
        0,
        1,
        2,
        2,
        1,
        3
      ],
      "uv": [
        33,
        176,
        176,
        176,
        33,
        14,
        176,
        14
      ],
      "nuv": [
        0.15,
        0.06363636363636363,
        0.8,
        0.06363636363636363,
        0.15,
        0.8,
        0.8,
        0.8
      ],
      "minPos": {
        "x": -71.5,
        "y": -81,
        "z": 0
      },
      "maxPos": {
        "x": 71.5,
        "y": 81,
        "z": 0
      }
    },
    "texture": "c1a98b9b-fbc0-47f9-a229-a330bd7d3bca@6c48a",
    "packable": true,
    "pixelsToUnit": 100,
    "pivot": {
      "x": 0.5,
      "y": 0.5
    },
    "meshType": 0
  }
}