{
  "__type__": "cc.SpriteFrame",
  "content": {
    "name": "rankhuangjin",
    "atlas": "",
    "rect": {
      "x": 0,
      "y": 0,
      "width": 722,
      "height": 1719
    },
    "offset": {
      "x": 0,
      "y": 1
    },
    "originalSize": {
      "width": 722,
      "height": 1721
    },
    "rotated": false,
    "capInsets": [
      0,
      0,
      0,
      0
    ],
    "vertices": {
      "rawPosition": [
        -361,
        -859.5,
        0,
        361,
        -859.5,
        0,
        -361,
        859.5,
        0,
        361,
        859.5,
        0
      ],
      "indexes": [
        0,
        1,
        2,
        2,
        1,
        3
      ],
      "uv": [
        0,
        1721,
        722,
        1721,
        0,
        2,
        722,
        2
      ],
      "nuv": [
        0,
        0.0011621150493898896,
        1,
        0.0011621150493898896,
        0,
        1,
        1,
        1
      ],
      "minPos": {
        "x": -361,
        "y": -859.5,
        "z": 0
      },
      "maxPos": {
        "x": 361,
        "y": 859.5,
        "z": 0
      }
    },
    "texture": "c1bb6b71-35c9-49ac-a2a0-edce6f7b242b@6c48a",
    "packable": true,
    "pixelsToUnit": 100,
    "pivot": {
      "x": 0.5,
      "y": 0.5
    },
    "meshType": 0
  }
}