{
  "__type__": "cc.SpriteFrame",
  "content": {
    "name": "0042",
    "atlas": "",
    "rect": {
      "x": 20,
      "y": 39,
      "width": 110,
      "height": 66
    },
    "offset": {
      "x": 0,
      "y": 3
    },
    "originalSize": {
      "width": 150,
      "height": 150
    },
    "rotated": false,
    "capInsets": [
      0,
      0,
      0,
      0
    ],
    "vertices": {
      "rawPosition": [
        -55,
        -33,
        0,
        55,
        -33,
        0,
        -55,
        33,
        0,
        55,
        33,
        0
      ],
      "indexes": [
        0,
        1,
        2,
        2,
        1,
        3
      ],
      "uv": [
        20,
        111,
        130,
        111,
        20,
        45,
        130,
        45
      ],
      "nuv": [
        0.13333333333333333,
        0.3,
        0.8666666666666667,
        0.3,
        0.13333333333333333,
        0.74,
        0.8666666666666667,
        0.74
      ],
      "minPos": {
        "x": -55,
        "y": -33,
        "z": 0
      },
      "maxPos": {
        "x": 55,
        "y": 33,
        "z": 0
      }
    },
    "texture": "c1c6ff7d-b037-4194-b268-7c6d30466ce0@6c48a",
    "packable": true,
    "pixelsToUnit": 100,
    "pivot": {
      "x": 0.5,
      "y": 0.5
    },
    "meshType": 0
  }
}