{
  "__type__": "cc.SpriteFrame",
  "content": {
    "name": "1_18",
    "atlas": "",
    "rect": {
      "x": 45,
      "y": 48,
      "width": 144,
      "height": 153
    },
    "offset": {
      "x": 7,
      "y": -14.5
    },
    "originalSize": {
      "width": 220,
      "height": 220
    },
    "rotated": false,
    "capInsets": [
      0,
      0,
      0,
      0
    ],
    "vertices": {
      "rawPosition": [
        -72,
        -76.5,
        0,
        72,
        -76.5,
        0,
        -72,
        76.5,
        0,
        72,
        76.5,
        0
      ],
      "indexes": [
        0,
        1,
        2,
        2,
        1,
        3
      ],
      "uv": [
        45,
        172,
        189,
        172,
        45,
        19,
        189,
        19
      ],
      "nuv": [
        0.20454545454545456,
        0.08636363636363636,
        0.8590909090909091,
        0.08636363636363636,
        0.20454545454545456,
        0.7818181818181819,
        0.8590909090909091,
        0.7818181818181819
      ],
      "minPos": {
        "x": -72,
        "y": -76.5,
        "z": 0
      },
      "maxPos": {
        "x": 72,
        "y": 76.5,
        "z": 0
      }
    },
    "texture": "c1e1d3e0-9ab7-4462-8e44-82ce984fd0e1@6c48a",
    "packable": true,
    "pixelsToUnit": 100,
    "pivot": {
      "x": 0.5,
      "y": 0.5
    },
    "meshType": 0
  }
}