{
  "__type__": "cc.SpriteFrame",
  "content": {
    "name": "sit2_09",
    "atlas": "",
    "rect": {
      "x": 37,
      "y": 49,
      "width": 60,
      "height": 133
    },
    "offset": {
      "x": 7,
      "y": -18
    },
    "originalSize": {
      "width": 120,
      "height": 195
    },
    "rotated": false,
    "capInsets": [
      0,
      0,
      0,
      0
    ],
    "vertices": {
      "rawPosition": [
        -30,
        -66.5,
        0,
        30,
        -66.5,
        0,
        -30,
        66.5,
        0,
        30,
        66.5,
        0
      ],
      "indexes": [
        0,
        1,
        2,
        2,
        1,
        3
      ],
      "uv": [
        37,
        146,
        97,
        146,
        37,
        13,
        97,
        13
      ],
      "nuv": [
        0.30833333333333335,
        0.06666666666666667,
        0.8083333333333333,
        0.06666666666666667,
        0.30833333333333335,
        0.7487179487179487,
        0.8083333333333333,
        0.7487179487179487
      ],
      "minPos": {
        "x": -30,
        "y": -66.5,
        "z": 0
      },
      "maxPos": {
        "x": 30,
        "y": 66.5,
        "z": 0
      }
    },
    "texture": "9e5e81fa-a761-4aab-a5c6-e091b92b6d3f@6c48a",
    "packable": true,
    "pixelsToUnit": 100,
    "pivot": {
      "x": 0.5,
      "y": 0.5
    },
    "meshType": 0
  }
}