{
  "__type__": "cc.SpriteFrame",
  "content": {
    "name": "1_01",
    "atlas": "",
    "rect": {
      "x": 22,
      "y": 18,
      "width": 53,
      "height": 57
    },
    "offset": {
      "x": 0,
      "y": 2
    },
    "originalSize": {
      "width": 97,
      "height": 97
    },
    "rotated": false,
    "capInsets": [
      0,
      0,
      0,
      0
    ],
    "vertices": {
      "rawPosition": [
        -26.5,
        -28.5,
        0,
        26.5,
        -28.5,
        0,
        -26.5,
        28.5,
        0,
        26.5,
        28.5,
        0
      ],
      "indexes": [
        0,
        1,
        2,
        2,
        1,
        3
      ],
      "uv": [
        22,
        79,
        75,
        79,
        22,
        22,
        75,
        22
      ],
      "nuv": [
        0.2268041237113402,
        0.2268041237113402,
        0.7731958762886598,
        0.2268041237113402,
        0.2268041237113402,
        0.8144329896907216,
        0.7731958762886598,
        0.8144329896907216
      ],
      "minPos": {
        "x": -26.5,
        "y": -28.5,
        "z": 0
      },
      "maxPos": {
        "x": 26.5,
        "y": 28.5,
        "z": 0
      }
    },
    "texture": "9ec09dc8-35fb-4897-8c80-283c7947d4b5@6c48a",
    "packable": true,
    "pixelsToUnit": 100,
    "pivot": {
      "x": 0.5,
      "y": 0.5
    },
    "meshType": 0
  }
}