{
  "__type__": "cc.SpriteFrame",
  "content": {
    "name": "sit2_idle_20",
    "atlas": "",
    "rect": {
      "x": 31,
      "y": 42,
      "width": 58,
      "height": 140
    },
    "offset": {
      "x": 0,
      "y": -14.5
    },
    "originalSize": {
      "width": 120,
      "height": 195
    },
    "rotated": false,
    "capInsets": [
      0,
      0,
      0,
      0
    ],
    "vertices": {
      "rawPosition": [
        -29,
        -70,
        0,
        29,
        -70,
        0,
        -29,
        70,
        0,
        29,
        70,
        0
      ],
      "indexes": [
        0,
        1,
        2,
        2,
        1,
        3
      ],
      "uv": [
        31,
        153,
        89,
        153,
        31,
        13,
        89,
        13
      ],
      "nuv": [
        0.25833333333333336,
        0.06666666666666667,
        0.7416666666666667,
        0.06666666666666667,
        0.25833333333333336,
        0.7846153846153846,
        0.7416666666666667,
        0.7846153846153846
      ],
      "minPos": {
        "x": -29,
        "y": -70,
        "z": 0
      },
      "maxPos": {
        "x": 29,
        "y": 70,
        "z": 0
      }
    },
    "texture": "e62bcb57-9e9b-4ab5-997d-188222699611@6c48a",
    "packable": true,
    "pixelsToUnit": 100,
    "pivot": {
      "x": 0.5,
      "y": 0.5
    },
    "meshType": 0
  }
}