{
  "__type__": "cc.SpriteFrame",
  "content": {
    "name": "1_16",
    "atlas": "",
    "rect": {
      "x": 56,
      "y": 50,
      "width": 128,
      "height": 155
    },
    "offset": {
      "x": 10,
      "y": -17.5
    },
    "originalSize": {
      "width": 220,
      "height": 220
    },
    "rotated": false,
    "capInsets": [
      0,
      0,
      0,
      0
    ],
    "vertices": {
      "rawPosition": [
        -64,
        -77.5,
        0,
        64,
        -77.5,
        0,
        -64,
        77.5,
        0,
        64,
        77.5,
        0
      ],
      "indexes": [
        0,
        1,
        2,
        2,
        1,
        3
      ],
      "uv": [
        56,
        170,
        184,
        170,
        56,
        15,
        184,
        15
      ],
      "nuv": [
        0.2545454545454545,
        0.06818181818181818,
        0.8363636363636363,
        0.06818181818181818,
        0.2545454545454545,
        0.7727272727272727,
        0.8363636363636363,
        0.7727272727272727
      ],
      "minPos": {
        "x": -64,
        "y": -77.5,
        "z": 0
      },
      "maxPos": {
        "x": 64,
        "y": 77.5,
        "z": 0
      }
    },
    "texture": "e6dad663-1d7f-4079-bc78-facb6fc699a5@6c48a",
    "packable": true,
    "pixelsToUnit": 100,
    "pivot": {
      "x": 0.5,
      "y": 0.5
    },
    "meshType": 0
  }
}