{
  "__type__": "cc.SpriteFrame",
  "content": {
    "name": "1_10",
    "atlas": "",
    "rect": {
      "x": 16,
      "y": 35,
      "width": 143,
      "height": 166
    },
    "offset": {
      "x": -22.5,
      "y": -8
    },
    "originalSize": {
      "width": 220,
      "height": 220
    },
    "rotated": false,
    "capInsets": [
      0,
      0,
      0,
      0
    ],
    "vertices": {
      "rawPosition": [
        -71.5,
        -83,
        0,
        71.5,
        -83,
        0,
        -71.5,
        83,
        0,
        71.5,
        83,
        0
      ],
      "indexes": [
        0,
        1,
        2,
        2,
        1,
        3
      ],
      "uv": [
        16,
        185,
        159,
        185,
        16,
        19,
        159,
        19
      ],
      "nuv": [
        0.07272727272727272,
        0.08636363636363636,
        0.7227272727272728,
        0.08636363636363636,
        0.07272727272727272,
        0.8409090909090909,
        0.7227272727272728,
        0.8409090909090909
      ],
      "minPos": {
        "x": -71.5,
        "y": -83,
        "z": 0
      },
      "maxPos": {
        "x": 71.5,
        "y": 83,
        "z": 0
      }
    },
    "texture": "6f2038c3-bc0a-49a2-aa3f-6922f2b94afa@6c48a",
    "packable": true,
    "pixelsToUnit": 100,
    "pivot": {
      "x": 0.5,
      "y": 0.5
    },
    "meshType": 0
  }
}