{
  "__type__": "cc.SpriteFrame",
  "content": {
    "name": "1_53",
    "atlas": "",
    "rect": {
      "x": 34,
      "y": 48,
      "width": 138,
      "height": 154
    },
    "offset": {
      "x": -7,
      "y": -15
    },
    "originalSize": {
      "width": 220,
      "height": 220
    },
    "rotated": false,
    "capInsets": [
      0,
      0,
      0,
      0
    ],
    "vertices": {
      "rawPosition": [
        -69,
        -77,
        0,
        69,
        -77,
        0,
        -69,
        77,
        0,
        69,
        77,
        0
      ],
      "indexes": [
        0,
        1,
        2,
        2,
        1,
        3
      ],
      "uv": [
        34,
        172,
        172,
        172,
        34,
        18,
        172,
        18
      ],
      "nuv": [
        0.15454545454545454,
        0.08181818181818182,
        0.7818181818181819,
        0.08181818181818182,
        0.15454545454545454,
        0.7818181818181819,
        0.7818181818181819,
        0.7818181818181819
      ],
      "minPos": {
        "x": -69,
        "y": -77,
        "z": 0
      },
      "maxPos": {
        "x": 69,
        "y": 77,
        "z": 0
      }
    },
    "texture": "6f4d3d9a-6adc-4e3b-9d17-c3c803ffd904@6c48a",
    "packable": true,
    "pixelsToUnit": 100,
    "pivot": {
      "x": 0.5,
      "y": 0.5
    },
    "meshType": 0
  }
}