{
  "__type__": "cc.SpriteFrame",
  "content": {
    "name": "move_09",
    "atlas": "",
    "rect": {
      "x": 31,
      "y": 29,
      "width": 47,
      "height": 153
    },
    "offset": {
      "x": -5.5,
      "y": -8
    },
    "originalSize": {
      "width": 120,
      "height": 195
    },
    "rotated": false,
    "capInsets": [
      0,
      0,
      0,
      0
    ],
    "vertices": {
      "rawPosition": [
        -23.5,
        -76.5,
        0,
        23.5,
        -76.5,
        0,
        -23.5,
        76.5,
        0,
        23.5,
        76.5,
        0
      ],
      "indexes": [
        0,
        1,
        2,
        2,
        1,
        3
      ],
      "uv": [
        31,
        166,
        78,
        166,
        31,
        13,
        78,
        13
      ],
      "nuv": [
        0.25833333333333336,
        0.06666666666666667,
        0.65,
        0.06666666666666667,
        0.25833333333333336,
        0.8512820512820513,
        0.65,
        0.8512820512820513
      ],
      "minPos": {
        "x": -23.5,
        "y": -76.5,
        "z": 0
      },
      "maxPos": {
        "x": 23.5,
        "y": 76.5,
        "z": 0
      }
    },
    "texture": "6f5df988-4cb4-40d0-9295-06140869ed0e@6c48a",
    "packable": true,
    "pixelsToUnit": 100,
    "pivot": {
      "x": 0.5,
      "y": 0.5
    },
    "meshType": 0
  }
}