{
  "__type__": "cc.SpriteFrame",
  "content": {
    "name": "sit_idle_25",
    "atlas": "",
    "rect": {
      "x": 31,
      "y": 47,
      "width": 62,
      "height": 135
    },
    "offset": {
      "x": -5.5,
      "y": -17
    },
    "originalSize": {
      "width": 135,
      "height": 195
    },
    "rotated": false,
    "capInsets": [
      0,
      0,
      0,
      0
    ],
    "vertices": {
      "rawPosition": [
        -31,
        -67.5,
        0,
        31,
        -67.5,
        0,
        -31,
        67.5,
        0,
        31,
        67.5,
        0
      ],
      "indexes": [
        0,
        1,
        2,
        2,
        1,
        3
      ],
      "uv": [
        31,
        148,
        93,
        148,
        31,
        13,
        93,
        13
      ],
      "nuv": [
        0.22962962962962963,
        0.06666666666666667,
        0.6888888888888889,
        0.06666666666666667,
        0.22962962962962963,
        0.7589743589743589,
        0.6888888888888889,
        0.7589743589743589
      ],
      "minPos": {
        "x": -31,
        "y": -67.5,
        "z": 0
      },
      "maxPos": {
        "x": 31,
        "y": 67.5,
        "z": 0
      }
    },
    "texture": "6f60d46c-7a57-4b34-9978-3072cc5be380@6c48a",
    "packable": true,
    "pixelsToUnit": 100,
    "pivot": {
      "x": 0.5,
      "y": 0.5
    },
    "meshType": 0
  }
}