{
  "__type__": "cc.SpriteFrame",
  "content": {
    "name": "1_29",
    "atlas": "",
    "rect": {
      "x": 42,
      "y": 46,
      "width": 143,
      "height": 160
    },
    "offset": {
      "x": 3.5,
      "y": -16
    },
    "originalSize": {
      "width": 220,
      "height": 220
    },
    "rotated": false,
    "capInsets": [
      0,
      0,
      0,
      0
    ],
    "vertices": {
      "rawPosition": [
        -71.5,
        -80,
        0,
        71.5,
        -80,
        0,
        -71.5,
        80,
        0,
        71.5,
        80,
        0
      ],
      "indexes": [
        0,
        1,
        2,
        2,
        1,
        3
      ],
      "uv": [
        42,
        174,
        185,
        174,
        42,
        14,
        185,
        14
      ],
      "nuv": [
        0.19090909090909092,
        0.06363636363636363,
        0.8409090909090909,
        0.06363636363636363,
        0.19090909090909092,
        0.7909090909090909,
        0.8409090909090909,
        0.7909090909090909
      ],
      "minPos": {
        "x": -71.5,
        "y": -80,
        "z": 0
      },
      "maxPos": {
        "x": 71.5,
        "y": 80,
        "z": 0
      }
    },
    "texture": "6f6188c3-4cb5-4950-ba8e-0599db67258b@6c48a",
    "packable": true,
    "pixelsToUnit": 100,
    "pivot": {
      "x": 0.5,
      "y": 0.5
    },
    "meshType": 0
  }
}