{
  "__type__": "cc.SpriteFrame",
  "content": {
    "name": "1_03",
    "atlas": "",
    "rect": {
      "x": 39,
      "y": 48,
      "width": 138,
      "height": 153
    },
    "offset": {
      "x": -2,
      "y": -14.5
    },
    "originalSize": {
      "width": 220,
      "height": 220
    },
    "rotated": false,
    "capInsets": [
      0,
      0,
      0,
      0
    ],
    "vertices": {
      "rawPosition": [
        -69,
        -76.5,
        0,
        69,
        -76.5,
        0,
        -69,
        76.5,
        0,
        69,
        76.5,
        0
      ],
      "indexes": [
        0,
        1,
        2,
        2,
        1,
        3
      ],
      "uv": [
        39,
        172,
        177,
        172,
        39,
        19,
        177,
        19
      ],
      "nuv": [
        0.17727272727272728,
        0.08636363636363636,
        0.8045454545454546,
        0.08636363636363636,
        0.17727272727272728,
        0.7818181818181819,
        0.8045454545454546,
        0.7818181818181819
      ],
      "minPos": {
        "x": -69,
        "y": -76.5,
        "z": 0
      },
      "maxPos": {
        "x": 69,
        "y": 76.5,
        "z": 0
      }
    },
    "texture": "181ef667-f2e3-48f2-8523-5dcafc8631e0@6c48a",
    "packable": true,
    "pixelsToUnit": 100,
    "pivot": {
      "x": 0.5,
      "y": 0.5
    },
    "meshType": 0
  }
}