{
  "__type__": "cc.SpriteFrame",
  "content": {
    "name": "1_006",
    "atlas": "",
    "rect": {
      "x": 187,
      "y": 81,
      "width": 133,
      "height": 140
    },
    "offset": {
      "x": 66,
      "y": 11
    },
    "originalSize": {
      "width": 375,
      "height": 324
    },
    "rotated": false,
    "capInsets": [
      0,
      0,
      0,
      0
    ],
    "vertices": {
      "rawPosition": [
        -66.5,
        -70,
        0,
        66.5,
        -70,
        0,
        -66.5,
        70,
        0,
        66.5,
        70,
        0
      ],
      "indexes": [
        0,
        1,
        2,
        2,
        1,
        3
      ],
      "uv": [
        187,
        243,
        320,
        243,
        187,
        103,
        320,
        103
      ],
      "nuv": [
        0.49866666666666665,
        0.31790123456790126,
        0.8533333333333334,
        0.31790123456790126,
        0.49866666666666665,
        0.75,
        0.8533333333333334,
        0.75
      ],
      "minPos": {
        "x": -66.5,
        "y": -70,
        "z": 0
      },
      "maxPos": {
        "x": 66.5,
        "y": 70,
        "z": 0
      }
    },
    "texture": "1860c4c6-efec-4384-b74f-eaf26ec5ad14@6c48a",
    "packable": true,
    "pixelsToUnit": 100,
    "pivot": {
      "x": 0.5,
      "y": 0.5
    },
    "meshType": 0
  }
}