{
  "__type__": "cc.SpriteFrame",
  "content": {
    "name": "1_09",
    "atlas": "",
    "rect": {
      "x": 46,
      "y": 50,
      "width": 147,
      "height": 158
    },
    "offset": {
      "x": 9.5,
      "y": -19
    },
    "originalSize": {
      "width": 220,
      "height": 220
    },
    "rotated": false,
    "capInsets": [
      0,
      0,
      0,
      0
    ],
    "vertices": {
      "rawPosition": [
        -73.5,
        -79,
        0,
        73.5,
        -79,
        0,
        -73.5,
        79,
        0,
        73.5,
        79,
        0
      ],
      "indexes": [
        0,
        1,
        2,
        2,
        1,
        3
      ],
      "uv": [
        46,
        170,
        193,
        170,
        46,
        12,
        193,
        12
      ],
      "nuv": [
        0.20909090909090908,
        0.05454545454545454,
        0.8772727272727273,
        0.05454545454545454,
        0.20909090909090908,
        0.7727272727272727,
        0.8772727272727273,
        0.7727272727272727
      ],
      "minPos": {
        "x": -73.5,
        "y": -79,
        "z": 0
      },
      "maxPos": {
        "x": 73.5,
        "y": 79,
        "z": 0
      }
    },
    "texture": "187245d1-27e9-4350-b20a-60abdc15ffbb@6c48a",
    "packable": true,
    "pixelsToUnit": 100,
    "pivot": {
      "x": 0.5,
      "y": 0.5
    },
    "meshType": 0
  }
}