{
  "__type__": "cc.SpriteFrame",
  "content": {
    "name": "1_109",
    "atlas": "",
    "rect": {
      "x": 79,
      "y": 130,
      "width": 191,
      "height": 171
    },
    "offset": {
      "x": -13,
      "y": -53.5
    },
    "originalSize": {
      "width": 375,
      "height": 324
    },
    "rotated": false,
    "capInsets": [
      0,
      0,
      0,
      0
    ],
    "vertices": {
      "rawPosition": [
        -95.5,
        -85.5,
        0,
        95.5,
        -85.5,
        0,
        -95.5,
        85.5,
        0,
        95.5,
        85.5,
        0
      ],
      "indexes": [
        0,
        1,
        2,
        2,
        1,
        3
      ],
      "uv": [
        79,
        194,
        270,
        194,
        79,
        23,
        270,
        23
      ],
      "nuv": [
        0.21066666666666667,
        0.07098765432098765,
        0.72,
        0.07098765432098765,
        0.21066666666666667,
        0.5987654320987654,
        0.72,
        0.5987654320987654
      ],
      "minPos": {
        "x": -95.5,
        "y": -85.5,
        "z": 0
      },
      "maxPos": {
        "x": 95.5,
        "y": 85.5,
        "z": 0
      }
    },
    "texture": "189914a1-6619-4c47-b573-b183a9575a5e@6c48a",
    "packable": true,
    "pixelsToUnit": 100,
    "pivot": {
      "x": 0.5,
      "y": 0.5
    },
    "meshType": 0
  }
}