{
  "__type__": "cc.SpriteFrame",
  "content": {
    "name": "1_050",
    "atlas": "",
    "rect": {
      "x": 79,
      "y": 74,
      "width": 248,
      "height": 211
    },
    "offset": {
      "x": 15.5,
      "y": -17.5
    },
    "originalSize": {
      "width": 375,
      "height": 324
    },
    "rotated": false,
    "capInsets": [
      0,
      0,
      0,
      0
    ],
    "vertices": {
      "rawPosition": [
        -124,
        -105.5,
        0,
        124,
        -105.5,
        0,
        -124,
        105.5,
        0,
        124,
        105.5,
        0
      ],
      "indexes": [
        0,
        1,
        2,
        2,
        1,
        3
      ],
      "uv": [
        79,
        250,
        327,
        250,
        79,
        39,
        327,
        39
      ],
      "nuv": [
        0.21066666666666667,
        0.12037037037037036,
        0.872,
        0.12037037037037036,
        0.21066666666666667,
        0.7716049382716049,
        0.872,
        0.7716049382716049
      ],
      "minPos": {
        "x": -124,
        "y": -105.5,
        "z": 0
      },
      "maxPos": {
        "x": 124,
        "y": 105.5,
        "z": 0
      }
    },
    "texture": "18bf9c65-0feb-4214-8e87-1c97a113b7bc@6c48a",
    "packable": true,
    "pixelsToUnit": 100,
    "pivot": {
      "x": 0.5,
      "y": 0.5
    },
    "meshType": 0
  }
}