{
  "__type__": "cc.SpriteFrame",
  "content": {
    "name": "tu01-stand1_55",
    "atlas": "",
    "rect": {
      "x": 20,
      "y": 67,
      "width": 152,
      "height": 146
    },
    "offset": {
      "x": -14,
      "y": -30
    },
    "originalSize": {
      "width": 220,
      "height": 220
    },
    "rotated": false,
    "capInsets": [
      0,
      0,
      0,
      0
    ],
    "vertices": {
      "rawPosition": [
        -76,
        -73,
        0,
        76,
        -73,
        0,
        -76,
        73,
        0,
        76,
        73,
        0
      ],
      "indexes": [
        0,
        1,
        2,
        2,
        1,
        3
      ],
      "uv": [
        20,
        153,
        172,
        153,
        20,
        7,
        172,
        7
      ],
      "nuv": [
        0.09090909090909091,
        0.031818181818181815,
        0.7818181818181819,
        0.031818181818181815,
        0.09090909090909091,
        0.6954545454545454,
        0.7818181818181819,
        0.6954545454545454
      ],
      "minPos": {
        "x": -76,
        "y": -73,
        "z": 0
      },
      "maxPos": {
        "x": 76,
        "y": 73,
        "z": 0
      }
    },
    "texture": "18efba5f-f9b7-4df1-8c01-7b1cf6361880@6c48a",
    "packable": true,
    "pixelsToUnit": 100,
    "pivot": {
      "x": 0.5,
      "y": 0.5
    },
    "meshType": 0
  }
}