{
  "__type__": "cc.SpriteFrame",
  "content": {
    "name": "1_01",
    "atlas": "",
    "rect": {
      "x": 40,
      "y": 46,
      "width": 134,
      "height": 155
    },
    "offset": {
      "x": -3,
      "y": -13.5
    },
    "originalSize": {
      "width": 220,
      "height": 220
    },
    "rotated": false,
    "capInsets": [
      0,
      0,
      0,
      0
    ],
    "vertices": {
      "rawPosition": [
        -67,
        -77.5,
        0,
        67,
        -77.5,
        0,
        -67,
        77.5,
        0,
        67,
        77.5,
        0
      ],
      "indexes": [
        0,
        1,
        2,
        2,
        1,
        3
      ],
      "uv": [
        40,
        174,
        174,
        174,
        40,
        19,
        174,
        19
      ],
      "nuv": [
        0.18181818181818182,
        0.08636363636363636,
        0.7909090909090909,
        0.08636363636363636,
        0.18181818181818182,
        0.7909090909090909,
        0.7909090909090909,
        0.7909090909090909
      ],
      "minPos": {
        "x": -67,
        "y": -77.5,
        "z": 0
      },
      "maxPos": {
        "x": 67,
        "y": 77.5,
        "z": 0
      }
    },
    "texture": "001118c5-88f6-4436-b57e-dc56c96c9a04@6c48a",
    "packable": true,
    "pixelsToUnit": 100,
    "pivot": {
      "x": 0.5,
      "y": 0.5
    },
    "meshType": 0
  }
}