{
  "__type__": "cc.SpriteFrame",
  "content": {
    "name": "move_20",
    "atlas": "",
    "rect": {
      "x": 49,
      "y": 25,
      "width": 49,
      "height": 160
    },
    "offset": {
      "x": 6,
      "y": -7.5
    },
    "originalSize": {
      "width": 135,
      "height": 195
    },
    "rotated": false,
    "capInsets": [
      0,
      0,
      0,
      0
    ],
    "vertices": {
      "rawPosition": [
        -24.5,
        -80,
        0,
        24.5,
        -80,
        0,
        -24.5,
        80,
        0,
        24.5,
        80,
        0
      ],
      "indexes": [
        0,
        1,
        2,
        2,
        1,
        3
      ],
      "uv": [
        49,
        170,
        98,
        170,
        49,
        10,
        98,
        10
      ],
      "nuv": [
        0.362962962962963,
        0.05128205128205128,
        0.725925925925926,
        0.05128205128205128,
        0.362962962962963,
        0.8717948717948718,
        0.725925925925926,
        0.8717948717948718
      ],
      "minPos": {
        "x": -24.5,
        "y": -80,
        "z": 0
      },
      "maxPos": {
        "x": 24.5,
        "y": 80,
        "z": 0
      }
    },
    "texture": "00c9a5af-e8a3-4de8-9815-8dafc57496e0@6c48a",
    "packable": true,
    "pixelsToUnit": 100,
    "pivot": {
      "x": 0.5,
      "y": 0.5
    },
    "meshType": 0
  }
}