{
  "__type__": "cc.SpriteFrame",
  "content": {
    "name": "1_35",
    "atlas": "",
    "rect": {
      "x": 28,
      "y": 33,
      "width": 148,
      "height": 133
    },
    "offset": {
      "x": -8,
      "y": 10.5
    },
    "originalSize": {
      "width": 220,
      "height": 220
    },
    "rotated": false,
    "capInsets": [
      0,
      0,
      0,
      0
    ],
    "vertices": {
      "rawPosition": [
        -74,
        -66.5,
        0,
        74,
        -66.5,
        0,
        -74,
        66.5,
        0,
        74,
        66.5,
        0
      ],
      "indexes": [
        0,
        1,
        2,
        2,
        1,
        3
      ],
      "uv": [
        28,
        187,
        176,
        187,
        28,
        54,
        176,
        54
      ],
      "nuv": [
        0.12727272727272726,
        0.24545454545454545,
        0.8,
        0.24545454545454545,
        0.12727272727272726,
        0.85,
        0.8,
        0.85
      ],
      "minPos": {
        "x": -74,
        "y": -66.5,
        "z": 0
      },
      "maxPos": {
        "x": 74,
        "y": 66.5,
        "z": 0
      }
    },
    "texture": "a8925eba-11a8-4898-b0a6-962f1b357e81@6c48a",
    "packable": true,
    "pixelsToUnit": 100,
    "pivot": {
      "x": 0.5,
      "y": 0.5
    },
    "meshType": 0
  }
}