{
  "__type__": "cc.SpriteFrame",
  "content": {
    "name": "1_021",
    "atlas": "",
    "rect": {
      "x": 79,
      "y": 125,
      "width": 191,
      "height": 160
    },
    "offset": {
      "x": -13,
      "y": -43
    },
    "originalSize": {
      "width": 375,
      "height": 324
    },
    "rotated": false,
    "capInsets": [
      0,
      0,
      0,
      0
    ],
    "vertices": {
      "rawPosition": [
        -95.5,
        -80,
        0,
        95.5,
        -80,
        0,
        -95.5,
        80,
        0,
        95.5,
        80,
        0
      ],
      "indexes": [
        0,
        1,
        2,
        2,
        1,
        3
      ],
      "uv": [
        79,
        199,
        270,
        199,
        79,
        39,
        270,
        39
      ],
      "nuv": [
        0.21066666666666667,
        0.12037037037037036,
        0.72,
        0.12037037037037036,
        0.21066666666666667,
        0.6141975308641975,
        0.72,
        0.6141975308641975
      ],
      "minPos": {
        "x": -95.5,
        "y": -80,
        "z": 0
      },
      "maxPos": {
        "x": 95.5,
        "y": 80,
        "z": 0
      }
    },
    "texture": "a8b28dc5-9513-481f-bf7b-447aeb899ef0@6c48a",
    "packable": true,
    "pixelsToUnit": 100,
    "pivot": {
      "x": 0.5,
      "y": 0.5
    },
    "meshType": 0
  }
}