{
  "__type__": "cc.SpriteFrame",
  "content": {
    "name": "1_00",
    "atlas": "",
    "rect": {
      "x": 32,
      "y": 48,
      "width": 138,
      "height": 154
    },
    "offset": {
      "x": -9,
      "y": -15
    },
    "originalSize": {
      "width": 220,
      "height": 220
    },
    "rotated": false,
    "capInsets": [
      0,
      0,
      0,
      0
    ],
    "vertices": {
      "rawPosition": [
        -69,
        -77,
        0,
        69,
        -77,
        0,
        -69,
        77,
        0,
        69,
        77,
        0
      ],
      "indexes": [
        0,
        1,
        2,
        2,
        1,
        3
      ],
      "uv": [
        32,
        172,
        170,
        172,
        32,
        18,
        170,
        18
      ],
      "nuv": [
        0.14545454545454545,
        0.08181818181818182,
        0.7727272727272727,
        0.08181818181818182,
        0.14545454545454545,
        0.7818181818181819,
        0.7727272727272727,
        0.7818181818181819
      ],
      "minPos": {
        "x": -69,
        "y": -77,
        "z": 0
      },
      "maxPos": {
        "x": 69,
        "y": 77,
        "z": 0
      }
    },
    "texture": "a8d359fc-ffe3-402f-ba88-751151dc1628@6c48a",
    "packable": true,
    "pixelsToUnit": 100,
    "pivot": {
      "x": 0.5,
      "y": 0.5
    },
    "meshType": 0
  }
}