{
  "__type__": "cc.SpriteFrame",
  "content": {
    "name": "move_01",
    "atlas": "",
    "rect": {
      "x": 43,
      "y": 25,
      "width": 53,
      "height": 159
    },
    "offset": {
      "x": 9.5,
      "y": -7
    },
    "originalSize": {
      "width": 120,
      "height": 195
    },
    "rotated": false,
    "capInsets": [
      0,
      0,
      0,
      0
    ],
    "vertices": {
      "rawPosition": [
        -26.5,
        -79.5,
        0,
        26.5,
        -79.5,
        0,
        -26.5,
        79.5,
        0,
        26.5,
        79.5,
        0
      ],
      "indexes": [
        0,
        1,
        2,
        2,
        1,
        3
      ],
      "uv": [
        43,
        170,
        96,
        170,
        43,
        11,
        96,
        11
      ],
      "nuv": [
        0.35833333333333334,
        0.05641025641025641,
        0.8,
        0.05641025641025641,
        0.35833333333333334,
        0.8717948717948718,
        0.8,
        0.8717948717948718
      ],
      "minPos": {
        "x": -26.5,
        "y": -79.5,
        "z": 0
      },
      "maxPos": {
        "x": 26.5,
        "y": 79.5,
        "z": 0
      }
    },
    "texture": "926fbb1e-0653-4354-a890-91a5eb91d1d5@6c48a",
    "packable": true,
    "pixelsToUnit": 100,
    "pivot": {
      "x": 0.5,
      "y": 0.5
    },
    "meshType": 0
  }
}