{
  "__type__": "cc.SpriteFrame",
  "content": {
    "name": "1_35",
    "atlas": "",
    "rect": {
      "x": 44,
      "y": 48,
      "width": 144,
      "height": 160
    },
    "offset": {
      "x": 6,
      "y": -18
    },
    "originalSize": {
      "width": 220,
      "height": 220
    },
    "rotated": false,
    "capInsets": [
      0,
      0,
      0,
      0
    ],
    "vertices": {
      "rawPosition": [
        -72,
        -80,
        0,
        72,
        -80,
        0,
        -72,
        80,
        0,
        72,
        80,
        0
      ],
      "indexes": [
        0,
        1,
        2,
        2,
        1,
        3
      ],
      "uv": [
        44,
        172,
        188,
        172,
        44,
        12,
        188,
        12
      ],
      "nuv": [
        0.2,
        0.05454545454545454,
        0.8545454545454545,
        0.05454545454545454,
        0.2,
        0.7818181818181819,
        0.8545454545454545,
        0.7818181818181819
      ],
      "minPos": {
        "x": -72,
        "y": -80,
        "z": 0
      },
      "maxPos": {
        "x": 72,
        "y": 80,
        "z": 0
      }
    },
    "texture": "92a6a2b8-573b-44bf-9c37-6b46ed235fc1@6c48a",
    "packable": true,
    "pixelsToUnit": 100,
    "pivot": {
      "x": 0.5,
      "y": 0.5
    },
    "meshType": 0
  }
}