{
  "__type__": "cc.SpriteFrame",
  "content": {
    "name": "sit2_11",
    "atlas": "",
    "rect": {
      "x": 37,
      "y": 49,
      "width": 62,
      "height": 133
    },
    "offset": {
      "x": 8,
      "y": -18
    },
    "originalSize": {
      "width": 120,
      "height": 195
    },
    "rotated": false,
    "capInsets": [
      0,
      0,
      0,
      0
    ],
    "vertices": {
      "rawPosition": [
        -31,
        -66.5,
        0,
        31,
        -66.5,
        0,
        -31,
        66.5,
        0,
        31,
        66.5,
        0
      ],
      "indexes": [
        0,
        1,
        2,
        2,
        1,
        3
      ],
      "uv": [
        37,
        146,
        99,
        146,
        37,
        13,
        99,
        13
      ],
      "nuv": [
        0.30833333333333335,
        0.06666666666666667,
        0.825,
        0.06666666666666667,
        0.30833333333333335,
        0.7487179487179487,
        0.825,
        0.7487179487179487
      ],
      "minPos": {
        "x": -31,
        "y": -66.5,
        "z": 0
      },
      "maxPos": {
        "x": 31,
        "y": 66.5,
        "z": 0
      }
    },
    "texture": "1309b011-1bc3-4a9c-8277-fd6f22120c2b@6c48a",
    "packable": true,
    "pixelsToUnit": 100,
    "pivot": {
      "x": 0.5,
      "y": 0.5
    },
    "meshType": 0
  }
}