{
  "__type__": "cc.SpriteFrame",
  "content": {
    "name": "1_24",
    "atlas": "",
    "rect": {
      "x": 37,
      "y": 44,
      "width": 142,
      "height": 162
    },
    "offset": {
      "x": -2,
      "y": -15
    },
    "originalSize": {
      "width": 220,
      "height": 220
    },
    "rotated": false,
    "capInsets": [
      0,
      0,
      0,
      0
    ],
    "vertices": {
      "rawPosition": [
        -71,
        -81,
        0,
        71,
        -81,
        0,
        -71,
        81,
        0,
        71,
        81,
        0
      ],
      "indexes": [
        0,
        1,
        2,
        2,
        1,
        3
      ],
      "uv": [
        37,
        176,
        179,
        176,
        37,
        14,
        179,
        14
      ],
      "nuv": [
        0.16818181818181818,
        0.06363636363636363,
        0.8136363636363636,
        0.06363636363636363,
        0.16818181818181818,
        0.8,
        0.8136363636363636,
        0.8
      ],
      "minPos": {
        "x": -71,
        "y": -81,
        "z": 0
      },
      "maxPos": {
        "x": 71,
        "y": 81,
        "z": 0
      }
    },
    "texture": "13221a61-9a73-4988-88d2-c0bbcf21b345@6c48a",
    "packable": true,
    "pixelsToUnit": 100,
    "pivot": {
      "x": 0.5,
      "y": 0.5
    },
    "meshType": 0
  }
}