{
  "__type__": "cc.SpriteFrame",
  "content": {
    "name": "tu01-stand1_07",
    "atlas": "",
    "rect": {
      "x": 31,
      "y": 67,
      "width": 147,
      "height": 146
    },
    "offset": {
      "x": -5.5,
      "y": -30
    },
    "originalSize": {
      "width": 220,
      "height": 220
    },
    "rotated": false,
    "capInsets": [
      0,
      0,
      0,
      0
    ],
    "vertices": {
      "rawPosition": [
        -73.5,
        -73,
        0,
        73.5,
        -73,
        0,
        -73.5,
        73,
        0,
        73.5,
        73,
        0
      ],
      "indexes": [
        0,
        1,
        2,
        2,
        1,
        3
      ],
      "uv": [
        31,
        153,
        178,
        153,
        31,
        7,
        178,
        7
      ],
      "nuv": [
        0.1409090909090909,
        0.031818181818181815,
        0.8090909090909091,
        0.031818181818181815,
        0.1409090909090909,
        0.6954545454545454,
        0.8090909090909091,
        0.6954545454545454
      ],
      "minPos": {
        "x": -73.5,
        "y": -73,
        "z": 0
      },
      "maxPos": {
        "x": 73.5,
        "y": 73,
        "z": 0
      }
    },
    "texture": "825364e5-25f6-40cf-8aea-5dd91e619849@6c48a",
    "packable": true,
    "pixelsToUnit": 100,
    "pivot": {
      "x": 0.5,
      "y": 0.5
    },
    "meshType": 0
  }
}