{
  "__type__": "cc.SpriteFrame",
  "content": {
    "name": "1_42",
    "atlas": "",
    "rect": {
      "x": 37,
      "y": 49,
      "width": 134,
      "height": 152
    },
    "offset": {
      "x": -6,
      "y": -15
    },
    "originalSize": {
      "width": 220,
      "height": 220
    },
    "rotated": false,
    "capInsets": [
      0,
      0,
      0,
      0
    ],
    "vertices": {
      "rawPosition": [
        -67,
        -76,
        0,
        67,
        -76,
        0,
        -67,
        76,
        0,
        67,
        76,
        0
      ],
      "indexes": [
        0,
        1,
        2,
        2,
        1,
        3
      ],
      "uv": [
        37,
        171,
        171,
        171,
        37,
        19,
        171,
        19
      ],
      "nuv": [
        0.16818181818181818,
        0.08636363636363636,
        0.7772727272727272,
        0.08636363636363636,
        0.16818181818181818,
        0.7772727272727272,
        0.7772727272727272,
        0.7772727272727272
      ],
      "minPos": {
        "x": -67,
        "y": -76,
        "z": 0
      },
      "maxPos": {
        "x": 67,
        "y": 76,
        "z": 0
      }
    },
    "texture": "825b56d4-b662-43b1-b04b-a05fd65889b6@6c48a",
    "packable": true,
    "pixelsToUnit": 100,
    "pivot": {
      "x": 0.5,
      "y": 0.5
    },
    "meshType": 0
  }
}