{
  "__type__": "cc.SpriteFrame",
  "content": {
    "name": "tu01-stand1_42",
    "atlas": "",
    "rect": {
      "x": 30,
      "y": 69,
      "width": 140,
      "height": 144
    },
    "offset": {
      "x": -10,
      "y": -31
    },
    "originalSize": {
      "width": 220,
      "height": 220
    },
    "rotated": false,
    "capInsets": [
      0,
      0,
      0,
      0
    ],
    "vertices": {
      "rawPosition": [
        -70,
        -72,
        0,
        70,
        -72,
        0,
        -70,
        72,
        0,
        70,
        72,
        0
      ],
      "indexes": [
        0,
        1,
        2,
        2,
        1,
        3
      ],
      "uv": [
        30,
        151,
        170,
        151,
        30,
        7,
        170,
        7
      ],
      "nuv": [
        0.13636363636363635,
        0.031818181818181815,
        0.7727272727272727,
        0.031818181818181815,
        0.13636363636363635,
        0.6863636363636364,
        0.7727272727272727,
        0.6863636363636364
      ],
      "minPos": {
        "x": -70,
        "y": -72,
        "z": 0
      },
      "maxPos": {
        "x": 70,
        "y": 72,
        "z": 0
      }
    },
    "texture": "82a3feb9-278c-4236-95c2-b5d8ec63aa50@6c48a",
    "packable": true,
    "pixelsToUnit": 100,
    "pivot": {
      "x": 0.5,
      "y": 0.5
    },
    "meshType": 0
  }
}