{
  "__type__": "cc.SpriteFrame",
  "content": {
    "name": "1_33",
    "atlas": "",
    "rect": {
      "x": 40,
      "y": 44,
      "width": 141,
      "height": 162
    },
    "offset": {
      "x": 0.5,
      "y": -15
    },
    "originalSize": {
      "width": 220,
      "height": 220
    },
    "rotated": false,
    "capInsets": [
      0,
      0,
      0,
      0
    ],
    "vertices": {
      "rawPosition": [
        -70.5,
        -81,
        0,
        70.5,
        -81,
        0,
        -70.5,
        81,
        0,
        70.5,
        81,
        0
      ],
      "indexes": [
        0,
        1,
        2,
        2,
        1,
        3
      ],
      "uv": [
        40,
        176,
        181,
        176,
        40,
        14,
        181,
        14
      ],
      "nuv": [
        0.18181818181818182,
        0.06363636363636363,
        0.8227272727272728,
        0.06363636363636363,
        0.18181818181818182,
        0.8,
        0.8227272727272728,
        0.8
      ],
      "minPos": {
        "x": -70.5,
        "y": -81,
        "z": 0
      },
      "maxPos": {
        "x": 70.5,
        "y": 81,
        "z": 0
      }
    },
    "texture": "82f2941d-cf6c-4d21-a969-53dec8dfb0cc@6c48a",
    "packable": true,
    "pixelsToUnit": 100,
    "pivot": {
      "x": 0.5,
      "y": 0.5
    },
    "meshType": 0
  }
}