{
  "__type__": "cc.SpriteFrame",
  "content": {
    "name": "1_02",
    "atlas": "",
    "rect": {
      "x": 39,
      "y": 52,
      "width": 139,
      "height": 150
    },
    "offset": {
      "x": -1.5,
      "y": -17
    },
    "originalSize": {
      "width": 220,
      "height": 220
    },
    "rotated": false,
    "capInsets": [
      0,
      0,
      0,
      0
    ],
    "vertices": {
      "rawPosition": [
        -69.5,
        -75,
        0,
        69.5,
        -75,
        0,
        -69.5,
        75,
        0,
        69.5,
        75,
        0
      ],
      "indexes": [
        0,
        1,
        2,
        2,
        1,
        3
      ],
      "uv": [
        39,
        168,
        178,
        168,
        39,
        18,
        178,
        18
      ],
      "nuv": [
        0.17727272727272728,
        0.08181818181818182,
        0.8090909090909091,
        0.08181818181818182,
        0.17727272727272728,
        0.7636363636363637,
        0.8090909090909091,
        0.7636363636363637
      ],
      "minPos": {
        "x": -69.5,
        "y": -75,
        "z": 0
      },
      "maxPos": {
        "x": 69.5,
        "y": 75,
        "z": 0
      }
    },
    "texture": "82f3e48d-c827-40ee-9c3c-551356498acf@6c48a",
    "packable": true,
    "pixelsToUnit": 100,
    "pivot": {
      "x": 0.5,
      "y": 0.5
    },
    "meshType": 0
  }
}