{
  "__type__": "cc.SpriteFrame",
  "content": {
    "name": "1_157",
    "atlas": "",
    "rect": {
      "x": 79,
      "y": 104,
      "width": 193,
      "height": 197
    },
    "offset": {
      "x": -12,
      "y": -40.5
    },
    "originalSize": {
      "width": 375,
      "height": 324
    },
    "rotated": false,
    "capInsets": [
      0,
      0,
      0,
      0
    ],
    "vertices": {
      "rawPosition": [
        -96.5,
        -98.5,
        0,
        96.5,
        -98.5,
        0,
        -96.5,
        98.5,
        0,
        96.5,
        98.5,
        0
      ],
      "indexes": [
        0,
        1,
        2,
        2,
        1,
        3
      ],
      "uv": [
        79,
        220,
        272,
        220,
        79,
        23,
        272,
        23
      ],
      "nuv": [
        0.21066666666666667,
        0.07098765432098765,
        0.7253333333333334,
        0.07098765432098765,
        0.21066666666666667,
        0.6790123456790124,
        0.7253333333333334,
        0.6790123456790124
      ],
      "minPos": {
        "x": -96.5,
        "y": -98.5,
        "z": 0
      },
      "maxPos": {
        "x": 96.5,
        "y": 98.5,
        "z": 0
      }
    },
    "texture": "82ffee77-bbc8-4cb9-a5ff-e4173f8e947c@6c48a",
    "packable": true,
    "pixelsToUnit": 100,
    "pivot": {
      "x": 0.5,
      "y": 0.5
    },
    "meshType": 0
  }
}