{
  "__type__": "cc.SpriteFrame",
  "content": {
    "name": "1_15",
    "atlas": "",
    "rect": {
      "x": 42,
      "y": 49,
      "width": 151,
      "height": 159
    },
    "offset": {
      "x": 7.5,
      "y": -18.5
    },
    "originalSize": {
      "width": 220,
      "height": 220
    },
    "rotated": false,
    "capInsets": [
      0,
      0,
      0,
      0
    ],
    "vertices": {
      "rawPosition": [
        -75.5,
        -79.5,
        0,
        75.5,
        -79.5,
        0,
        -75.5,
        79.5,
        0,
        75.5,
        79.5,
        0
      ],
      "indexes": [
        0,
        1,
        2,
        2,
        1,
        3
      ],
      "uv": [
        42,
        171,
        193,
        171,
        42,
        12,
        193,
        12
      ],
      "nuv": [
        0.19090909090909092,
        0.05454545454545454,
        0.8772727272727273,
        0.05454545454545454,
        0.19090909090909092,
        0.7772727272727272,
        0.8772727272727273,
        0.7772727272727272
      ],
      "minPos": {
        "x": -75.5,
        "y": -79.5,
        "z": 0
      },
      "maxPos": {
        "x": 75.5,
        "y": 79.5,
        "z": 0
      }
    },
    "texture": "5d37006c-bcbf-4276-8279-dfa01c3f71ce@6c48a",
    "packable": true,
    "pixelsToUnit": 100,
    "pivot": {
      "x": 0.5,
      "y": 0.5
    },
    "meshType": 0
  }
}