{
  "__type__": "cc.SpriteFrame",
  "content": {
    "name": "move_09",
    "atlas": "",
    "rect": {
      "x": 46,
      "y": 24,
      "width": 51,
      "height": 160
    },
    "offset": {
      "x": 11.5,
      "y": -6.5
    },
    "originalSize": {
      "width": 120,
      "height": 195
    },
    "rotated": false,
    "capInsets": [
      0,
      0,
      0,
      0
    ],
    "vertices": {
      "rawPosition": [
        -25.5,
        -80,
        0,
        25.5,
        -80,
        0,
        -25.5,
        80,
        0,
        25.5,
        80,
        0
      ],
      "indexes": [
        0,
        1,
        2,
        2,
        1,
        3
      ],
      "uv": [
        46,
        171,
        97,
        171,
        46,
        11,
        97,
        11
      ],
      "nuv": [
        0.38333333333333336,
        0.05641025641025641,
        0.8083333333333333,
        0.05641025641025641,
        0.38333333333333336,
        0.8769230769230769,
        0.8083333333333333,
        0.8769230769230769
      ],
      "minPos": {
        "x": -25.5,
        "y": -80,
        "z": 0
      },
      "maxPos": {
        "x": 25.5,
        "y": 80,
        "z": 0
      }
    },
    "texture": "5d6d4a1f-30ee-48d2-9b6a-ea845dae8a62@6c48a",
    "packable": true,
    "pixelsToUnit": 100,
    "pivot": {
      "x": 0.5,
      "y": 0.5
    },
    "meshType": 0
  }
}