{
  "__type__": "cc.SpriteFrame",
  "content": {
    "name": "1_06",
    "atlas": "",
    "rect": {
      "x": 37,
      "y": 41,
      "width": 137,
      "height": 164
    },
    "offset": {
      "x": -4.5,
      "y": -13
    },
    "originalSize": {
      "width": 220,
      "height": 220
    },
    "rotated": false,
    "capInsets": [
      0,
      0,
      0,
      0
    ],
    "vertices": {
      "rawPosition": [
        -68.5,
        -82,
        0,
        68.5,
        -82,
        0,
        -68.5,
        82,
        0,
        68.5,
        82,
        0
      ],
      "indexes": [
        0,
        1,
        2,
        2,
        1,
        3
      ],
      "uv": [
        37,
        179,
        174,
        179,
        37,
        15,
        174,
        15
      ],
      "nuv": [
        0.16818181818181818,
        0.06818181818181818,
        0.7909090909090909,
        0.06818181818181818,
        0.16818181818181818,
        0.8136363636363636,
        0.7909090909090909,
        0.8136363636363636
      ],
      "minPos": {
        "x": -68.5,
        "y": -82,
        "z": 0
      },
      "maxPos": {
        "x": 68.5,
        "y": 82,
        "z": 0
      }
    },
    "texture": "5d8c5347-92b4-44d0-a686-f01a6fe3037f@6c48a",
    "packable": true,
    "pixelsToUnit": 100,
    "pivot": {
      "x": 0.5,
      "y": 0.5
    },
    "meshType": 0
  }
}