{
  "__type__": "cc.SpriteFrame",
  "content": {
    "name": "1_040",
    "atlas": "",
    "rect": {
      "x": 61,
      "y": 70,
      "width": 237,
      "height": 215
    },
    "offset": {
      "x": -8,
      "y": -15.5
    },
    "originalSize": {
      "width": 375,
      "height": 324
    },
    "rotated": false,
    "capInsets": [
      0,
      0,
      0,
      0
    ],
    "vertices": {
      "rawPosition": [
        -118.5,
        -107.5,
        0,
        118.5,
        -107.5,
        0,
        -118.5,
        107.5,
        0,
        118.5,
        107.5,
        0
      ],
      "indexes": [
        0,
        1,
        2,
        2,
        1,
        3
      ],
      "uv": [
        61,
        254,
        298,
        254,
        61,
        39,
        298,
        39
      ],
      "nuv": [
        0.16266666666666665,
        0.12037037037037036,
        0.7946666666666666,
        0.12037037037037036,
        0.16266666666666665,
        0.7839506172839507,
        0.7946666666666666,
        0.7839506172839507
      ],
      "minPos": {
        "x": -118.5,
        "y": -107.5,
        "z": 0
      },
      "maxPos": {
        "x": 118.5,
        "y": 107.5,
        "z": 0
      }
    },
    "texture": "5db501aa-18b9-4724-91eb-0106f98979d1@6c48a",
    "packable": true,
    "pixelsToUnit": 100,
    "pivot": {
      "x": 0.5,
      "y": 0.5
    },
    "meshType": 0
  }
}