{
  "__type__": "cc.SpriteFrame",
  "content": {
    "name": "1_20",
    "atlas": "",
    "rect": {
      "x": 45,
      "y": 55,
      "width": 136,
      "height": 147
    },
    "offset": {
      "x": 3,
      "y": -18.5
    },
    "originalSize": {
      "width": 220,
      "height": 220
    },
    "rotated": false,
    "capInsets": [
      0,
      0,
      0,
      0
    ],
    "vertices": {
      "rawPosition": [
        -68,
        -73.5,
        0,
        68,
        -73.5,
        0,
        -68,
        73.5,
        0,
        68,
        73.5,
        0
      ],
      "indexes": [
        0,
        1,
        2,
        2,
        1,
        3
      ],
      "uv": [
        45,
        165,
        181,
        165,
        45,
        18,
        181,
        18
      ],
      "nuv": [
        0.20454545454545456,
        0.08181818181818182,
        0.8227272727272728,
        0.08181818181818182,
        0.20454545454545456,
        0.75,
        0.8227272727272728,
        0.75
      ],
      "minPos": {
        "x": -68,
        "y": -73.5,
        "z": 0
      },
      "maxPos": {
        "x": 68,
        "y": 73.5,
        "z": 0
      }
    },
    "texture": "5ddbe1ae-b49a-4619-b2e7-14b30fb44a63@6c48a",
    "packable": true,
    "pixelsToUnit": 100,
    "pivot": {
      "x": 0.5,
      "y": 0.5
    },
    "meshType": 0
  }
}