{
  "__type__": "cc.SpriteFrame",
  "content": {
    "name": "1_18",
    "atlas": "",
    "rect": {
      "x": 52,
      "y": 49,
      "width": 141,
      "height": 159
    },
    "offset": {
      "x": 12.5,
      "y": -18.5
    },
    "originalSize": {
      "width": 220,
      "height": 220
    },
    "rotated": false,
    "capInsets": [
      0,
      0,
      0,
      0
    ],
    "vertices": {
      "rawPosition": [
        -70.5,
        -79.5,
        0,
        70.5,
        -79.5,
        0,
        -70.5,
        79.5,
        0,
        70.5,
        79.5,
        0
      ],
      "indexes": [
        0,
        1,
        2,
        2,
        1,
        3
      ],
      "uv": [
        52,
        171,
        193,
        171,
        52,
        12,
        193,
        12
      ],
      "nuv": [
        0.23636363636363636,
        0.05454545454545454,
        0.8772727272727273,
        0.05454545454545454,
        0.23636363636363636,
        0.7772727272727272,
        0.8772727272727273,
        0.7772727272727272
      ],
      "minPos": {
        "x": -70.5,
        "y": -79.5,
        "z": 0
      },
      "maxPos": {
        "x": 70.5,
        "y": 79.5,
        "z": 0
      }
    },
    "texture": "1e0d483d-d0d7-44aa-bccc-4dbf10dda098@6c48a",
    "packable": true,
    "pixelsToUnit": 100,
    "pivot": {
      "x": 0.5,
      "y": 0.5
    },
    "meshType": 0
  }
}