{
  "__type__": "cc.SpriteFrame",
  "content": {
    "name": "sit2_05",
    "atlas": "",
    "rect": {
      "x": 36,
      "y": 48,
      "width": 51,
      "height": 134
    },
    "offset": {
      "x": 1.5,
      "y": -17.5
    },
    "originalSize": {
      "width": 120,
      "height": 195
    },
    "rotated": false,
    "capInsets": [
      0,
      0,
      0,
      0
    ],
    "vertices": {
      "rawPosition": [
        -25.5,
        -67,
        0,
        25.5,
        -67,
        0,
        -25.5,
        67,
        0,
        25.5,
        67,
        0
      ],
      "indexes": [
        0,
        1,
        2,
        2,
        1,
        3
      ],
      "uv": [
        36,
        147,
        87,
        147,
        36,
        13,
        87,
        13
      ],
      "nuv": [
        0.3,
        0.06666666666666667,
        0.725,
        0.06666666666666667,
        0.3,
        0.7538461538461538,
        0.725,
        0.7538461538461538
      ],
      "minPos": {
        "x": -25.5,
        "y": -67,
        "z": 0
      },
      "maxPos": {
        "x": 25.5,
        "y": 67,
        "z": 0
      }
    },
    "texture": "1e19b442-53ec-4158-823f-1c37edd0de80@6c48a",
    "packable": true,
    "pixelsToUnit": 100,
    "pivot": {
      "x": 0.5,
      "y": 0.5
    },
    "meshType": 0
  }
}