{
  "__type__": "cc.SpriteFrame",
  "content": {
    "name": "1_20",
    "atlas": "",
    "rect": {
      "x": 47,
      "y": 48,
      "width": 138,
      "height": 158
    },
    "offset": {
      "x": 6,
      "y": -17
    },
    "originalSize": {
      "width": 220,
      "height": 220
    },
    "rotated": false,
    "capInsets": [
      0,
      0,
      0,
      0
    ],
    "vertices": {
      "rawPosition": [
        -69,
        -79,
        0,
        69,
        -79,
        0,
        -69,
        79,
        0,
        69,
        79,
        0
      ],
      "indexes": [
        0,
        1,
        2,
        2,
        1,
        3
      ],
      "uv": [
        47,
        172,
        185,
        172,
        47,
        14,
        185,
        14
      ],
      "nuv": [
        0.21363636363636362,
        0.06363636363636363,
        0.8409090909090909,
        0.06363636363636363,
        0.21363636363636362,
        0.7818181818181819,
        0.8409090909090909,
        0.7818181818181819
      ],
      "minPos": {
        "x": -69,
        "y": -79,
        "z": 0
      },
      "maxPos": {
        "x": 69,
        "y": 79,
        "z": 0
      }
    },
    "texture": "1e52683f-6ba7-4e2a-b91d-1e37bc02796f@6c48a",
    "packable": true,
    "pixelsToUnit": 100,
    "pivot": {
      "x": 0.5,
      "y": 0.5
    },
    "meshType": 0
  }
}