{
  "__type__": "cc.SpriteFrame",
  "content": {
    "name": "sit_idle_22",
    "atlas": "",
    "rect": {
      "x": 28,
      "y": 47,
      "width": 66,
      "height": 135
    },
    "offset": {
      "x": 1,
      "y": -17
    },
    "originalSize": {
      "width": 120,
      "height": 195
    },
    "rotated": false,
    "capInsets": [
      0,
      0,
      0,
      0
    ],
    "vertices": {
      "rawPosition": [
        -33,
        -67.5,
        0,
        33,
        -67.5,
        0,
        -33,
        67.5,
        0,
        33,
        67.5,
        0
      ],
      "indexes": [
        0,
        1,
        2,
        2,
        1,
        3
      ],
      "uv": [
        28,
        148,
        94,
        148,
        28,
        13,
        94,
        13
      ],
      "nuv": [
        0.23333333333333334,
        0.06666666666666667,
        0.7833333333333333,
        0.06666666666666667,
        0.23333333333333334,
        0.7589743589743589,
        0.7833333333333333,
        0.7589743589743589
      ],
      "minPos": {
        "x": -33,
        "y": -67.5,
        "z": 0
      },
      "maxPos": {
        "x": 33,
        "y": 67.5,
        "z": 0
      }
    },
    "texture": "1eeba855-fc2d-491e-8da2-8314145b01b0@6c48a",
    "packable": true,
    "pixelsToUnit": 100,
    "pivot": {
      "x": 0.5,
      "y": 0.5
    },
    "meshType": 0
  }
}