{
  "__type__": "cc.SpriteFrame",
  "content": {
    "name": "1_40",
    "atlas": "",
    "rect": {
      "x": 40,
      "y": 47,
      "width": 135,
      "height": 154
    },
    "offset": {
      "x": -2.5,
      "y": -14
    },
    "originalSize": {
      "width": 220,
      "height": 220
    },
    "rotated": false,
    "capInsets": [
      0,
      0,
      0,
      0
    ],
    "vertices": {
      "rawPosition": [
        -67.5,
        -77,
        0,
        67.5,
        -77,
        0,
        -67.5,
        77,
        0,
        67.5,
        77,
        0
      ],
      "indexes": [
        0,
        1,
        2,
        2,
        1,
        3
      ],
      "uv": [
        40,
        173,
        175,
        173,
        40,
        19,
        175,
        19
      ],
      "nuv": [
        0.18181818181818182,
        0.08636363636363636,
        0.7954545454545454,
        0.08636363636363636,
        0.18181818181818182,
        0.7863636363636364,
        0.7954545454545454,
        0.7863636363636364
      ],
      "minPos": {
        "x": -67.5,
        "y": -77,
        "z": 0
      },
      "maxPos": {
        "x": 67.5,
        "y": 77,
        "z": 0
      }
    },
    "texture": "fc222cd7-9790-4330-aadc-db203d278419@6c48a",
    "packable": true,
    "pixelsToUnit": 100,
    "pivot": {
      "x": 0.5,
      "y": 0.5
    },
    "meshType": 0
  }
}