{
  "__type__": "cc.SpriteFrame",
  "content": {
    "name": "1_06",
    "atlas": "",
    "rect": {
      "x": 35,
      "y": 48,
      "width": 149,
      "height": 160
    },
    "offset": {
      "x": -0.5,
      "y": -18
    },
    "originalSize": {
      "width": 220,
      "height": 220
    },
    "rotated": false,
    "capInsets": [
      0,
      0,
      0,
      0
    ],
    "vertices": {
      "rawPosition": [
        -74.5,
        -80,
        0,
        74.5,
        -80,
        0,
        -74.5,
        80,
        0,
        74.5,
        80,
        0
      ],
      "indexes": [
        0,
        1,
        2,
        2,
        1,
        3
      ],
      "uv": [
        35,
        172,
        184,
        172,
        35,
        12,
        184,
        12
      ],
      "nuv": [
        0.1590909090909091,
        0.05454545454545454,
        0.8363636363636363,
        0.05454545454545454,
        0.1590909090909091,
        0.7818181818181819,
        0.8363636363636363,
        0.7818181818181819
      ],
      "minPos": {
        "x": -74.5,
        "y": -80,
        "z": 0
      },
      "maxPos": {
        "x": 74.5,
        "y": 80,
        "z": 0
      }
    },
    "texture": "fc4515a5-68b1-4d5f-930f-41207d9ef9ec@6c48a",
    "packable": true,
    "pixelsToUnit": 100,
    "pivot": {
      "x": 0.5,
      "y": 0.5
    },
    "meshType": 0
  }
}