{
  "__type__": "cc.SpriteFrame",
  "content": {
    "name": "1_31",
    "atlas": "",
    "rect": {
      "x": 58,
      "y": 43,
      "width": 137,
      "height": 162
    },
    "offset": {
      "x": 16.5,
      "y": -14
    },
    "originalSize": {
      "width": 220,
      "height": 220
    },
    "rotated": false,
    "capInsets": [
      0,
      0,
      0,
      0
    ],
    "vertices": {
      "rawPosition": [
        -68.5,
        -81,
        0,
        68.5,
        -81,
        0,
        -68.5,
        81,
        0,
        68.5,
        81,
        0
      ],
      "indexes": [
        0,
        1,
        2,
        2,
        1,
        3
      ],
      "uv": [
        58,
        177,
        195,
        177,
        58,
        15,
        195,
        15
      ],
      "nuv": [
        0.2636363636363636,
        0.06818181818181818,
        0.8863636363636364,
        0.06818181818181818,
        0.2636363636363636,
        0.8045454545454546,
        0.8863636363636364,
        0.8045454545454546
      ],
      "minPos": {
        "x": -68.5,
        "y": -81,
        "z": 0
      },
      "maxPos": {
        "x": 68.5,
        "y": 81,
        "z": 0
      }
    },
    "texture": "fcdcbbb3-185c-472a-93d3-22e2ef79e9b3@6c48a",
    "packable": true,
    "pixelsToUnit": 100,
    "pivot": {
      "x": 0.5,
      "y": 0.5
    },
    "meshType": 0
  }
}