{
  "__type__": "cc.SpriteFrame",
  "content": {
    "name": "1_11",
    "atlas": "",
    "rect": {
      "x": 50,
      "y": 59,
      "width": 127,
      "height": 138
    },
    "offset": {
      "x": 3.5,
      "y": -18
    },
    "originalSize": {
      "width": 220,
      "height": 220
    },
    "rotated": false,
    "capInsets": [
      0,
      0,
      0,
      0
    ],
    "vertices": {
      "rawPosition": [
        -63.5,
        -69,
        0,
        63.5,
        -69,
        0,
        -63.5,
        69,
        0,
        63.5,
        69,
        0
      ],
      "indexes": [
        0,
        1,
        2,
        2,
        1,
        3
      ],
      "uv": [
        50,
        161,
        177,
        161,
        50,
        23,
        177,
        23
      ],
      "nuv": [
        0.22727272727272727,
        0.10454545454545454,
        0.8045454545454546,
        0.10454545454545454,
        0.22727272727272727,
        0.7318181818181818,
        0.8045454545454546,
        0.7318181818181818
      ],
      "minPos": {
        "x": -63.5,
        "y": -69,
        "z": 0
      },
      "maxPos": {
        "x": 63.5,
        "y": 69,
        "z": 0
      }
    },
    "texture": "fce10af3-a654-4479-8ab3-bca31b1dea1d@6c48a",
    "packable": true,
    "pixelsToUnit": 100,
    "pivot": {
      "x": 0.5,
      "y": 0.5
    },
    "meshType": 0
  }
}