{
  "__type__": "cc.SpriteFrame",
  "content": {
    "name": "1_34",
    "atlas": "",
    "rect": {
      "x": 36,
      "y": 46,
      "width": 149,
      "height": 160
    },
    "offset": {
      "x": 0.5,
      "y": -16
    },
    "originalSize": {
      "width": 220,
      "height": 220
    },
    "rotated": false,
    "capInsets": [
      0,
      0,
      0,
      0
    ],
    "vertices": {
      "rawPosition": [
        -74.5,
        -80,
        0,
        74.5,
        -80,
        0,
        -74.5,
        80,
        0,
        74.5,
        80,
        0
      ],
      "indexes": [
        0,
        1,
        2,
        2,
        1,
        3
      ],
      "uv": [
        36,
        174,
        185,
        174,
        36,
        14,
        185,
        14
      ],
      "nuv": [
        0.16363636363636364,
        0.06363636363636363,
        0.8409090909090909,
        0.06363636363636363,
        0.16363636363636364,
        0.7909090909090909,
        0.8409090909090909,
        0.7909090909090909
      ],
      "minPos": {
        "x": -74.5,
        "y": -80,
        "z": 0
      },
      "maxPos": {
        "x": 74.5,
        "y": 80,
        "z": 0
      }
    },
    "texture": "0abb936f-2799-4617-a299-83b0d0bc0a78@6c48a",
    "packable": true,
    "pixelsToUnit": 100,
    "pivot": {
      "x": 0.5,
      "y": 0.5
    },
    "meshType": 0
  }
}