{
  "__type__": "cc.SpriteFrame",
  "content": {
    "name": "1_12",
    "atlas": "",
    "rect": {
      "x": 15,
      "y": 15,
      "width": 166,
      "height": 146
    },
    "offset": {
      "x": -12,
      "y": 22
    },
    "originalSize": {
      "width": 220,
      "height": 220
    },
    "rotated": false,
    "capInsets": [
      0,
      0,
      0,
      0
    ],
    "vertices": {
      "rawPosition": [
        -83,
        -73,
        0,
        83,
        -73,
        0,
        -83,
        73,
        0,
        83,
        73,
        0
      ],
      "indexes": [
        0,
        1,
        2,
        2,
        1,
        3
      ],
      "uv": [
        15,
        205,
        181,
        205,
        15,
        59,
        181,
        59
      ],
      "nuv": [
        0.06818181818181818,
        0.2681818181818182,
        0.8227272727272728,
        0.2681818181818182,
        0.06818181818181818,
        0.9318181818181818,
        0.8227272727272728,
        0.9318181818181818
      ],
      "minPos": {
        "x": -83,
        "y": -73,
        "z": 0
      },
      "maxPos": {
        "x": 83,
        "y": 73,
        "z": 0
      }
    },
    "texture": "0ac23a07-08c0-435c-b454-a87e64ea055e@6c48a",
    "packable": true,
    "pixelsToUnit": 100,
    "pivot": {
      "x": 0.5,
      "y": 0.5
    },
    "meshType": 0
  }
}