{
  "__type__": "cc.SpriteFrame",
  "content": {
    "name": "move_19",
    "atlas": "",
    "rect": {
      "x": 38,
      "y": 30,
      "width": 52,
      "height": 152
    },
    "offset": {
      "x": 4,
      "y": -8.5
    },
    "originalSize": {
      "width": 120,
      "height": 195
    },
    "rotated": false,
    "capInsets": [
      0,
      0,
      0,
      0
    ],
    "vertices": {
      "rawPosition": [
        -26,
        -76,
        0,
        26,
        -76,
        0,
        -26,
        76,
        0,
        26,
        76,
        0
      ],
      "indexes": [
        0,
        1,
        2,
        2,
        1,
        3
      ],
      "uv": [
        38,
        165,
        90,
        165,
        38,
        13,
        90,
        13
      ],
      "nuv": [
        0.31666666666666665,
        0.06666666666666667,
        0.75,
        0.06666666666666667,
        0.31666666666666665,
        0.8461538461538461,
        0.75,
        0.8461538461538461
      ],
      "minPos": {
        "x": -26,
        "y": -76,
        "z": 0
      },
      "maxPos": {
        "x": 26,
        "y": 76,
        "z": 0
      }
    },
    "texture": "d8028940-dbc7-4359-b493-91b5e4d2a9c0@6c48a",
    "packable": true,
    "pixelsToUnit": 100,
    "pivot": {
      "x": 0.5,
      "y": 0.5
    },
    "meshType": 0
  }
}