{
  "__type__": "cc.SpriteFrame",
  "content": {
    "name": "1_46",
    "atlas": "",
    "rect": {
      "x": 7,
      "y": 9,
      "width": 176,
      "height": 156
    },
    "offset": {
      "x": -15,
      "y": 23
    },
    "originalSize": {
      "width": 220,
      "height": 220
    },
    "rotated": false,
    "capInsets": [
      0,
      0,
      0,
      0
    ],
    "vertices": {
      "rawPosition": [
        -88,
        -78,
        0,
        88,
        -78,
        0,
        -88,
        78,
        0,
        88,
        78,
        0
      ],
      "indexes": [
        0,
        1,
        2,
        2,
        1,
        3
      ],
      "uv": [
        7,
        211,
        183,
        211,
        7,
        55,
        183,
        55
      ],
      "nuv": [
        0.031818181818181815,
        0.25,
        0.8318181818181818,
        0.25,
        0.031818181818181815,
        0.9590909090909091,
        0.8318181818181818,
        0.9590909090909091
      ],
      "minPos": {
        "x": -88,
        "y": -78,
        "z": 0
      },
      "maxPos": {
        "x": 88,
        "y": 78,
        "z": 0
      }
    },
    "texture": "d80bb4dd-0d56-4ca2-bdd3-d5d690d850b8@6c48a",
    "packable": true,
    "pixelsToUnit": 100,
    "pivot": {
      "x": 0.5,
      "y": 0.5
    },
    "meshType": 0
  }
}