{
  "__type__": "cc.SpriteFrame",
  "content": {
    "name": "1_21",
    "atlas": "",
    "rect": {
      "x": 69,
      "y": 47,
      "width": 129,
      "height": 158
    },
    "offset": {
      "x": 23.5,
      "y": -16
    },
    "originalSize": {
      "width": 220,
      "height": 220
    },
    "rotated": false,
    "capInsets": [
      0,
      0,
      0,
      0
    ],
    "vertices": {
      "rawPosition": [
        -64.5,
        -79,
        0,
        64.5,
        -79,
        0,
        -64.5,
        79,
        0,
        64.5,
        79,
        0
      ],
      "indexes": [
        0,
        1,
        2,
        2,
        1,
        3
      ],
      "uv": [
        69,
        173,
        198,
        173,
        69,
        15,
        198,
        15
      ],
      "nuv": [
        0.31363636363636366,
        0.06818181818181818,
        0.9,
        0.06818181818181818,
        0.31363636363636366,
        0.7863636363636364,
        0.9,
        0.7863636363636364
      ],
      "minPos": {
        "x": -64.5,
        "y": -79,
        "z": 0
      },
      "maxPos": {
        "x": 64.5,
        "y": 79,
        "z": 0
      }
    },
    "texture": "d81ad64e-d9fa-4182-91c1-58ceb368e08d@6c48a",
    "packable": true,
    "pixelsToUnit": 100,
    "pivot": {
      "x": 0.5,
      "y": 0.5
    },
    "meshType": 0
  }
}