{
  "__type__": "cc.SpriteFrame",
  "content": {
    "name": "1_49",
    "atlas": "",
    "rect": {
      "x": 5,
      "y": 9,
      "width": 179,
      "height": 158
    },
    "offset": {
      "x": -15.5,
      "y": 22
    },
    "originalSize": {
      "width": 220,
      "height": 220
    },
    "rotated": false,
    "capInsets": [
      0,
      0,
      0,
      0
    ],
    "vertices": {
      "rawPosition": [
        -89.5,
        -79,
        0,
        89.5,
        -79,
        0,
        -89.5,
        79,
        0,
        89.5,
        79,
        0
      ],
      "indexes": [
        0,
        1,
        2,
        2,
        1,
        3
      ],
      "uv": [
        5,
        211,
        184,
        211,
        5,
        53,
        184,
        53
      ],
      "nuv": [
        0.022727272727272728,
        0.2409090909090909,
        0.8363636363636363,
        0.2409090909090909,
        0.022727272727272728,
        0.9590909090909091,
        0.8363636363636363,
        0.9590909090909091
      ],
      "minPos": {
        "x": -89.5,
        "y": -79,
        "z": 0
      },
      "maxPos": {
        "x": 89.5,
        "y": 79,
        "z": 0
      }
    },
    "texture": "d8829333-5811-4c1e-be89-9743fb82d4f7@6c48a",
    "packable": true,
    "pixelsToUnit": 100,
    "pivot": {
      "x": 0.5,
      "y": 0.5
    },
    "meshType": 0
  }
}