{
  "__type__": "cc.SpriteFrame",
  "content": {
    "name": "1_14",
    "atlas": "",
    "rect": {
      "x": 55,
      "y": 56,
      "width": 116,
      "height": 109
    },
    "offset": {
      "x": 3,
      "y": -0.5
    },
    "originalSize": {
      "width": 220,
      "height": 220
    },
    "rotated": false,
    "capInsets": [
      0,
      0,
      0,
      0
    ],
    "vertices": {
      "rawPosition": [
        -58,
        -54.5,
        0,
        58,
        -54.5,
        0,
        -58,
        54.5,
        0,
        58,
        54.5,
        0
      ],
      "indexes": [
        0,
        1,
        2,
        2,
        1,
        3
      ],
      "uv": [
        55,
        164,
        171,
        164,
        55,
        55,
        171,
        55
      ],
      "nuv": [
        0.25,
        0.25,
        0.7772727272727272,
        0.25,
        0.25,
        0.7454545454545455,
        0.7772727272727272,
        0.7454545454545455
      ],
      "minPos": {
        "x": -58,
        "y": -54.5,
        "z": 0
      },
      "maxPos": {
        "x": 58,
        "y": 54.5,
        "z": 0
      }
    },
    "texture": "d8858291-c33e-4caa-be26-aa9fa8ff1f8a@6c48a",
    "packable": true,
    "pixelsToUnit": 100,
    "pivot": {
      "x": 0.5,
      "y": 0.5
    },
    "meshType": 0
  }
}