{
  "__type__": "cc.SpriteFrame",
  "content": {
    "name": "sit2_05",
    "atlas": "",
    "rect": {
      "x": 39,
      "y": 38,
      "width": 62,
      "height": 148
    },
    "offset": {
      "x": 2.5,
      "y": -14.5
    },
    "originalSize": {
      "width": 135,
      "height": 195
    },
    "rotated": false,
    "capInsets": [
      0,
      0,
      0,
      0
    ],
    "vertices": {
      "rawPosition": [
        -31,
        -74,
        0,
        31,
        -74,
        0,
        -31,
        74,
        0,
        31,
        74,
        0
      ],
      "indexes": [
        0,
        1,
        2,
        2,
        1,
        3
      ],
      "uv": [
        39,
        157,
        101,
        157,
        39,
        9,
        101,
        9
      ],
      "nuv": [
        0.28888888888888886,
        0.046153846153846156,
        0.7481481481481481,
        0.046153846153846156,
        0.28888888888888886,
        0.8051282051282052,
        0.7481481481481481,
        0.8051282051282052
      ],
      "minPos": {
        "x": -31,
        "y": -74,
        "z": 0
      },
      "maxPos": {
        "x": 31,
        "y": 74,
        "z": 0
      }
    },
    "texture": "2e44ed58-c224-4dcc-8f85-2b35b1a3ec3e@6c48a",
    "packable": true,
    "pixelsToUnit": 100,
    "pivot": {
      "x": 0.5,
      "y": 0.5
    },
    "meshType": 0
  }
}