{
  "__type__": "cc.SpriteFrame",
  "content": {
    "name": "move_14",
    "atlas": "",
    "rect": {
      "x": 46,
      "y": 25,
      "width": 49,
      "height": 159
    },
    "offset": {
      "x": 3,
      "y": -7
    },
    "originalSize": {
      "width": 135,
      "height": 195
    },
    "rotated": false,
    "capInsets": [
      0,
      0,
      0,
      0
    ],
    "vertices": {
      "rawPosition": [
        -24.5,
        -79.5,
        0,
        24.5,
        -79.5,
        0,
        -24.5,
        79.5,
        0,
        24.5,
        79.5,
        0
      ],
      "indexes": [
        0,
        1,
        2,
        2,
        1,
        3
      ],
      "uv": [
        46,
        170,
        95,
        170,
        46,
        11,
        95,
        11
      ],
      "nuv": [
        0.34074074074074073,
        0.05641025641025641,
        0.7037037037037037,
        0.05641025641025641,
        0.34074074074074073,
        0.8717948717948718,
        0.7037037037037037,
        0.8717948717948718
      ],
      "minPos": {
        "x": -24.5,
        "y": -79.5,
        "z": 0
      },
      "maxPos": {
        "x": 24.5,
        "y": 79.5,
        "z": 0
      }
    },
    "texture": "2ea7bafe-c7a5-4b1a-866b-c4deb6c84957@6c48a",
    "packable": true,
    "pixelsToUnit": 100,
    "pivot": {
      "x": 0.5,
      "y": 0.5
    },
    "meshType": 0
  }
}