{
  "__type__": "cc.SpriteFrame",
  "content": {
    "name": "1_04",
    "atlas": "",
    "rect": {
      "x": 30,
      "y": 46,
      "width": 160,
      "height": 160
    },
    "offset": {
      "x": 0,
      "y": -16
    },
    "originalSize": {
      "width": 220,
      "height": 220
    },
    "rotated": false,
    "capInsets": [
      0,
      0,
      0,
      0
    ],
    "vertices": {
      "rawPosition": [
        -80,
        -80,
        0,
        80,
        -80,
        0,
        -80,
        80,
        0,
        80,
        80,
        0
      ],
      "indexes": [
        0,
        1,
        2,
        2,
        1,
        3
      ],
      "uv": [
        30,
        174,
        190,
        174,
        30,
        14,
        190,
        14
      ],
      "nuv": [
        0.13636363636363635,
        0.06363636363636363,
        0.8636363636363636,
        0.06363636363636363,
        0.13636363636363635,
        0.7909090909090909,
        0.8636363636363636,
        0.7909090909090909
      ],
      "minPos": {
        "x": -80,
        "y": -80,
        "z": 0
      },
      "maxPos": {
        "x": 80,
        "y": 80,
        "z": 0
      }
    },
    "texture": "2ed5d33f-4706-49d1-9ebc-721fad2dbb48@6c48a",
    "packable": true,
    "pixelsToUnit": 100,
    "pivot": {
      "x": 0.5,
      "y": 0.5
    },
    "meshType": 0
  }
}