{
  "__type__": "cc.SpriteFrame",
  "content": {
    "name": "1_04",
    "atlas": "",
    "rect": {
      "x": 36,
      "y": 44,
      "width": 142,
      "height": 162
    },
    "offset": {
      "x": -3,
      "y": -15
    },
    "originalSize": {
      "width": 220,
      "height": 220
    },
    "rotated": false,
    "capInsets": [
      0,
      0,
      0,
      0
    ],
    "vertices": {
      "rawPosition": [
        -71,
        -81,
        0,
        71,
        -81,
        0,
        -71,
        81,
        0,
        71,
        81,
        0
      ],
      "indexes": [
        0,
        1,
        2,
        2,
        1,
        3
      ],
      "uv": [
        36,
        176,
        178,
        176,
        36,
        14,
        178,
        14
      ],
      "nuv": [
        0.16363636363636364,
        0.06363636363636363,
        0.8090909090909091,
        0.06363636363636363,
        0.16363636363636364,
        0.8,
        0.8090909090909091,
        0.8
      ],
      "minPos": {
        "x": -71,
        "y": -81,
        "z": 0
      },
      "maxPos": {
        "x": 71,
        "y": 81,
        "z": 0
      }
    },
    "texture": "2eeba492-8ac8-4bc5-9bac-a481acb36536@6c48a",
    "packable": true,
    "pixelsToUnit": 100,
    "pivot": {
      "x": 0.5,
      "y": 0.5
    },
    "meshType": 0
  }
}