{
  "__type__": "cc.SpriteFrame",
  "content": {
    "name": "1_13",
    "atlas": "",
    "rect": {
      "x": 45,
      "y": 47,
      "width": 143,
      "height": 154
    },
    "offset": {
      "x": 6.5,
      "y": -14
    },
    "originalSize": {
      "width": 220,
      "height": 220
    },
    "rotated": false,
    "capInsets": [
      0,
      0,
      0,
      0
    ],
    "vertices": {
      "rawPosition": [
        -71.5,
        -77,
        0,
        71.5,
        -77,
        0,
        -71.5,
        77,
        0,
        71.5,
        77,
        0
      ],
      "indexes": [
        0,
        1,
        2,
        2,
        1,
        3
      ],
      "uv": [
        45,
        173,
        188,
        173,
        45,
        19,
        188,
        19
      ],
      "nuv": [
        0.20454545454545456,
        0.08636363636363636,
        0.8545454545454545,
        0.08636363636363636,
        0.20454545454545456,
        0.7863636363636364,
        0.8545454545454545,
        0.7863636363636364
      ],
      "minPos": {
        "x": -71.5,
        "y": -77,
        "z": 0
      },
      "maxPos": {
        "x": 71.5,
        "y": 77,
        "z": 0
      }
    },
    "texture": "4edf4fe6-bdf8-42f3-9b3e-dd539eab127f@6c48a",
    "packable": true,
    "pixelsToUnit": 100,
    "pivot": {
      "x": 0.5,
      "y": 0.5
    },
    "meshType": 0
  }
}