{
  "__type__": "cc.SpriteFrame",
  "content": {
    "name": "tu01-stand1_84",
    "atlas": "",
    "rect": {
      "x": 32,
      "y": 6,
      "width": 162,
      "height": 207
    },
    "offset": {
      "x": 3,
      "y": 0.5
    },
    "originalSize": {
      "width": 220,
      "height": 220
    },
    "rotated": false,
    "capInsets": [
      0,
      0,
      0,
      0
    ],
    "vertices": {
      "rawPosition": [
        -81,
        -103.5,
        0,
        81,
        -103.5,
        0,
        -81,
        103.5,
        0,
        81,
        103.5,
        0
      ],
      "indexes": [
        0,
        1,
        2,
        2,
        1,
        3
      ],
      "uv": [
        32,
        214,
        194,
        214,
        32,
        7,
        194,
        7
      ],
      "nuv": [
        0.14545454545454545,
        0.031818181818181815,
        0.8818181818181818,
        0.031818181818181815,
        0.14545454545454545,
        0.9727272727272728,
        0.8818181818181818,
        0.9727272727272728
      ],
      "minPos": {
        "x": -81,
        "y": -103.5,
        "z": 0
      },
      "maxPos": {
        "x": 81,
        "y": 103.5,
        "z": 0
      }
    },
    "texture": "7d4ccece-0fa0-400d-b6c8-ee37c16e40ba@6c48a",
    "packable": true,
    "pixelsToUnit": 100,
    "pivot": {
      "x": 0.5,
      "y": 0.5
    },
    "meshType": 0
  }
}