{
  "__type__": "cc.SpriteFrame",
  "content": {
    "name": "tu01-stand1_35",
    "atlas": "",
    "rect": {
      "x": 40,
      "y": 66,
      "width": 130,
      "height": 147
    },
    "offset": {
      "x": -5,
      "y": -29.5
    },
    "originalSize": {
      "width": 220,
      "height": 220
    },
    "rotated": false,
    "capInsets": [
      0,
      0,
      0,
      0
    ],
    "vertices": {
      "rawPosition": [
        -65,
        -73.5,
        0,
        65,
        -73.5,
        0,
        -65,
        73.5,
        0,
        65,
        73.5,
        0
      ],
      "indexes": [
        0,
        1,
        2,
        2,
        1,
        3
      ],
      "uv": [
        40,
        154,
        170,
        154,
        40,
        7,
        170,
        7
      ],
      "nuv": [
        0.18181818181818182,
        0.031818181818181815,
        0.7727272727272727,
        0.031818181818181815,
        0.18181818181818182,
        0.7,
        0.7727272727272727,
        0.7
      ],
      "minPos": {
        "x": -65,
        "y": -73.5,
        "z": 0
      },
      "maxPos": {
        "x": 65,
        "y": 73.5,
        "z": 0
      }
    },
    "texture": "7d97c850-9bb0-42e2-b21e-e4a2273f8ab0@6c48a",
    "packable": true,
    "pixelsToUnit": 100,
    "pivot": {
      "x": 0.5,
      "y": 0.5
    },
    "meshType": 0
  }
}