{
  "__type__": "cc.SpriteFrame",
  "content": {
    "name": "0016",
    "atlas": "",
    "rect": {
      "x": 0,
      "y": 62,
      "width": 300,
      "height": 168
    },
    "offset": {
      "x": 0,
      "y": 4
    },
    "originalSize": {
      "width": 300,
      "height": 300
    },
    "rotated": false,
    "capInsets": [
      0,
      0,
      0,
      0
    ],
    "vertices": {
      "rawPosition": [
        -150,
        -84,
        0,
        150,
        -84,
        0,
        -150,
        84,
        0,
        150,
        84,
        0
      ],
      "indexes": [
        0,
        1,
        2,
        2,
        1,
        3
      ],
      "uv": [
        0,
        238,
        300,
        238,
        0,
        70,
        300,
        70
      ],
      "nuv": [
        0,
        0.23333333333333334,
        1,
        0.23333333333333334,
        0,
        0.7933333333333333,
        1,
        0.7933333333333333
      ],
      "minPos": {
        "x": -150,
        "y": -84,
        "z": 0
      },
      "maxPos": {
        "x": 150,
        "y": 84,
        "z": 0
      }
    },
    "texture": "7db668be-0558-4857-83a9-307faa48395d@6c48a",
    "packable": true,
    "pixelsToUnit": 100,
    "pivot": {
      "x": 0.5,
      "y": 0.5
    },
    "meshType": 0
  }
}