{
  "__type__": "cc.SpriteFrame",
  "content": {
    "name": "1_18",
    "atlas": "",
    "rect": {
      "x": 46,
      "y": 47,
      "width": 140,
      "height": 159
    },
    "offset": {
      "x": 6,
      "y": -16.5
    },
    "originalSize": {
      "width": 220,
      "height": 220
    },
    "rotated": false,
    "capInsets": [
      0,
      0,
      0,
      0
    ],
    "vertices": {
      "rawPosition": [
        -70,
        -79.5,
        0,
        70,
        -79.5,
        0,
        -70,
        79.5,
        0,
        70,
        79.5,
        0
      ],
      "indexes": [
        0,
        1,
        2,
        2,
        1,
        3
      ],
      "uv": [
        46,
        173,
        186,
        173,
        46,
        14,
        186,
        14
      ],
      "nuv": [
        0.20909090909090908,
        0.06363636363636363,
        0.8454545454545455,
        0.06363636363636363,
        0.20909090909090908,
        0.7863636363636364,
        0.8454545454545455,
        0.7863636363636364
      ],
      "minPos": {
        "x": -70,
        "y": -79.5,
        "z": 0
      },
      "maxPos": {
        "x": 70,
        "y": 79.5,
        "z": 0
      }
    },
    "texture": "7dd26e16-7c62-493f-8e1e-5479c8defec8@6c48a",
    "packable": true,
    "pixelsToUnit": 100,
    "pivot": {
      "x": 0.5,
      "y": 0.5
    },
    "meshType": 0
  }
}