{
  "__type__": "cc.SpriteFrame",
  "content": {
    "name": "caipin",
    "atlas": "",
    "rect": {
      "x": 2,
      "y": 2,
      "width": 502,
      "height": 590
    },
    "offset": {
      "x": 0,
      "y": 0
    },
    "originalSize": {
      "width": 506,
      "height": 594
    },
    "rotated": false,
    "capInsets": [
      0,
      0,
      0,
      0
    ],
    "vertices": {
      "rawPosition": [
        -251,
        -295,
        0,
        251,
        -295,
        0,
        -251,
        295,
        0,
        251,
        295,
        0
      ],
      "indexes": [
        0,
        1,
        2,
        2,
        1,
        3
      ],
      "uv": [
        2,
        592,
        504,
        592,
        2,
        2,
        504,
        2
      ],
      "nuv": [
        0.003952569169960474,
        0.003367003367003367,
        0.9960474308300395,
        0.003367003367003367,
        0.003952569169960474,
        0.9966329966329966,
        0.9960474308300395,
        0.9966329966329966
      ],
      "minPos": {
        "x": -251,
        "y": -295,
        "z": 0
      },
      "maxPos": {
        "x": 251,
        "y": 295,
        "z": 0
      }
    },
    "texture": "909b31b8-b1e6-4cfb-a6d3-8292631bcd66@6c48a",
    "packable": true,
    "pixelsToUnit": 100,
    "pivot": {
      "x": 0.5,
      "y": 0.5
    },
    "meshType": 0
  }
}