{
  "__type__": "cc.SpriteFrame",
  "content": {
    "name": "sit2_01",
    "atlas": "",
    "rect": {
      "x": 34,
      "y": 31,
      "width": 49,
      "height": 151
    },
    "offset": {
      "x": -1.5,
      "y": -9
    },
    "originalSize": {
      "width": 120,
      "height": 195
    },
    "rotated": false,
    "capInsets": [
      0,
      0,
      0,
      0
    ],
    "vertices": {
      "rawPosition": [
        -24.5,
        -75.5,
        0,
        24.5,
        -75.5,
        0,
        -24.5,
        75.5,
        0,
        24.5,
        75.5,
        0
      ],
      "indexes": [
        0,
        1,
        2,
        2,
        1,
        3
      ],
      "uv": [
        34,
        164,
        83,
        164,
        34,
        13,
        83,
        13
      ],
      "nuv": [
        0.2833333333333333,
        0.06666666666666667,
        0.6916666666666667,
        0.06666666666666667,
        0.2833333333333333,
        0.841025641025641,
        0.6916666666666667,
        0.841025641025641
      ],
      "minPos": {
        "x": -24.5,
        "y": -75.5,
        "z": 0
      },
      "maxPos": {
        "x": 24.5,
        "y": 75.5,
        "z": 0
      }
    },
    "texture": "90bdc086-c002-418a-a8df-c1e98d3aace0@6c48a",
    "packable": true,
    "pixelsToUnit": 100,
    "pivot": {
      "x": 0.5,
      "y": 0.5
    },
    "meshType": 0
  }
}