{
  "__type__": "cc.SpriteFrame",
  "content": {
    "name": "1_013",
    "atlas": "",
    "rect": {
      "x": 169,
      "y": 120,
      "width": 110,
      "height": 137
    },
    "offset": {
      "x": 36.5,
      "y": -26.5
    },
    "originalSize": {
      "width": 375,
      "height": 324
    },
    "rotated": false,
    "capInsets": [
      0,
      0,
      0,
      0
    ],
    "vertices": {
      "rawPosition": [
        -55,
        -68.5,
        0,
        55,
        -68.5,
        0,
        -55,
        68.5,
        0,
        55,
        68.5,
        0
      ],
      "indexes": [
        0,
        1,
        2,
        2,
        1,
        3
      ],
      "uv": [
        169,
        204,
        279,
        204,
        169,
        67,
        279,
        67
      ],
      "nuv": [
        0.45066666666666666,
        0.20679012345679013,
        0.744,
        0.20679012345679013,
        0.45066666666666666,
        0.6296296296296297,
        0.744,
        0.6296296296296297
      ],
      "minPos": {
        "x": -55,
        "y": -68.5,
        "z": 0
      },
      "maxPos": {
        "x": 55,
        "y": 68.5,
        "z": 0
      }
    },
    "texture": "90c4d17f-9d6e-4c1d-b497-448d298634bc@6c48a",
    "packable": true,
    "pixelsToUnit": 100,
    "pivot": {
      "x": 0.5,
      "y": 0.5
    },
    "meshType": 0
  }
}