{
  "__type__": "cc.SpriteFrame",
  "content": {
    "name": "idle_26",
    "atlas": "",
    "rect": {
      "x": 38,
      "y": 27,
      "width": 49,
      "height": 155
    },
    "offset": {
      "x": 2.5,
      "y": -7
    },
    "originalSize": {
      "width": 120,
      "height": 195
    },
    "rotated": false,
    "capInsets": [
      0,
      0,
      0,
      0
    ],
    "vertices": {
      "rawPosition": [
        -24.5,
        -77.5,
        0,
        24.5,
        -77.5,
        0,
        -24.5,
        77.5,
        0,
        24.5,
        77.5,
        0
      ],
      "indexes": [
        0,
        1,
        2,
        2,
        1,
        3
      ],
      "uv": [
        38,
        168,
        87,
        168,
        38,
        13,
        87,
        13
      ],
      "nuv": [
        0.31666666666666665,
        0.06666666666666667,
        0.725,
        0.06666666666666667,
        0.31666666666666665,
        0.8615384615384616,
        0.725,
        0.8615384615384616
      ],
      "minPos": {
        "x": -24.5,
        "y": -77.5,
        "z": 0
      },
      "maxPos": {
        "x": 24.5,
        "y": 77.5,
        "z": 0
      }
    },
    "texture": "90c6584e-20ff-4b76-9b3f-fbd398695206@6c48a",
    "packable": true,
    "pixelsToUnit": 100,
    "pivot": {
      "x": 0.5,
      "y": 0.5
    },
    "meshType": 0
  }
}