{
  "__type__": "cc.SpriteFrame",
  "content": {
    "name": "1_30",
    "atlas": "",
    "rect": {
      "x": 59,
      "y": 42,
      "width": 142,
      "height": 163
    },
    "offset": {
      "x": 20,
      "y": -13.5
    },
    "originalSize": {
      "width": 220,
      "height": 220
    },
    "rotated": false,
    "capInsets": [
      0,
      0,
      0,
      0
    ],
    "vertices": {
      "rawPosition": [
        -71,
        -81.5,
        0,
        71,
        -81.5,
        0,
        -71,
        81.5,
        0,
        71,
        81.5,
        0
      ],
      "indexes": [
        0,
        1,
        2,
        2,
        1,
        3
      ],
      "uv": [
        59,
        178,
        201,
        178,
        59,
        15,
        201,
        15
      ],
      "nuv": [
        0.2681818181818182,
        0.06818181818181818,
        0.9136363636363637,
        0.06818181818181818,
        0.2681818181818182,
        0.8090909090909091,
        0.9136363636363637,
        0.8090909090909091
      ],
      "minPos": {
        "x": -71,
        "y": -81.5,
        "z": 0
      },
      "maxPos": {
        "x": 71,
        "y": 81.5,
        "z": 0
      }
    },
    "texture": "90cccf59-af2a-4acc-92d0-6acff6258157@6c48a",
    "packable": true,
    "pixelsToUnit": 100,
    "pivot": {
      "x": 0.5,
      "y": 0.5
    },
    "meshType": 0
  }
}