{
  "__type__": "cc.SpriteFrame",
  "content": {
    "name": "1_06",
    "atlas": "",
    "rect": {
      "x": 39,
      "y": 43,
      "width": 140,
      "height": 163
    },
    "offset": {
      "x": -1,
      "y": -14.5
    },
    "originalSize": {
      "width": 220,
      "height": 220
    },
    "rotated": false,
    "capInsets": [
      0,
      0,
      0,
      0
    ],
    "vertices": {
      "rawPosition": [
        -70,
        -81.5,
        0,
        70,
        -81.5,
        0,
        -70,
        81.5,
        0,
        70,
        81.5,
        0
      ],
      "indexes": [
        0,
        1,
        2,
        2,
        1,
        3
      ],
      "uv": [
        39,
        177,
        179,
        177,
        39,
        14,
        179,
        14
      ],
      "nuv": [
        0.17727272727272728,
        0.06363636363636363,
        0.8136363636363636,
        0.06363636363636363,
        0.17727272727272728,
        0.8045454545454546,
        0.8136363636363636,
        0.8045454545454546
      ],
      "minPos": {
        "x": -70,
        "y": -81.5,
        "z": 0
      },
      "maxPos": {
        "x": 70,
        "y": 81.5,
        "z": 0
      }
    },
    "texture": "9329bceb-d42c-42c8-9ef1-51590966d5c9@6c48a",
    "packable": true,
    "pixelsToUnit": 100,
    "pivot": {
      "x": 0.5,
      "y": 0.5
    },
    "meshType": 0
  }
}