{
  "__type__": "cc.SpriteFrame",
  "content": {
    "name": "1_30",
    "atlas": "",
    "rect": {
      "x": 32,
      "y": 45,
      "width": 146,
      "height": 161
    },
    "offset": {
      "x": -5,
      "y": -15.5
    },
    "originalSize": {
      "width": 220,
      "height": 220
    },
    "rotated": false,
    "capInsets": [
      0,
      0,
      0,
      0
    ],
    "vertices": {
      "rawPosition": [
        -73,
        -80.5,
        0,
        73,
        -80.5,
        0,
        -73,
        80.5,
        0,
        73,
        80.5,
        0
      ],
      "indexes": [
        0,
        1,
        2,
        2,
        1,
        3
      ],
      "uv": [
        32,
        175,
        178,
        175,
        32,
        14,
        178,
        14
      ],
      "nuv": [
        0.14545454545454545,
        0.06363636363636363,
        0.8090909090909091,
        0.06363636363636363,
        0.14545454545454545,
        0.7954545454545454,
        0.8090909090909091,
        0.7954545454545454
      ],
      "minPos": {
        "x": -73,
        "y": -80.5,
        "z": 0
      },
      "maxPos": {
        "x": 73,
        "y": 80.5,
        "z": 0
      }
    },
    "texture": "9347b698-37f1-478e-b730-aea7159d7e2d@6c48a",
    "packable": true,
    "pixelsToUnit": 100,
    "pivot": {
      "x": 0.5,
      "y": 0.5
    },
    "meshType": 0
  }
}