{
  "__type__": "cc.SpriteFrame",
  "content": {
    "name": "1_018",
    "atlas": "",
    "rect": {
      "x": 79,
      "y": 132,
      "width": 191,
      "height": 153
    },
    "offset": {
      "x": -13,
      "y": -46.5
    },
    "originalSize": {
      "width": 375,
      "height": 324
    },
    "rotated": false,
    "capInsets": [
      0,
      0,
      0,
      0
    ],
    "vertices": {
      "rawPosition": [
        -95.5,
        -76.5,
        0,
        95.5,
        -76.5,
        0,
        -95.5,
        76.5,
        0,
        95.5,
        76.5,
        0
      ],
      "indexes": [
        0,
        1,
        2,
        2,
        1,
        3
      ],
      "uv": [
        79,
        192,
        270,
        192,
        79,
        39,
        270,
        39
      ],
      "nuv": [
        0.21066666666666667,
        0.12037037037037036,
        0.72,
        0.12037037037037036,
        0.21066666666666667,
        0.5925925925925926,
        0.72,
        0.5925925925925926
      ],
      "minPos": {
        "x": -95.5,
        "y": -76.5,
        "z": 0
      },
      "maxPos": {
        "x": 95.5,
        "y": 76.5,
        "z": 0
      }
    },
    "texture": "9374c5b5-ad3b-490f-b69f-e3d9f14a1d96@6c48a",
    "packable": true,
    "pixelsToUnit": 100,
    "pivot": {
      "x": 0.5,
      "y": 0.5
    },
    "meshType": 0
  }
}