{
  "__type__": "cc.SpriteFrame",
  "content": {
    "name": "sit_idle_04",
    "atlas": "",
    "rect": {
      "x": 32,
      "y": 41,
      "width": 53,
      "height": 141
    },
    "offset": {
      "x": -1.5,
      "y": -14
    },
    "originalSize": {
      "width": 120,
      "height": 195
    },
    "rotated": false,
    "capInsets": [
      0,
      0,
      0,
      0
    ],
    "vertices": {
      "rawPosition": [
        -26.5,
        -70.5,
        0,
        26.5,
        -70.5,
        0,
        -26.5,
        70.5,
        0,
        26.5,
        70.5,
        0
      ],
      "indexes": [
        0,
        1,
        2,
        2,
        1,
        3
      ],
      "uv": [
        32,
        154,
        85,
        154,
        32,
        13,
        85,
        13
      ],
      "nuv": [
        0.26666666666666666,
        0.06666666666666667,
        0.7083333333333334,
        0.06666666666666667,
        0.26666666666666666,
        0.7897435897435897,
        0.7083333333333334,
        0.7897435897435897
      ],
      "minPos": {
        "x": -26.5,
        "y": -70.5,
        "z": 0
      },
      "maxPos": {
        "x": 26.5,
        "y": 70.5,
        "z": 0
      }
    },
    "texture": "93b97860-23a1-4748-9de9-b5bba49decd7@6c48a",
    "packable": true,
    "pixelsToUnit": 100,
    "pivot": {
      "x": 0.5,
      "y": 0.5
    },
    "meshType": 0
  }
}