{
  "__type__": "cc.SpriteFrame",
  "content": {
    "name": "tu01-stand1_68",
    "atlas": "",
    "rect": {
      "x": 42,
      "y": 64,
      "width": 128,
      "height": 149
    },
    "offset": {
      "x": -4,
      "y": -28.5
    },
    "originalSize": {
      "width": 220,
      "height": 220
    },
    "rotated": false,
    "capInsets": [
      0,
      0,
      0,
      0
    ],
    "vertices": {
      "rawPosition": [
        -64,
        -74.5,
        0,
        64,
        -74.5,
        0,
        -64,
        74.5,
        0,
        64,
        74.5,
        0
      ],
      "indexes": [
        0,
        1,
        2,
        2,
        1,
        3
      ],
      "uv": [
        42,
        156,
        170,
        156,
        42,
        7,
        170,
        7
      ],
      "nuv": [
        0.19090909090909092,
        0.031818181818181815,
        0.7727272727272727,
        0.031818181818181815,
        0.19090909090909092,
        0.7090909090909091,
        0.7727272727272727,
        0.7090909090909091
      ],
      "minPos": {
        "x": -64,
        "y": -74.5,
        "z": 0
      },
      "maxPos": {
        "x": 64,
        "y": 74.5,
        "z": 0
      }
    },
    "texture": "93e9e6f3-e33d-42a3-9d2d-6c5e48241e2f@6c48a",
    "packable": true,
    "pixelsToUnit": 100,
    "pivot": {
      "x": 0.5,
      "y": 0.5
    },
    "meshType": 0
  }
}