{
  "__type__": "cc.SpriteFrame",
  "content": {
    "name": "1_25",
    "atlas": "",
    "rect": {
      "x": 29,
      "y": 46,
      "width": 145,
      "height": 160
    },
    "offset": {
      "x": -8.5,
      "y": -16
    },
    "originalSize": {
      "width": 220,
      "height": 220
    },
    "rotated": false,
    "capInsets": [
      0,
      0,
      0,
      0
    ],
    "vertices": {
      "rawPosition": [
        -72.5,
        -80,
        0,
        72.5,
        -80,
        0,
        -72.5,
        80,
        0,
        72.5,
        80,
        0
      ],
      "indexes": [
        0,
        1,
        2,
        2,
        1,
        3
      ],
      "uv": [
        29,
        174,
        174,
        174,
        29,
        14,
        174,
        14
      ],
      "nuv": [
        0.1318181818181818,
        0.06363636363636363,
        0.7909090909090909,
        0.06363636363636363,
        0.1318181818181818,
        0.7909090909090909,
        0.7909090909090909,
        0.7909090909090909
      ],
      "minPos": {
        "x": -72.5,
        "y": -80,
        "z": 0
      },
      "maxPos": {
        "x": 72.5,
        "y": 80,
        "z": 0
      }
    },
    "texture": "93ede80f-9fd9-4111-89d6-9957c763fe00@6c48a",
    "packable": true,
    "pixelsToUnit": 100,
    "pivot": {
      "x": 0.5,
      "y": 0.5
    },
    "meshType": 0
  }
}