{
  "__type__": "cc.SpriteFrame",
  "content": {
    "name": "1_015",
    "atlas": "",
    "rect": {
      "x": 158,
      "y": 127,
      "width": 110,
      "height": 130
    },
    "offset": {
      "x": 25.5,
      "y": -30
    },
    "originalSize": {
      "width": 375,
      "height": 324
    },
    "rotated": false,
    "capInsets": [
      0,
      0,
      0,
      0
    ],
    "vertices": {
      "rawPosition": [
        -55,
        -65,
        0,
        55,
        -65,
        0,
        -55,
        65,
        0,
        55,
        65,
        0
      ],
      "indexes": [
        0,
        1,
        2,
        2,
        1,
        3
      ],
      "uv": [
        158,
        197,
        268,
        197,
        158,
        67,
        268,
        67
      ],
      "nuv": [
        0.42133333333333334,
        0.20679012345679013,
        0.7146666666666667,
        0.20679012345679013,
        0.42133333333333334,
        0.6080246913580247,
        0.7146666666666667,
        0.6080246913580247
      ],
      "minPos": {
        "x": -55,
        "y": -65,
        "z": 0
      },
      "maxPos": {
        "x": 55,
        "y": 65,
        "z": 0
      }
    },
    "texture": "3f9c0959-c687-4ddc-bf2d-15bea41b62ef@6c48a",
    "packable": true,
    "pixelsToUnit": 100,
    "pivot": {
      "x": 0.5,
      "y": 0.5
    },
    "meshType": 0
  }
}