{
  "__type__": "cc.SpriteFrame",
  "content": {
    "name": "move_18",
    "atlas": "",
    "rect": {
      "x": 44,
      "y": 23,
      "width": 49,
      "height": 161
    },
    "offset": {
      "x": 8.5,
      "y": -6
    },
    "originalSize": {
      "width": 120,
      "height": 195
    },
    "rotated": false,
    "capInsets": [
      0,
      0,
      0,
      0
    ],
    "vertices": {
      "rawPosition": [
        -24.5,
        -80.5,
        0,
        24.5,
        -80.5,
        0,
        -24.5,
        80.5,
        0,
        24.5,
        80.5,
        0
      ],
      "indexes": [
        0,
        1,
        2,
        2,
        1,
        3
      ],
      "uv": [
        44,
        172,
        93,
        172,
        44,
        11,
        93,
        11
      ],
      "nuv": [
        0.36666666666666664,
        0.05641025641025641,
        0.775,
        0.05641025641025641,
        0.36666666666666664,
        0.882051282051282,
        0.775,
        0.882051282051282
      ],
      "minPos": {
        "x": -24.5,
        "y": -80.5,
        "z": 0
      },
      "maxPos": {
        "x": 24.5,
        "y": 80.5,
        "z": 0
      }
    },
    "texture": "3fa3f1f9-6107-490e-a65e-b73e6549da6e@6c48a",
    "packable": true,
    "pixelsToUnit": 100,
    "pivot": {
      "x": 0.5,
      "y": 0.5
    },
    "meshType": 0
  }
}