{
  "__type__": "cc.SpriteFrame",
  "content": {
    "name": "tu01-stand_55",
    "atlas": "",
    "rect": {
      "x": 30,
      "y": 64,
      "width": 151,
      "height": 149
    },
    "offset": {
      "x": -4.5,
      "y": -28.5
    },
    "originalSize": {
      "width": 220,
      "height": 220
    },
    "rotated": false,
    "capInsets": [
      0,
      0,
      0,
      0
    ],
    "vertices": {
      "rawPosition": [
        -75.5,
        -74.5,
        0,
        75.5,
        -74.5,
        0,
        -75.5,
        74.5,
        0,
        75.5,
        74.5,
        0
      ],
      "indexes": [
        0,
        1,
        2,
        2,
        1,
        3
      ],
      "uv": [
        30,
        156,
        181,
        156,
        30,
        7,
        181,
        7
      ],
      "nuv": [
        0.13636363636363635,
        0.031818181818181815,
        0.8227272727272728,
        0.031818181818181815,
        0.13636363636363635,
        0.7090909090909091,
        0.8227272727272728,
        0.7090909090909091
      ],
      "minPos": {
        "x": -75.5,
        "y": -74.5,
        "z": 0
      },
      "maxPos": {
        "x": 75.5,
        "y": 74.5,
        "z": 0
      }
    },
    "texture": "3fdf5469-6119-4907-89aa-8168c980be06@6c48a",
    "packable": true,
    "pixelsToUnit": 100,
    "pivot": {
      "x": 0.5,
      "y": 0.5
    },
    "meshType": 0
  }
}