{
  "__type__": "cc.SpriteFrame",
  "content": {
    "name": "1_31",
    "atlas": "",
    "rect": {
      "x": 36,
      "y": 46,
      "width": 141,
      "height": 115
    },
    "offset": {
      "x": -3.5,
      "y": 6.5
    },
    "originalSize": {
      "width": 220,
      "height": 220
    },
    "rotated": false,
    "capInsets": [
      0,
      0,
      0,
      0
    ],
    "vertices": {
      "rawPosition": [
        -70.5,
        -57.5,
        0,
        70.5,
        -57.5,
        0,
        -70.5,
        57.5,
        0,
        70.5,
        57.5,
        0
      ],
      "indexes": [
        0,
        1,
        2,
        2,
        1,
        3
      ],
      "uv": [
        36,
        174,
        177,
        174,
        36,
        59,
        177,
        59
      ],
      "nuv": [
        0.16363636363636364,
        0.2681818181818182,
        0.8045454545454546,
        0.2681818181818182,
        0.16363636363636364,
        0.7909090909090909,
        0.8045454545454546,
        0.7909090909090909
      ],
      "minPos": {
        "x": -70.5,
        "y": -57.5,
        "z": 0
      },
      "maxPos": {
        "x": 70.5,
        "y": 57.5,
        "z": 0
      }
    },
    "texture": "738e6626-57ce-4219-85a8-47d0dba4f708@6c48a",
    "packable": true,
    "pixelsToUnit": 100,
    "pivot": {
      "x": 0.5,
      "y": 0.5
    },
    "meshType": 0
  }
}