{
  "__type__": "cc.SpriteFrame",
  "content": {
    "name": "1_11",
    "atlas": "",
    "rect": {
      "x": 44,
      "y": 46,
      "width": 130,
      "height": 157
    },
    "offset": {
      "x": -1,
      "y": -14.5
    },
    "originalSize": {
      "width": 220,
      "height": 220
    },
    "rotated": false,
    "capInsets": [
      0,
      0,
      0,
      0
    ],
    "vertices": {
      "rawPosition": [
        -65,
        -78.5,
        0,
        65,
        -78.5,
        0,
        -65,
        78.5,
        0,
        65,
        78.5,
        0
      ],
      "indexes": [
        0,
        1,
        2,
        2,
        1,
        3
      ],
      "uv": [
        44,
        174,
        174,
        174,
        44,
        17,
        174,
        17
      ],
      "nuv": [
        0.2,
        0.07727272727272727,
        0.7909090909090909,
        0.07727272727272727,
        0.2,
        0.7909090909090909,
        0.7909090909090909,
        0.7909090909090909
      ],
      "minPos": {
        "x": -65,
        "y": -78.5,
        "z": 0
      },
      "maxPos": {
        "x": 65,
        "y": 78.5,
        "z": 0
      }
    },
    "texture": "73d30742-63f5-4103-b883-3320829158a8@6c48a",
    "packable": true,
    "pixelsToUnit": 100,
    "pivot": {
      "x": 0.5,
      "y": 0.5
    },
    "meshType": 0
  }
}