{
  "__type__": "cc.SpriteFrame",
  "content": {
    "name": "move_04",
    "atlas": "",
    "rect": {
      "x": 44,
      "y": 23,
      "width": 50,
      "height": 162
    },
    "offset": {
      "x": 9,
      "y": -6.5
    },
    "originalSize": {
      "width": 120,
      "height": 195
    },
    "rotated": false,
    "capInsets": [
      0,
      0,
      0,
      0
    ],
    "vertices": {
      "rawPosition": [
        -25,
        -81,
        0,
        25,
        -81,
        0,
        -25,
        81,
        0,
        25,
        81,
        0
      ],
      "indexes": [
        0,
        1,
        2,
        2,
        1,
        3
      ],
      "uv": [
        44,
        172,
        94,
        172,
        44,
        10,
        94,
        10
      ],
      "nuv": [
        0.36666666666666664,
        0.05128205128205128,
        0.7833333333333333,
        0.05128205128205128,
        0.36666666666666664,
        0.882051282051282,
        0.7833333333333333,
        0.882051282051282
      ],
      "minPos": {
        "x": -25,
        "y": -81,
        "z": 0
      },
      "maxPos": {
        "x": 25,
        "y": 81,
        "z": 0
      }
    },
    "texture": "918d385e-2890-4638-bc6f-d8e47b55459d@6c48a",
    "packable": true,
    "pixelsToUnit": 100,
    "pivot": {
      "x": 0.5,
      "y": 0.5
    },
    "meshType": 0
  }
}