{
  "__type__": "cc.SpriteFrame",
  "content": {
    "name": "1_44",
    "atlas": "",
    "rect": {
      "x": 11,
      "y": 11,
      "width": 205,
      "height": 152
    },
    "offset": {
      "x": 3.5,
      "y": 23
    },
    "originalSize": {
      "width": 220,
      "height": 220
    },
    "rotated": false,
    "capInsets": [
      0,
      0,
      0,
      0
    ],
    "vertices": {
      "rawPosition": [
        -102.5,
        -76,
        0,
        102.5,
        -76,
        0,
        -102.5,
        76,
        0,
        102.5,
        76,
        0
      ],
      "indexes": [
        0,
        1,
        2,
        2,
        1,
        3
      ],
      "uv": [
        11,
        209,
        216,
        209,
        11,
        57,
        216,
        57
      ],
      "nuv": [
        0.05,
        0.2590909090909091,
        0.9818181818181818,
        0.2590909090909091,
        0.05,
        0.95,
        0.9818181818181818,
        0.95
      ],
      "minPos": {
        "x": -102.5,
        "y": -76,
        "z": 0
      },
      "maxPos": {
        "x": 102.5,
        "y": 76,
        "z": 0
      }
    },
    "texture": "91b63558-2eb3-42c4-9720-dedfb215f128@6c48a",
    "packable": true,
    "pixelsToUnit": 100,
    "pivot": {
      "x": 0.5,
      "y": 0.5
    },
    "meshType": 0
  }
}