{
  "__type__": "cc.SpriteFrame",
  "content": {
    "name": "1_37",
    "atlas": "",
    "rect": {
      "x": 46,
      "y": 39,
      "width": 133,
      "height": 166
    },
    "offset": {
      "x": 2.5,
      "y": -12
    },
    "originalSize": {
      "width": 220,
      "height": 220
    },
    "rotated": false,
    "capInsets": [
      0,
      0,
      0,
      0
    ],
    "vertices": {
      "rawPosition": [
        -66.5,
        -83,
        0,
        66.5,
        -83,
        0,
        -66.5,
        83,
        0,
        66.5,
        83,
        0
      ],
      "indexes": [
        0,
        1,
        2,
        2,
        1,
        3
      ],
      "uv": [
        46,
        181,
        179,
        181,
        46,
        15,
        179,
        15
      ],
      "nuv": [
        0.20909090909090908,
        0.06818181818181818,
        0.8136363636363636,
        0.06818181818181818,
        0.20909090909090908,
        0.8227272727272728,
        0.8136363636363636,
        0.8227272727272728
      ],
      "minPos": {
        "x": -66.5,
        "y": -83,
        "z": 0
      },
      "maxPos": {
        "x": 66.5,
        "y": 83,
        "z": 0
      }
    },
    "texture": "4600b7ea-8e2c-494a-b9ec-c044c05c8db6@6c48a",
    "packable": true,
    "pixelsToUnit": 100,
    "pivot": {
      "x": 0.5,
      "y": 0.5
    },
    "meshType": 0
  }
}