{
  "__type__": "cc.SpriteFrame",
  "content": {
    "name": "1_05",
    "atlas": "",
    "rect": {
      "x": 44,
      "y": 47,
      "width": 133,
      "height": 156
    },
    "offset": {
      "x": 0.5,
      "y": -15
    },
    "originalSize": {
      "width": 220,
      "height": 220
    },
    "rotated": false,
    "capInsets": [
      0,
      0,
      0,
      0
    ],
    "vertices": {
      "rawPosition": [
        -66.5,
        -78,
        0,
        66.5,
        -78,
        0,
        -66.5,
        78,
        0,
        66.5,
        78,
        0
      ],
      "indexes": [
        0,
        1,
        2,
        2,
        1,
        3
      ],
      "uv": [
        44,
        173,
        177,
        173,
        44,
        17,
        177,
        17
      ],
      "nuv": [
        0.2,
        0.07727272727272727,
        0.8045454545454546,
        0.07727272727272727,
        0.2,
        0.7863636363636364,
        0.8045454545454546,
        0.7863636363636364
      ],
      "minPos": {
        "x": -66.5,
        "y": -78,
        "z": 0
      },
      "maxPos": {
        "x": 66.5,
        "y": 78,
        "z": 0
      }
    },
    "texture": "460e660a-ca27-47c0-8cde-5d66eb686693@6c48a",
    "packable": true,
    "pixelsToUnit": 100,
    "pivot": {
      "x": 0.5,
      "y": 0.5
    },
    "meshType": 0
  }
}