{
  "__type__": "cc.SpriteFrame",
  "content": {
    "name": "1_50",
    "atlas": "",
    "rect": {
      "x": 5,
      "y": 60,
      "width": 180,
      "height": 109
    },
    "offset": {
      "x": -15,
      "y": -4.5
    },
    "originalSize": {
      "width": 220,
      "height": 220
    },
    "rotated": false,
    "capInsets": [
      0,
      0,
      0,
      0
    ],
    "vertices": {
      "rawPosition": [
        -90,
        -54.5,
        0,
        90,
        -54.5,
        0,
        -90,
        54.5,
        0,
        90,
        54.5,
        0
      ],
      "indexes": [
        0,
        1,
        2,
        2,
        1,
        3
      ],
      "uv": [
        5,
        160,
        185,
        160,
        5,
        51,
        185,
        51
      ],
      "nuv": [
        0.022727272727272728,
        0.2318181818181818,
        0.8409090909090909,
        0.2318181818181818,
        0.022727272727272728,
        0.7272727272727273,
        0.8409090909090909,
        0.7272727272727273
      ],
      "minPos": {
        "x": -90,
        "y": -54.5,
        "z": 0
      },
      "maxPos": {
        "x": 90,
        "y": 54.5,
        "z": 0
      }
    },
    "texture": "46544f8c-cb71-4a55-ab01-6c1bfe460b00@6c48a",
    "packable": true,
    "pixelsToUnit": 100,
    "pivot": {
      "x": 0.5,
      "y": 0.5
    },
    "meshType": 0
  }
}