{
  "__type__": "cc.SpriteFrame",
  "content": {
    "name": "1_08",
    "atlas": "",
    "rect": {
      "x": 41,
      "y": 40,
      "width": 139,
      "height": 139
    },
    "offset": {
      "x": 0.5,
      "y": 0.5
    },
    "originalSize": {
      "width": 220,
      "height": 220
    },
    "rotated": false,
    "capInsets": [
      0,
      0,
      0,
      0
    ],
    "vertices": {
      "rawPosition": [
        -69.5,
        -69.5,
        0,
        69.5,
        -69.5,
        0,
        -69.5,
        69.5,
        0,
        69.5,
        69.5,
        0
      ],
      "indexes": [
        0,
        1,
        2,
        2,
        1,
        3
      ],
      "uv": [
        41,
        180,
        180,
        180,
        41,
        41,
        180,
        41
      ],
      "nuv": [
        0.18636363636363637,
        0.18636363636363637,
        0.8181818181818182,
        0.18636363636363637,
        0.18636363636363637,
        0.8181818181818182,
        0.8181818181818182,
        0.8181818181818182
      ],
      "minPos": {
        "x": -69.5,
        "y": -69.5,
        "z": 0
      },
      "maxPos": {
        "x": 69.5,
        "y": 69.5,
        "z": 0
      }
    },
    "texture": "46563010-7862-4b03-959a-1a7afbf53ec7@6c48a",
    "packable": true,
    "pixelsToUnit": 100,
    "pivot": {
      "x": 0.5,
      "y": 0.5
    },
    "meshType": 0
  }
}