{
  "__type__": "cc.SpriteFrame",
  "content": {
    "name": "1_30",
    "atlas": "",
    "rect": {
      "x": 16,
      "y": 73,
      "width": 218,
      "height": 234
    },
    "offset": {
      "x": -15.5,
      "y": -24.5
    },
    "originalSize": {
      "width": 281,
      "height": 331
    },
    "rotated": false,
    "capInsets": [
      0,
      0,
      0,
      0
    ],
    "vertices": {
      "rawPosition": [
        -109,
        -117,
        0,
        109,
        -117,
        0,
        -109,
        117,
        0,
        109,
        117,
        0
      ],
      "indexes": [
        0,
        1,
        2,
        2,
        1,
        3
      ],
      "uv": [
        16,
        258,
        234,
        258,
        16,
        24,
        234,
        24
      ],
      "nuv": [
        0.05693950177935943,
        0.07250755287009064,
        0.8327402135231317,
        0.07250755287009064,
        0.05693950177935943,
        0.7794561933534743,
        0.8327402135231317,
        0.7794561933534743
      ],
      "minPos": {
        "x": -109,
        "y": -117,
        "z": 0
      },
      "maxPos": {
        "x": 109,
        "y": 117,
        "z": 0
      }
    },
    "texture": "46ce48bd-091f-4e14-bdd7-b5266f0a078f@6c48a",
    "packable": true,
    "pixelsToUnit": 100,
    "pivot": {
      "x": 0.5,
      "y": 0.5
    },
    "meshType": 0
  }
}