{
  "__type__": "cc.SpriteFrame",
  "content": {
    "name": "1_25",
    "atlas": "",
    "rect": {
      "x": 22,
      "y": 93,
      "width": 213,
      "height": 207
    },
    "offset": {
      "x": -12,
      "y": -31
    },
    "originalSize": {
      "width": 281,
      "height": 331
    },
    "rotated": false,
    "capInsets": [
      0,
      0,
      0,
      0
    ],
    "vertices": {
      "rawPosition": [
        -106.5,
        -103.5,
        0,
        106.5,
        -103.5,
        0,
        -106.5,
        103.5,
        0,
        106.5,
        103.5,
        0
      ],
      "indexes": [
        0,
        1,
        2,
        2,
        1,
        3
      ],
      "uv": [
        22,
        238,
        235,
        238,
        22,
        31,
        235,
        31
      ],
      "nuv": [
        0.07829181494661921,
        0.09365558912386707,
        0.8362989323843416,
        0.09365558912386707,
        0.07829181494661921,
        0.7190332326283988,
        0.8362989323843416,
        0.7190332326283988
      ],
      "minPos": {
        "x": -106.5,
        "y": -103.5,
        "z": 0
      },
      "maxPos": {
        "x": 106.5,
        "y": 103.5,
        "z": 0
      }
    },
    "texture": "ef02c6a2-7d30-4db9-9d4b-3e50abd5f994@6c48a",
    "packable": true,
    "pixelsToUnit": 100,
    "pivot": {
      "x": 0.5,
      "y": 0.5
    },
    "meshType": 0
  }
}