{
  "__type__": "cc.SpriteFrame",
  "content": {
    "name": "1_051",
    "atlas": "",
    "rect": {
      "x": 79,
      "y": 79,
      "width": 243,
      "height": 206
    },
    "offset": {
      "x": 13,
      "y": -20
    },
    "originalSize": {
      "width": 375,
      "height": 324
    },
    "rotated": false,
    "capInsets": [
      0,
      0,
      0,
      0
    ],
    "vertices": {
      "rawPosition": [
        -121.5,
        -103,
        0,
        121.5,
        -103,
        0,
        -121.5,
        103,
        0,
        121.5,
        103,
        0
      ],
      "indexes": [
        0,
        1,
        2,
        2,
        1,
        3
      ],
      "uv": [
        79,
        245,
        322,
        245,
        79,
        39,
        322,
        39
      ],
      "nuv": [
        0.21066666666666667,
        0.12037037037037036,
        0.8586666666666667,
        0.12037037037037036,
        0.21066666666666667,
        0.7561728395061729,
        0.8586666666666667,
        0.7561728395061729
      ],
      "minPos": {
        "x": -121.5,
        "y": -103,
        "z": 0
      },
      "maxPos": {
        "x": 121.5,
        "y": 103,
        "z": 0
      }
    },
    "texture": "ef714d97-aa3c-41ee-b0c1-e716ce940ca6@6c48a",
    "packable": true,
    "pixelsToUnit": 100,
    "pivot": {
      "x": 0.5,
      "y": 0.5
    },
    "meshType": 0
  }
}