{
  "__type__": "cc.SpriteFrame",
  "content": {
    "name": "sit_14",
    "atlas": "",
    "rect": {
      "x": 31,
      "y": 45,
      "width": 63,
      "height": 137
    },
    "offset": {
      "x": 2.5,
      "y": -16
    },
    "originalSize": {
      "width": 120,
      "height": 195
    },
    "rotated": false,
    "capInsets": [
      0,
      0,
      0,
      0
    ],
    "vertices": {
      "rawPosition": [
        -31.5,
        -68.5,
        0,
        31.5,
        -68.5,
        0,
        -31.5,
        68.5,
        0,
        31.5,
        68.5,
        0
      ],
      "indexes": [
        0,
        1,
        2,
        2,
        1,
        3
      ],
      "uv": [
        31,
        150,
        94,
        150,
        31,
        13,
        94,
        13
      ],
      "nuv": [
        0.25833333333333336,
        0.06666666666666667,
        0.7833333333333333,
        0.06666666666666667,
        0.25833333333333336,
        0.7692307692307693,
        0.7833333333333333,
        0.7692307692307693
      ],
      "minPos": {
        "x": -31.5,
        "y": -68.5,
        "z": 0
      },
      "maxPos": {
        "x": 31.5,
        "y": 68.5,
        "z": 0
      }
    },
    "texture": "efbaae37-d68a-446d-88ff-d3b0ea350b61@6c48a",
    "packable": true,
    "pixelsToUnit": 100,
    "pivot": {
      "x": 0.5,
      "y": 0.5
    },
    "meshType": 0
  }
}