{
  "__type__": "cc.SpriteFrame",
  "content": {
    "name": "1_33",
    "atlas": "",
    "rect": {
      "x": 54,
      "y": 41,
      "width": 134,
      "height": 164
    },
    "offset": {
      "x": 11,
      "y": -13
    },
    "originalSize": {
      "width": 220,
      "height": 220
    },
    "rotated": false,
    "capInsets": [
      0,
      0,
      0,
      0
    ],
    "vertices": {
      "rawPosition": [
        -67,
        -82,
        0,
        67,
        -82,
        0,
        -67,
        82,
        0,
        67,
        82,
        0
      ],
      "indexes": [
        0,
        1,
        2,
        2,
        1,
        3
      ],
      "uv": [
        54,
        179,
        188,
        179,
        54,
        15,
        188,
        15
      ],
      "nuv": [
        0.24545454545454545,
        0.06818181818181818,
        0.8545454545454545,
        0.06818181818181818,
        0.24545454545454545,
        0.8136363636363636,
        0.8545454545454545,
        0.8136363636363636
      ],
      "minPos": {
        "x": -67,
        "y": -82,
        "z": 0
      },
      "maxPos": {
        "x": 67,
        "y": 82,
        "z": 0
      }
    },
    "texture": "efd28eb1-1dd5-451c-9215-2afdffb6306b@6c48a",
    "packable": true,
    "pixelsToUnit": 100,
    "pivot": {
      "x": 0.5,
      "y": 0.5
    },
    "meshType": 0
  }
}