{
  "__type__": "cc.SpriteFrame",
  "content": {
    "name": "1_35",
    "atlas": "",
    "rect": {
      "x": 43,
      "y": 45,
      "width": 139,
      "height": 161
    },
    "offset": {
      "x": 2.5,
      "y": -15.5
    },
    "originalSize": {
      "width": 220,
      "height": 220
    },
    "rotated": false,
    "capInsets": [
      0,
      0,
      0,
      0
    ],
    "vertices": {
      "rawPosition": [
        -69.5,
        -80.5,
        0,
        69.5,
        -80.5,
        0,
        -69.5,
        80.5,
        0,
        69.5,
        80.5,
        0
      ],
      "indexes": [
        0,
        1,
        2,
        2,
        1,
        3
      ],
      "uv": [
        43,
        175,
        182,
        175,
        43,
        14,
        182,
        14
      ],
      "nuv": [
        0.19545454545454546,
        0.06363636363636363,
        0.8272727272727273,
        0.06363636363636363,
        0.19545454545454546,
        0.7954545454545454,
        0.8272727272727273,
        0.7954545454545454
      ],
      "minPos": {
        "x": -69.5,
        "y": -80.5,
        "z": 0
      },
      "maxPos": {
        "x": 69.5,
        "y": 80.5,
        "z": 0
      }
    },
    "texture": "673366c0-9c0a-4505-b636-e8597f71ab92@6c48a",
    "packable": true,
    "pixelsToUnit": 100,
    "pivot": {
      "x": 0.5,
      "y": 0.5
    },
    "meshType": 0
  }
}