{
  "__type__": "cc.SpriteFrame",
  "content": {
    "name": "sit_idle_24",
    "atlas": "",
    "rect": {
      "x": 33,
      "y": 41,
      "width": 51,
      "height": 141
    },
    "offset": {
      "x": -1.5,
      "y": -14
    },
    "originalSize": {
      "width": 120,
      "height": 195
    },
    "rotated": false,
    "capInsets": [
      0,
      0,
      0,
      0
    ],
    "vertices": {
      "rawPosition": [
        -25.5,
        -70.5,
        0,
        25.5,
        -70.5,
        0,
        -25.5,
        70.5,
        0,
        25.5,
        70.5,
        0
      ],
      "indexes": [
        0,
        1,
        2,
        2,
        1,
        3
      ],
      "uv": [
        33,
        154,
        84,
        154,
        33,
        13,
        84,
        13
      ],
      "nuv": [
        0.275,
        0.06666666666666667,
        0.7,
        0.06666666666666667,
        0.275,
        0.7897435897435897,
        0.7,
        0.7897435897435897
      ],
      "minPos": {
        "x": -25.5,
        "y": -70.5,
        "z": 0
      },
      "maxPos": {
        "x": 25.5,
        "y": 70.5,
        "z": 0
      }
    },
    "texture": "6786fb58-b571-454c-94b2-d4c4bd296dc7@6c48a",
    "packable": true,
    "pixelsToUnit": 100,
    "pivot": {
      "x": 0.5,
      "y": 0.5
    },
    "meshType": 0
  }
}