{
  "__type__": "cc.SpriteFrame",
  "content": {
    "name": "1_26",
    "atlas": "",
    "rect": {
      "x": 47,
      "y": 42,
      "width": 140,
      "height": 164
    },
    "offset": {
      "x": 7,
      "y": -14
    },
    "originalSize": {
      "width": 220,
      "height": 220
    },
    "rotated": false,
    "capInsets": [
      0,
      0,
      0,
      0
    ],
    "vertices": {
      "rawPosition": [
        -70,
        -82,
        0,
        70,
        -82,
        0,
        -70,
        82,
        0,
        70,
        82,
        0
      ],
      "indexes": [
        0,
        1,
        2,
        2,
        1,
        3
      ],
      "uv": [
        47,
        178,
        187,
        178,
        47,
        14,
        187,
        14
      ],
      "nuv": [
        0.21363636363636362,
        0.06363636363636363,
        0.85,
        0.06363636363636363,
        0.21363636363636362,
        0.8090909090909091,
        0.85,
        0.8090909090909091
      ],
      "minPos": {
        "x": -70,
        "y": -82,
        "z": 0
      },
      "maxPos": {
        "x": 70,
        "y": 82,
        "z": 0
      }
    },
    "texture": "67d74d1f-adee-48a2-b7a2-4de55e06a969@6c48a",
    "packable": true,
    "pixelsToUnit": 100,
    "pivot": {
      "x": 0.5,
      "y": 0.5
    },
    "meshType": 0
  }
}