{
  "__type__": "cc.SpriteFrame",
  "content": {
    "name": "1_29",
    "atlas": "",
    "rect": {
      "x": 32,
      "y": 45,
      "width": 145,
      "height": 161
    },
    "offset": {
      "x": -5.5,
      "y": -15.5
    },
    "originalSize": {
      "width": 220,
      "height": 220
    },
    "rotated": false,
    "capInsets": [
      0,
      0,
      0,
      0
    ],
    "vertices": {
      "rawPosition": [
        -72.5,
        -80.5,
        0,
        72.5,
        -80.5,
        0,
        -72.5,
        80.5,
        0,
        72.5,
        80.5,
        0
      ],
      "indexes": [
        0,
        1,
        2,
        2,
        1,
        3
      ],
      "uv": [
        32,
        175,
        177,
        175,
        32,
        14,
        177,
        14
      ],
      "nuv": [
        0.14545454545454545,
        0.06363636363636363,
        0.8045454545454546,
        0.06363636363636363,
        0.14545454545454545,
        0.7954545454545454,
        0.8045454545454546,
        0.7954545454545454
      ],
      "minPos": {
        "x": -72.5,
        "y": -80.5,
        "z": 0
      },
      "maxPos": {
        "x": 72.5,
        "y": 80.5,
        "z": 0
      }
    },
    "texture": "7486b784-696a-4d32-8509-e1949378f949@6c48a",
    "packable": true,
    "pixelsToUnit": 100,
    "pivot": {
      "x": 0.5,
      "y": 0.5
    },
    "meshType": 0
  }
}