{
  "__type__": "cc.SpriteFrame",
  "content": {
    "name": "1_36",
    "atlas": "",
    "rect": {
      "x": 42,
      "y": 47,
      "width": 139,
      "height": 154
    },
    "offset": {
      "x": 1.5,
      "y": -14
    },
    "originalSize": {
      "width": 220,
      "height": 220
    },
    "rotated": false,
    "capInsets": [
      0,
      0,
      0,
      0
    ],
    "vertices": {
      "rawPosition": [
        -69.5,
        -77,
        0,
        69.5,
        -77,
        0,
        -69.5,
        77,
        0,
        69.5,
        77,
        0
      ],
      "indexes": [
        0,
        1,
        2,
        2,
        1,
        3
      ],
      "uv": [
        42,
        173,
        181,
        173,
        42,
        19,
        181,
        19
      ],
      "nuv": [
        0.19090909090909092,
        0.08636363636363636,
        0.8227272727272728,
        0.08636363636363636,
        0.19090909090909092,
        0.7863636363636364,
        0.8227272727272728,
        0.7863636363636364
      ],
      "minPos": {
        "x": -69.5,
        "y": -77,
        "z": 0
      },
      "maxPos": {
        "x": 69.5,
        "y": 77,
        "z": 0
      }
    },
    "texture": "74fd709f-2aa0-4b31-b956-bb1adf7d9615@6c48a",
    "packable": true,
    "pixelsToUnit": 100,
    "pivot": {
      "x": 0.5,
      "y": 0.5
    },
    "meshType": 0
  }
}