{
  "__type__": "cc.SpriteFrame",
  "content": {
    "name": "1_29",
    "atlas": "",
    "rect": {
      "x": 45,
      "y": 48,
      "width": 148,
      "height": 153
    },
    "offset": {
      "x": 9,
      "y": -14.5
    },
    "originalSize": {
      "width": 220,
      "height": 220
    },
    "rotated": false,
    "capInsets": [
      0,
      0,
      0,
      0
    ],
    "vertices": {
      "rawPosition": [
        -74,
        -76.5,
        0,
        74,
        -76.5,
        0,
        -74,
        76.5,
        0,
        74,
        76.5,
        0
      ],
      "indexes": [
        0,
        1,
        2,
        2,
        1,
        3
      ],
      "uv": [
        45,
        172,
        193,
        172,
        45,
        19,
        193,
        19
      ],
      "nuv": [
        0.20454545454545456,
        0.08636363636363636,
        0.8772727272727273,
        0.08636363636363636,
        0.20454545454545456,
        0.7818181818181819,
        0.8772727272727273,
        0.7818181818181819
      ],
      "minPos": {
        "x": -74,
        "y": -76.5,
        "z": 0
      },
      "maxPos": {
        "x": 74,
        "y": 76.5,
        "z": 0
      }
    },
    "texture": "c3503a2a-0d75-40f3-a6c2-da929f966cf2@6c48a",
    "packable": true,
    "pixelsToUnit": 100,
    "pivot": {
      "x": 0.5,
      "y": 0.5
    },
    "meshType": 0
  }
}