{
  "__type__": "cc.SpriteFrame",
  "content": {
    "name": "tu01-stand_23",
    "atlas": "",
    "rect": {
      "x": 16,
      "y": 63,
      "width": 155,
      "height": 150
    },
    "offset": {
      "x": -16.5,
      "y": -28
    },
    "originalSize": {
      "width": 220,
      "height": 220
    },
    "rotated": false,
    "capInsets": [
      0,
      0,
      0,
      0
    ],
    "vertices": {
      "rawPosition": [
        -77.5,
        -75,
        0,
        77.5,
        -75,
        0,
        -77.5,
        75,
        0,
        77.5,
        75,
        0
      ],
      "indexes": [
        0,
        1,
        2,
        2,
        1,
        3
      ],
      "uv": [
        16,
        157,
        171,
        157,
        16,
        7,
        171,
        7
      ],
      "nuv": [
        0.07272727272727272,
        0.031818181818181815,
        0.7772727272727272,
        0.031818181818181815,
        0.07272727272727272,
        0.7136363636363636,
        0.7772727272727272,
        0.7136363636363636
      ],
      "minPos": {
        "x": -77.5,
        "y": -75,
        "z": 0
      },
      "maxPos": {
        "x": 77.5,
        "y": 75,
        "z": 0
      }
    },
    "texture": "c39b1985-e39f-473b-9d7c-f35cd16de349@6c48a",
    "packable": true,
    "pixelsToUnit": 100,
    "pivot": {
      "x": 0.5,
      "y": 0.5
    },
    "meshType": 0
  }
}