{
  "__type__": "cc.SpriteFrame",
  "content": {
    "name": "1_28",
    "atlas": "",
    "rect": {
      "x": 35,
      "y": 44,
      "width": 142,
      "height": 162
    },
    "offset": {
      "x": -4,
      "y": -15
    },
    "originalSize": {
      "width": 220,
      "height": 220
    },
    "rotated": false,
    "capInsets": [
      0,
      0,
      0,
      0
    ],
    "vertices": {
      "rawPosition": [
        -71,
        -81,
        0,
        71,
        -81,
        0,
        -71,
        81,
        0,
        71,
        81,
        0
      ],
      "indexes": [
        0,
        1,
        2,
        2,
        1,
        3
      ],
      "uv": [
        35,
        176,
        177,
        176,
        35,
        14,
        177,
        14
      ],
      "nuv": [
        0.1590909090909091,
        0.06363636363636363,
        0.8045454545454546,
        0.06363636363636363,
        0.1590909090909091,
        0.8,
        0.8045454545454546,
        0.8
      ],
      "minPos": {
        "x": -71,
        "y": -81,
        "z": 0
      },
      "maxPos": {
        "x": 71,
        "y": 81,
        "z": 0
      }
    },
    "texture": "c3a5435f-d946-42b7-9c23-b99a38c976be@6c48a",
    "packable": true,
    "pixelsToUnit": 100,
    "pivot": {
      "x": 0.5,
      "y": 0.5
    },
    "meshType": 0
  }
}