{
  "__type__": "cc.SpriteFrame",
  "content": {
    "name": "move_20",
    "atlas": "",
    "rect": {
      "x": 38,
      "y": 31,
      "width": 56,
      "height": 151
    },
    "offset": {
      "x": 6,
      "y": -9
    },
    "originalSize": {
      "width": 120,
      "height": 195
    },
    "rotated": false,
    "capInsets": [
      0,
      0,
      0,
      0
    ],
    "vertices": {
      "rawPosition": [
        -28,
        -75.5,
        0,
        28,
        -75.5,
        0,
        -28,
        75.5,
        0,
        28,
        75.5,
        0
      ],
      "indexes": [
        0,
        1,
        2,
        2,
        1,
        3
      ],
      "uv": [
        38,
        164,
        94,
        164,
        38,
        13,
        94,
        13
      ],
      "nuv": [
        0.31666666666666665,
        0.06666666666666667,
        0.7833333333333333,
        0.06666666666666667,
        0.31666666666666665,
        0.841025641025641,
        0.7833333333333333,
        0.841025641025641
      ],
      "minPos": {
        "x": -28,
        "y": -75.5,
        "z": 0
      },
      "maxPos": {
        "x": 28,
        "y": 75.5,
        "z": 0
      }
    },
    "texture": "c3f68ad0-3385-4266-89e9-4e6742bacfdf@6c48a",
    "packable": true,
    "pixelsToUnit": 100,
    "pivot": {
      "x": 0.5,
      "y": 0.5
    },
    "meshType": 0
  }
}