{
  "__type__": "cc.SpriteFrame",
  "content": {
    "name": "1_18",
    "atlas": "",
    "rect": {
      "x": 65,
      "y": 47,
      "width": 126,
      "height": 158
    },
    "offset": {
      "x": 18,
      "y": -16
    },
    "originalSize": {
      "width": 220,
      "height": 220
    },
    "rotated": false,
    "capInsets": [
      0,
      0,
      0,
      0
    ],
    "vertices": {
      "rawPosition": [
        -63,
        -79,
        0,
        63,
        -79,
        0,
        -63,
        79,
        0,
        63,
        79,
        0
      ],
      "indexes": [
        0,
        1,
        2,
        2,
        1,
        3
      ],
      "uv": [
        65,
        173,
        191,
        173,
        65,
        15,
        191,
        15
      ],
      "nuv": [
        0.29545454545454547,
        0.06818181818181818,
        0.8681818181818182,
        0.06818181818181818,
        0.29545454545454547,
        0.7863636363636364,
        0.8681818181818182,
        0.7863636363636364
      ],
      "minPos": {
        "x": -63,
        "y": -79,
        "z": 0
      },
      "maxPos": {
        "x": 63,
        "y": 79,
        "z": 0
      }
    },
    "texture": "d06ac118-de4e-4055-a6fb-e93ed1eb0d65@6c48a",
    "packable": true,
    "pixelsToUnit": 100,
    "pivot": {
      "x": 0.5,
      "y": 0.5
    },
    "meshType": 0
  }
}