{
  "__type__": "cc.SpriteFrame",
  "content": {
    "name": "sit_08",
    "atlas": "",
    "rect": {
      "x": 33,
      "y": 49,
      "width": 60,
      "height": 133
    },
    "offset": {
      "x": 3,
      "y": -18
    },
    "originalSize": {
      "width": 120,
      "height": 195
    },
    "rotated": false,
    "capInsets": [
      0,
      0,
      0,
      0
    ],
    "vertices": {
      "rawPosition": [
        -30,
        -66.5,
        0,
        30,
        -66.5,
        0,
        -30,
        66.5,
        0,
        30,
        66.5,
        0
      ],
      "indexes": [
        0,
        1,
        2,
        2,
        1,
        3
      ],
      "uv": [
        33,
        146,
        93,
        146,
        33,
        13,
        93,
        13
      ],
      "nuv": [
        0.275,
        0.06666666666666667,
        0.775,
        0.06666666666666667,
        0.275,
        0.7487179487179487,
        0.775,
        0.7487179487179487
      ],
      "minPos": {
        "x": -30,
        "y": -66.5,
        "z": 0
      },
      "maxPos": {
        "x": 30,
        "y": 66.5,
        "z": 0
      }
    },
    "texture": "d08274e0-1402-4a64-8f6d-6af1f9ba3253@6c48a",
    "packable": true,
    "pixelsToUnit": 100,
    "pivot": {
      "x": 0.5,
      "y": 0.5
    },
    "meshType": 0
  }
}