{
  "__type__": "cc.SpriteFrame",
  "content": {
    "name": "sit_04",
    "atlas": "",
    "rect": {
      "x": 36,
      "y": 42,
      "width": 54,
      "height": 140
    },
    "offset": {
      "x": 3,
      "y": -14.5
    },
    "originalSize": {
      "width": 120,
      "height": 195
    },
    "rotated": false,
    "capInsets": [
      0,
      0,
      0,
      0
    ],
    "vertices": {
      "rawPosition": [
        -27,
        -70,
        0,
        27,
        -70,
        0,
        -27,
        70,
        0,
        27,
        70,
        0
      ],
      "indexes": [
        0,
        1,
        2,
        2,
        1,
        3
      ],
      "uv": [
        36,
        153,
        90,
        153,
        36,
        13,
        90,
        13
      ],
      "nuv": [
        0.3,
        0.06666666666666667,
        0.75,
        0.06666666666666667,
        0.3,
        0.7846153846153846,
        0.75,
        0.7846153846153846
      ],
      "minPos": {
        "x": -27,
        "y": -70,
        "z": 0
      },
      "maxPos": {
        "x": 27,
        "y": 70,
        "z": 0
      }
    },
    "texture": "d0a24276-65eb-4fd7-9edf-bd88f6b17fd1@6c48a",
    "packable": true,
    "pixelsToUnit": 100,
    "pivot": {
      "x": 0.5,
      "y": 0.5
    },
    "meshType": 0
  }
}