{
  "__type__": "cc.SpriteFrame",
  "content": {
    "name": "1_35",
    "atlas": "",
    "rect": {
      "x": 38,
      "y": 34,
      "width": 203,
      "height": 276
    },
    "offset": {
      "x": -1,
      "y": -6.5
    },
    "originalSize": {
      "width": 281,
      "height": 331
    },
    "rotated": false,
    "capInsets": [
      0,
      0,
      0,
      0
    ],
    "vertices": {
      "rawPosition": [
        -101.5,
        -138,
        0,
        101.5,
        -138,
        0,
        -101.5,
        138,
        0,
        101.5,
        138,
        0
      ],
      "indexes": [
        0,
        1,
        2,
        2,
        1,
        3
      ],
      "uv": [
        38,
        297,
        241,
        297,
        38,
        21,
        241,
        21
      ],
      "nuv": [
        0.13523131672597866,
        0.0634441087613293,
        0.8576512455516014,
        0.0634441087613293,
        0.13523131672597866,
        0.8972809667673716,
        0.8576512455516014,
        0.8972809667673716
      ],
      "minPos": {
        "x": -101.5,
        "y": -138,
        "z": 0
      },
      "maxPos": {
        "x": 101.5,
        "y": 138,
        "z": 0
      }
    },
    "texture": "d0c3227b-1e40-4688-a023-99f86ad79e9f@6c48a",
    "packable": true,
    "pixelsToUnit": 100,
    "pivot": {
      "x": 0.5,
      "y": 0.5
    },
    "meshType": 0
  }
}