{
  "__type__": "cc.SpriteFrame",
  "content": {
    "name": "1_07",
    "atlas": "",
    "rect": {
      "x": 45,
      "y": 56,
      "width": 131,
      "height": 140
    },
    "offset": {
      "x": 0.5,
      "y": -16
    },
    "originalSize": {
      "width": 220,
      "height": 220
    },
    "rotated": false,
    "capInsets": [
      0,
      0,
      0,
      0
    ],
    "vertices": {
      "rawPosition": [
        -65.5,
        -70,
        0,
        65.5,
        -70,
        0,
        -65.5,
        70,
        0,
        65.5,
        70,
        0
      ],
      "indexes": [
        0,
        1,
        2,
        2,
        1,
        3
      ],
      "uv": [
        45,
        164,
        176,
        164,
        45,
        24,
        176,
        24
      ],
      "nuv": [
        0.20454545454545456,
        0.10909090909090909,
        0.8,
        0.10909090909090909,
        0.20454545454545456,
        0.7454545454545455,
        0.8,
        0.7454545454545455
      ],
      "minPos": {
        "x": -65.5,
        "y": -70,
        "z": 0
      },
      "maxPos": {
        "x": 65.5,
        "y": 70,
        "z": 0
      }
    },
    "texture": "d0e9174d-e0d2-4663-8faa-cb7d60b86037@6c48a",
    "packable": true,
    "pixelsToUnit": 100,
    "pivot": {
      "x": 0.5,
      "y": 0.5
    },
    "meshType": 0
  }
}