{
  "__type__": "cc.SpriteFrame",
  "content": {
    "name": "sit_09",
    "atlas": "",
    "rect": {
      "x": 33,
      "y": 48,
      "width": 60,
      "height": 134
    },
    "offset": {
      "x": -4.5,
      "y": -17.5
    },
    "originalSize": {
      "width": 135,
      "height": 195
    },
    "rotated": false,
    "capInsets": [
      0,
      0,
      0,
      0
    ],
    "vertices": {
      "rawPosition": [
        -30,
        -67,
        0,
        30,
        -67,
        0,
        -30,
        67,
        0,
        30,
        67,
        0
      ],
      "indexes": [
        0,
        1,
        2,
        2,
        1,
        3
      ],
      "uv": [
        33,
        147,
        93,
        147,
        33,
        13,
        93,
        13
      ],
      "nuv": [
        0.24444444444444444,
        0.06666666666666667,
        0.6888888888888889,
        0.06666666666666667,
        0.24444444444444444,
        0.7538461538461538,
        0.6888888888888889,
        0.7538461538461538
      ],
      "minPos": {
        "x": -30,
        "y": -67,
        "z": 0
      },
      "maxPos": {
        "x": 30,
        "y": 67,
        "z": 0
      }
    },
    "texture": "063b6ada-d905-411b-878a-18b9c2a9b09e@6c48a",
    "packable": true,
    "pixelsToUnit": 100,
    "pivot": {
      "x": 0.5,
      "y": 0.5
    },
    "meshType": 0
  }
}