{
  "__type__": "cc.SpriteFrame",
  "content": {
    "name": "1_04",
    "atlas": "",
    "rect": {
      "x": 37,
      "y": 40,
      "width": 134,
      "height": 165
    },
    "offset": {
      "x": -6,
      "y": -12.5
    },
    "originalSize": {
      "width": 220,
      "height": 220
    },
    "rotated": false,
    "capInsets": [
      0,
      0,
      0,
      0
    ],
    "vertices": {
      "rawPosition": [
        -67,
        -82.5,
        0,
        67,
        -82.5,
        0,
        -67,
        82.5,
        0,
        67,
        82.5,
        0
      ],
      "indexes": [
        0,
        1,
        2,
        2,
        1,
        3
      ],
      "uv": [
        37,
        180,
        171,
        180,
        37,
        15,
        171,
        15
      ],
      "nuv": [
        0.16818181818181818,
        0.06818181818181818,
        0.7772727272727272,
        0.06818181818181818,
        0.16818181818181818,
        0.8181818181818182,
        0.7772727272727272,
        0.8181818181818182
      ],
      "minPos": {
        "x": -67,
        "y": -82.5,
        "z": 0
      },
      "maxPos": {
        "x": 67,
        "y": 82.5,
        "z": 0
      }
    },
    "texture": "0690a324-4524-4740-9b62-9d8ccf9ebff4@6c48a",
    "packable": true,
    "pixelsToUnit": 100,
    "pivot": {
      "x": 0.5,
      "y": 0.5
    },
    "meshType": 0
  }
}