{
  "__type__": "cc.SpriteFrame",
  "content": {
    "name": "sit2_01",
    "atlas": "",
    "rect": {
      "x": 39,
      "y": 28,
      "width": 49,
      "height": 158
    },
    "offset": {
      "x": -4,
      "y": -9.5
    },
    "originalSize": {
      "width": 135,
      "height": 195
    },
    "rotated": false,
    "capInsets": [
      0,
      0,
      0,
      0
    ],
    "vertices": {
      "rawPosition": [
        -24.5,
        -79,
        0,
        24.5,
        -79,
        0,
        -24.5,
        79,
        0,
        24.5,
        79,
        0
      ],
      "indexes": [
        0,
        1,
        2,
        2,
        1,
        3
      ],
      "uv": [
        39,
        167,
        88,
        167,
        39,
        9,
        88,
        9
      ],
      "nuv": [
        0.28888888888888886,
        0.046153846153846156,
        0.6518518518518519,
        0.046153846153846156,
        0.28888888888888886,
        0.8564102564102564,
        0.6518518518518519,
        0.8564102564102564
      ],
      "minPos": {
        "x": -24.5,
        "y": -79,
        "z": 0
      },
      "maxPos": {
        "x": 24.5,
        "y": 79,
        "z": 0
      }
    },
    "texture": "06b3d8d3-bac1-42c9-a828-8cb82b9ca899@6c48a",
    "packable": true,
    "pixelsToUnit": 100,
    "pivot": {
      "x": 0.5,
      "y": 0.5
    },
    "meshType": 0
  }
}