{
  "__type__": "cc.SpriteFrame",
  "content": {
    "name": "1_28",
    "atlas": "",
    "rect": {
      "x": 45,
      "y": 49,
      "width": 145,
      "height": 152
    },
    "offset": {
      "x": 7.5,
      "y": -15
    },
    "originalSize": {
      "width": 220,
      "height": 220
    },
    "rotated": false,
    "capInsets": [
      0,
      0,
      0,
      0
    ],
    "vertices": {
      "rawPosition": [
        -72.5,
        -76,
        0,
        72.5,
        -76,
        0,
        -72.5,
        76,
        0,
        72.5,
        76,
        0
      ],
      "indexes": [
        0,
        1,
        2,
        2,
        1,
        3
      ],
      "uv": [
        45,
        171,
        190,
        171,
        45,
        19,
        190,
        19
      ],
      "nuv": [
        0.20454545454545456,
        0.08636363636363636,
        0.8636363636363636,
        0.08636363636363636,
        0.20454545454545456,
        0.7772727272727272,
        0.8636363636363636,
        0.7772727272727272
      ],
      "minPos": {
        "x": -72.5,
        "y": -76,
        "z": 0
      },
      "maxPos": {
        "x": 72.5,
        "y": 76,
        "z": 0
      }
    },
    "texture": "f7120d65-1664-4039-8da0-2f2ff16bfe97@6c48a",
    "packable": true,
    "pixelsToUnit": 100,
    "pivot": {
      "x": 0.5,
      "y": 0.5
    },
    "meshType": 0
  }
}