{
  "__type__": "cc.SpriteFrame",
  "content": {
    "name": "move_11",
    "atlas": "",
    "rect": {
      "x": 45,
      "y": 27,
      "width": 56,
      "height": 157
    },
    "offset": {
      "x": 5.5,
      "y": -8
    },
    "originalSize": {
      "width": 135,
      "height": 195
    },
    "rotated": false,
    "capInsets": [
      0,
      0,
      0,
      0
    ],
    "vertices": {
      "rawPosition": [
        -28,
        -78.5,
        0,
        28,
        -78.5,
        0,
        -28,
        78.5,
        0,
        28,
        78.5,
        0
      ],
      "indexes": [
        0,
        1,
        2,
        2,
        1,
        3
      ],
      "uv": [
        45,
        168,
        101,
        168,
        45,
        11,
        101,
        11
      ],
      "nuv": [
        0.3333333333333333,
        0.05641025641025641,
        0.7481481481481481,
        0.05641025641025641,
        0.3333333333333333,
        0.8615384615384616,
        0.7481481481481481,
        0.8615384615384616
      ],
      "minPos": {
        "x": -28,
        "y": -78.5,
        "z": 0
      },
      "maxPos": {
        "x": 28,
        "y": 78.5,
        "z": 0
      }
    },
    "texture": "f749df6e-000d-42d5-8b39-4e725434a6b4@6c48a",
    "packable": true,
    "pixelsToUnit": 100,
    "pivot": {
      "x": 0.5,
      "y": 0.5
    },
    "meshType": 0
  }
}