{
  "__type__": "cc.SpriteFrame",
  "content": {
    "name": "1_04",
    "atlas": "",
    "rect": {
      "x": 40,
      "y": 39,
      "width": 134,
      "height": 166
    },
    "offset": {
      "x": -3,
      "y": -12
    },
    "originalSize": {
      "width": 220,
      "height": 220
    },
    "rotated": false,
    "capInsets": [
      0,
      0,
      0,
      0
    ],
    "vertices": {
      "rawPosition": [
        -67,
        -83,
        0,
        67,
        -83,
        0,
        -67,
        83,
        0,
        67,
        83,
        0
      ],
      "indexes": [
        0,
        1,
        2,
        2,
        1,
        3
      ],
      "uv": [
        40,
        181,
        174,
        181,
        40,
        15,
        174,
        15
      ],
      "nuv": [
        0.18181818181818182,
        0.06818181818181818,
        0.7909090909090909,
        0.06818181818181818,
        0.18181818181818182,
        0.8227272727272728,
        0.7909090909090909,
        0.8227272727272728
      ],
      "minPos": {
        "x": -67,
        "y": -83,
        "z": 0
      },
      "maxPos": {
        "x": 67,
        "y": 83,
        "z": 0
      }
    },
    "texture": "f7a2e20c-32e3-4e71-a677-3445e81d0aa7@6c48a",
    "packable": true,
    "pixelsToUnit": 100,
    "pivot": {
      "x": 0.5,
      "y": 0.5
    },
    "meshType": 0
  }
}