{
  "__type__": "cc.SpriteFrame",
  "content": {
    "name": "sit_idle_11",
    "atlas": "",
    "rect": {
      "x": 30,
      "y": 46,
      "width": 63,
      "height": 136
    },
    "offset": {
      "x": -6,
      "y": -16.5
    },
    "originalSize": {
      "width": 135,
      "height": 195
    },
    "rotated": false,
    "capInsets": [
      0,
      0,
      0,
      0
    ],
    "vertices": {
      "rawPosition": [
        -31.5,
        -68,
        0,
        31.5,
        -68,
        0,
        -31.5,
        68,
        0,
        31.5,
        68,
        0
      ],
      "indexes": [
        0,
        1,
        2,
        2,
        1,
        3
      ],
      "uv": [
        30,
        149,
        93,
        149,
        30,
        13,
        93,
        13
      ],
      "nuv": [
        0.2222222222222222,
        0.06666666666666667,
        0.6888888888888889,
        0.06666666666666667,
        0.2222222222222222,
        0.764102564102564,
        0.6888888888888889,
        0.764102564102564
      ],
      "minPos": {
        "x": -31.5,
        "y": -68,
        "z": 0
      },
      "maxPos": {
        "x": 31.5,
        "y": 68,
        "z": 0
      }
    },
    "texture": "f7bcb616-220a-4429-aafc-9fa705a57939@6c48a",
    "packable": true,
    "pixelsToUnit": 100,
    "pivot": {
      "x": 0.5,
      "y": 0.5
    },
    "meshType": 0
  }
}