{
  "__type__": "cc.SpriteFrame",
  "content": {
    "name": "sit_01",
    "atlas": "",
    "rect": {
      "x": 41,
      "y": 26,
      "width": 51,
      "height": 159
    },
    "offset": {
      "x": 6.5,
      "y": -8
    },
    "originalSize": {
      "width": 120,
      "height": 195
    },
    "rotated": false,
    "capInsets": [
      0,
      0,
      0,
      0
    ],
    "vertices": {
      "rawPosition": [
        -25.5,
        -79.5,
        0,
        25.5,
        -79.5,
        0,
        -25.5,
        79.5,
        0,
        25.5,
        79.5,
        0
      ],
      "indexes": [
        0,
        1,
        2,
        2,
        1,
        3
      ],
      "uv": [
        41,
        169,
        92,
        169,
        41,
        10,
        92,
        10
      ],
      "nuv": [
        0.3416666666666667,
        0.05128205128205128,
        0.7666666666666667,
        0.05128205128205128,
        0.3416666666666667,
        0.8666666666666667,
        0.7666666666666667,
        0.8666666666666667
      ],
      "minPos": {
        "x": -25.5,
        "y": -79.5,
        "z": 0
      },
      "maxPos": {
        "x": 25.5,
        "y": 79.5,
        "z": 0
      }
    },
    "texture": "f7c41512-34b1-4d20-b36d-453270ba756d@6c48a",
    "packable": true,
    "pixelsToUnit": 100,
    "pivot": {
      "x": 0.5,
      "y": 0.5
    },
    "meshType": 0
  }
}