{
  "__type__": "cc.SpriteFrame",
  "content": {
    "name": "1_14",
    "atlas": "",
    "rect": {
      "x": 56,
      "y": 50,
      "width": 138,
      "height": 158
    },
    "offset": {
      "x": 15,
      "y": -19
    },
    "originalSize": {
      "width": 220,
      "height": 220
    },
    "rotated": false,
    "capInsets": [
      0,
      0,
      0,
      0
    ],
    "vertices": {
      "rawPosition": [
        -69,
        -79,
        0,
        69,
        -79,
        0,
        -69,
        79,
        0,
        69,
        79,
        0
      ],
      "indexes": [
        0,
        1,
        2,
        2,
        1,
        3
      ],
      "uv": [
        56,
        170,
        194,
        170,
        56,
        12,
        194,
        12
      ],
      "nuv": [
        0.2545454545454545,
        0.05454545454545454,
        0.8818181818181818,
        0.05454545454545454,
        0.2545454545454545,
        0.7727272727272727,
        0.8818181818181818,
        0.7727272727272727
      ],
      "minPos": {
        "x": -69,
        "y": -79,
        "z": 0
      },
      "maxPos": {
        "x": 69,
        "y": 79,
        "z": 0
      }
    },
    "texture": "f7d399b4-0830-4ee1-b78b-e4edc5e8c034@6c48a",
    "packable": true,
    "pixelsToUnit": 100,
    "pivot": {
      "x": 0.5,
      "y": 0.5
    },
    "meshType": 0
  }
}