{
  "__type__": "cc.SpriteFrame",
  "content": {
    "name": "1_09",
    "atlas": "",
    "rect": {
      "x": 42,
      "y": 45,
      "width": 143,
      "height": 154
    },
    "offset": {
      "x": 3.5,
      "y": -12
    },
    "originalSize": {
      "width": 220,
      "height": 220
    },
    "rotated": false,
    "capInsets": [
      0,
      0,
      0,
      0
    ],
    "vertices": {
      "rawPosition": [
        -71.5,
        -77,
        0,
        71.5,
        -77,
        0,
        -71.5,
        77,
        0,
        71.5,
        77,
        0
      ],
      "indexes": [
        0,
        1,
        2,
        2,
        1,
        3
      ],
      "uv": [
        42,
        175,
        185,
        175,
        42,
        21,
        185,
        21
      ],
      "nuv": [
        0.19090909090909092,
        0.09545454545454546,
        0.8409090909090909,
        0.09545454545454546,
        0.19090909090909092,
        0.7954545454545454,
        0.8409090909090909,
        0.7954545454545454
      ],
      "minPos": {
        "x": -71.5,
        "y": -77,
        "z": 0
      },
      "maxPos": {
        "x": 71.5,
        "y": 77,
        "z": 0
      }
    },
    "texture": "f7d49ceb-e87f-4b6b-bb96-94649728e360@6c48a",
    "packable": true,
    "pixelsToUnit": 100,
    "pivot": {
      "x": 0.5,
      "y": 0.5
    },
    "meshType": 0
  }
}