{
  "__type__": "cc.SpriteFrame",
  "content": {
    "name": "0028",
    "atlas": "",
    "rect": {
      "x": 21,
      "y": 37,
      "width": 108,
      "height": 62
    },
    "offset": {
      "x": 0,
      "y": 7
    },
    "originalSize": {
      "width": 150,
      "height": 150
    },
    "rotated": false,
    "capInsets": [
      0,
      0,
      0,
      0
    ],
    "vertices": {
      "rawPosition": [
        -54,
        -31,
        0,
        54,
        -31,
        0,
        -54,
        31,
        0,
        54,
        31,
        0
      ],
      "indexes": [
        0,
        1,
        2,
        2,
        1,
        3
      ],
      "uv": [
        21,
        113,
        129,
        113,
        21,
        51,
        129,
        51
      ],
      "nuv": [
        0.14,
        0.34,
        0.86,
        0.34,
        0.14,
        0.7533333333333333,
        0.86,
        0.7533333333333333
      ],
      "minPos": {
        "x": -54,
        "y": -31,
        "z": 0
      },
      "maxPos": {
        "x": 54,
        "y": 31,
        "z": 0
      }
    },
    "texture": "960b5650-b05e-4f85-ab92-3f4cd144f5eb@6c48a",
    "packable": true,
    "pixelsToUnit": 100,
    "pivot": {
      "x": 0.5,
      "y": 0.5
    },
    "meshType": 0
  }
}