{
  "__type__": "cc.SpriteFrame",
  "content": {
    "name": "idle_21",
    "atlas": "",
    "rect": {
      "x": 42,
      "y": 22,
      "width": 54,
      "height": 162
    },
    "offset": {
      "x": 9,
      "y": -5.5
    },
    "originalSize": {
      "width": 120,
      "height": 195
    },
    "rotated": false,
    "capInsets": [
      0,
      0,
      0,
      0
    ],
    "vertices": {
      "rawPosition": [
        -27,
        -81,
        0,
        27,
        -81,
        0,
        -27,
        81,
        0,
        27,
        81,
        0
      ],
      "indexes": [
        0,
        1,
        2,
        2,
        1,
        3
      ],
      "uv": [
        42,
        173,
        96,
        173,
        42,
        11,
        96,
        11
      ],
      "nuv": [
        0.35,
        0.05641025641025641,
        0.8,
        0.05641025641025641,
        0.35,
        0.8871794871794871,
        0.8,
        0.8871794871794871
      ],
      "minPos": {
        "x": -27,
        "y": -81,
        "z": 0
      },
      "maxPos": {
        "x": 27,
        "y": 81,
        "z": 0
      }
    },
    "texture": "963f8016-5038-42aa-9742-e3ed1988ef3c@6c48a",
    "packable": true,
    "pixelsToUnit": 100,
    "pivot": {
      "x": 0.5,
      "y": 0.5
    },
    "meshType": 0
  }
}