{
  "__type__": "cc.SpriteFrame",
  "content": {
    "name": "1_141",
    "atlas": "",
    "rect": {
      "x": 79,
      "y": 76,
      "width": 246,
      "height": 225
    },
    "offset": {
      "x": 14.5,
      "y": -26.5
    },
    "originalSize": {
      "width": 375,
      "height": 324
    },
    "rotated": false,
    "capInsets": [
      0,
      0,
      0,
      0
    ],
    "vertices": {
      "rawPosition": [
        -123,
        -112.5,
        0,
        123,
        -112.5,
        0,
        -123,
        112.5,
        0,
        123,
        112.5,
        0
      ],
      "indexes": [
        0,
        1,
        2,
        2,
        1,
        3
      ],
      "uv": [
        79,
        248,
        325,
        248,
        79,
        23,
        325,
        23
      ],
      "nuv": [
        0.21066666666666667,
        0.07098765432098765,
        0.8666666666666667,
        0.07098765432098765,
        0.21066666666666667,
        0.7654320987654321,
        0.8666666666666667,
        0.7654320987654321
      ],
      "minPos": {
        "x": -123,
        "y": -112.5,
        "z": 0
      },
      "maxPos": {
        "x": 123,
        "y": 112.5,
        "z": 0
      }
    },
    "texture": "9690c763-9e6c-4ff7-a842-011709622041@6c48a",
    "packable": true,
    "pixelsToUnit": 100,
    "pivot": {
      "x": 0.5,
      "y": 0.5
    },
    "meshType": 0
  }
}