{
  "__type__": "cc.SpriteFrame",
  "content": {
    "name": "sit2_02",
    "atlas": "",
    "rect": {
      "x": 39,
      "y": 30,
      "width": 51,
      "height": 156
    },
    "offset": {
      "x": -3,
      "y": -10.5
    },
    "originalSize": {
      "width": 135,
      "height": 195
    },
    "rotated": false,
    "capInsets": [
      0,
      0,
      0,
      0
    ],
    "vertices": {
      "rawPosition": [
        -25.5,
        -78,
        0,
        25.5,
        -78,
        0,
        -25.5,
        78,
        0,
        25.5,
        78,
        0
      ],
      "indexes": [
        0,
        1,
        2,
        2,
        1,
        3
      ],
      "uv": [
        39,
        165,
        90,
        165,
        39,
        9,
        90,
        9
      ],
      "nuv": [
        0.28888888888888886,
        0.046153846153846156,
        0.6666666666666666,
        0.046153846153846156,
        0.28888888888888886,
        0.8461538461538461,
        0.6666666666666666,
        0.8461538461538461
      ],
      "minPos": {
        "x": -25.5,
        "y": -78,
        "z": 0
      },
      "maxPos": {
        "x": 25.5,
        "y": 78,
        "z": 0
      }
    },
    "texture": "96e222ec-e010-4456-aab3-d7e7eaf884d6@6c48a",
    "packable": true,
    "pixelsToUnit": 100,
    "pivot": {
      "x": 0.5,
      "y": 0.5
    },
    "meshType": 0
  }
}