{
  "__type__": "cc.SpriteFrame",
  "content": {
    "name": "idle_13",
    "atlas": "",
    "rect": {
      "x": 37,
      "y": 27,
      "width": 49,
      "height": 155
    },
    "offset": {
      "x": 1.5,
      "y": -7
    },
    "originalSize": {
      "width": 120,
      "height": 195
    },
    "rotated": false,
    "capInsets": [
      0,
      0,
      0,
      0
    ],
    "vertices": {
      "rawPosition": [
        -24.5,
        -77.5,
        0,
        24.5,
        -77.5,
        0,
        -24.5,
        77.5,
        0,
        24.5,
        77.5,
        0
      ],
      "indexes": [
        0,
        1,
        2,
        2,
        1,
        3
      ],
      "uv": [
        37,
        168,
        86,
        168,
        37,
        13,
        86,
        13
      ],
      "nuv": [
        0.30833333333333335,
        0.06666666666666667,
        0.7166666666666667,
        0.06666666666666667,
        0.30833333333333335,
        0.8615384615384616,
        0.7166666666666667,
        0.8615384615384616
      ],
      "minPos": {
        "x": -24.5,
        "y": -77.5,
        "z": 0
      },
      "maxPos": {
        "x": 24.5,
        "y": 77.5,
        "z": 0
      }
    },
    "texture": "96fd368d-3ff8-4260-a967-42f7afb970e2@6c48a",
    "packable": true,
    "pixelsToUnit": 100,
    "pivot": {
      "x": 0.5,
      "y": 0.5
    },
    "meshType": 0
  }
}