{
  "__type__": "cc.SpriteFrame",
  "content": {
    "name": "sit_05",
    "atlas": "",
    "rect": {
      "x": 35,
      "y": 47,
      "width": 54,
      "height": 136
    },
    "offset": {
      "x": 2,
      "y": -17.5
    },
    "originalSize": {
      "width": 120,
      "height": 195
    },
    "rotated": false,
    "capInsets": [
      0,
      0,
      0,
      0
    ],
    "vertices": {
      "rawPosition": [
        -27,
        -68,
        0,
        27,
        -68,
        0,
        -27,
        68,
        0,
        27,
        68,
        0
      ],
      "indexes": [
        0,
        1,
        2,
        2,
        1,
        3
      ],
      "uv": [
        35,
        148,
        89,
        148,
        35,
        12,
        89,
        12
      ],
      "nuv": [
        0.2916666666666667,
        0.06153846153846154,
        0.7416666666666667,
        0.06153846153846154,
        0.2916666666666667,
        0.7589743589743589,
        0.7416666666666667,
        0.7589743589743589
      ],
      "minPos": {
        "x": -27,
        "y": -68,
        "z": 0
      },
      "maxPos": {
        "x": 27,
        "y": 68,
        "z": 0
      }
    },
    "texture": "53a042f7-5b45-44e4-9c1e-fecdccccf76a@6c48a",
    "packable": true,
    "pixelsToUnit": 100,
    "pivot": {
      "x": 0.5,
      "y": 0.5
    },
    "meshType": 0
  }
}