{
  "__type__": "cc.SpriteFrame",
  "content": {
    "name": "sit2_03",
    "atlas": "",
    "rect": {
      "x": 38,
      "y": 35,
      "width": 50,
      "height": 147
    },
    "offset": {
      "x": 3,
      "y": -11
    },
    "originalSize": {
      "width": 120,
      "height": 195
    },
    "rotated": false,
    "capInsets": [
      0,
      0,
      0,
      0
    ],
    "vertices": {
      "rawPosition": [
        -25,
        -73.5,
        0,
        25,
        -73.5,
        0,
        -25,
        73.5,
        0,
        25,
        73.5,
        0
      ],
      "indexes": [
        0,
        1,
        2,
        2,
        1,
        3
      ],
      "uv": [
        38,
        160,
        88,
        160,
        38,
        13,
        88,
        13
      ],
      "nuv": [
        0.31666666666666665,
        0.06666666666666667,
        0.7333333333333333,
        0.06666666666666667,
        0.31666666666666665,
        0.8205128205128205,
        0.7333333333333333,
        0.8205128205128205
      ],
      "minPos": {
        "x": -25,
        "y": -73.5,
        "z": 0
      },
      "maxPos": {
        "x": 25,
        "y": 73.5,
        "z": 0
      }
    },
    "texture": "53b4ee09-1df1-4d63-bd0e-4c123c0e05fc@6c48a",
    "packable": true,
    "pixelsToUnit": 100,
    "pivot": {
      "x": 0.5,
      "y": 0.5
    },
    "meshType": 0
  }
}