{
  "__type__": "cc.SpriteFrame",
  "content": {
    "name": "move_08",
    "atlas": "",
    "rect": {
      "x": 38,
      "y": 31,
      "width": 49,
      "height": 151
    },
    "offset": {
      "x": 2.5,
      "y": -9
    },
    "originalSize": {
      "width": 120,
      "height": 195
    },
    "rotated": false,
    "capInsets": [
      0,
      0,
      0,
      0
    ],
    "vertices": {
      "rawPosition": [
        -24.5,
        -75.5,
        0,
        24.5,
        -75.5,
        0,
        -24.5,
        75.5,
        0,
        24.5,
        75.5,
        0
      ],
      "indexes": [
        0,
        1,
        2,
        2,
        1,
        3
      ],
      "uv": [
        38,
        164,
        87,
        164,
        38,
        13,
        87,
        13
      ],
      "nuv": [
        0.31666666666666665,
        0.06666666666666667,
        0.725,
        0.06666666666666667,
        0.31666666666666665,
        0.841025641025641,
        0.725,
        0.841025641025641
      ],
      "minPos": {
        "x": -24.5,
        "y": -75.5,
        "z": 0
      },
      "maxPos": {
        "x": 24.5,
        "y": 75.5,
        "z": 0
      }
    },
    "texture": "53e8fd65-e07a-4df0-83fe-1bafdf0c9153@6c48a",
    "packable": true,
    "pixelsToUnit": 100,
    "pivot": {
      "x": 0.5,
      "y": 0.5
    },
    "meshType": 0
  }
}