{
  "__type__": "cc.SpriteFrame",
  "content": {
    "name": "1_23",
    "atlas": "",
    "rect": {
      "x": 69,
      "y": 46,
      "width": 132,
      "height": 159
    },
    "offset": {
      "x": 25,
      "y": -15.5
    },
    "originalSize": {
      "width": 220,
      "height": 220
    },
    "rotated": false,
    "capInsets": [
      0,
      0,
      0,
      0
    ],
    "vertices": {
      "rawPosition": [
        -66,
        -79.5,
        0,
        66,
        -79.5,
        0,
        -66,
        79.5,
        0,
        66,
        79.5,
        0
      ],
      "indexes": [
        0,
        1,
        2,
        2,
        1,
        3
      ],
      "uv": [
        69,
        174,
        201,
        174,
        69,
        15,
        201,
        15
      ],
      "nuv": [
        0.31363636363636366,
        0.06818181818181818,
        0.9136363636363637,
        0.06818181818181818,
        0.31363636363636366,
        0.7909090909090909,
        0.9136363636363637,
        0.7909090909090909
      ],
      "minPos": {
        "x": -66,
        "y": -79.5,
        "z": 0
      },
      "maxPos": {
        "x": 66,
        "y": 79.5,
        "z": 0
      }
    },
    "texture": "d32422d4-13de-4a80-ad2f-bd7d58c99bd6@6c48a",
    "packable": true,
    "pixelsToUnit": 100,
    "pivot": {
      "x": 0.5,
      "y": 0.5
    },
    "meshType": 0
  }
}