{
  "__type__": "cc.SpriteFrame",
  "content": {
    "name": "1_28",
    "atlas": "",
    "rect": {
      "x": 50,
      "y": 48,
      "width": 151,
      "height": 160
    },
    "offset": {
      "x": 15.5,
      "y": -18
    },
    "originalSize": {
      "width": 220,
      "height": 220
    },
    "rotated": false,
    "capInsets": [
      0,
      0,
      0,
      0
    ],
    "vertices": {
      "rawPosition": [
        -75.5,
        -80,
        0,
        75.5,
        -80,
        0,
        -75.5,
        80,
        0,
        75.5,
        80,
        0
      ],
      "indexes": [
        0,
        1,
        2,
        2,
        1,
        3
      ],
      "uv": [
        50,
        172,
        201,
        172,
        50,
        12,
        201,
        12
      ],
      "nuv": [
        0.22727272727272727,
        0.05454545454545454,
        0.9136363636363637,
        0.05454545454545454,
        0.22727272727272727,
        0.7818181818181819,
        0.9136363636363637,
        0.7818181818181819
      ],
      "minPos": {
        "x": -75.5,
        "y": -80,
        "z": 0
      },
      "maxPos": {
        "x": 75.5,
        "y": 80,
        "z": 0
      }
    },
    "texture": "d341c325-7635-4245-a974-70fb065640a8@6c48a",
    "packable": true,
    "pixelsToUnit": 100,
    "pivot": {
      "x": 0.5,
      "y": 0.5
    },
    "meshType": 0
  }
}