{
  "__type__": "cc.SpriteFrame",
  "content": {
    "name": "1_017",
    "atlas": "",
    "rect": {
      "x": 80,
      "y": 130,
      "width": 188,
      "height": 155
    },
    "offset": {
      "x": -13.5,
      "y": -45.5
    },
    "originalSize": {
      "width": 375,
      "height": 324
    },
    "rotated": false,
    "capInsets": [
      0,
      0,
      0,
      0
    ],
    "vertices": {
      "rawPosition": [
        -94,
        -77.5,
        0,
        94,
        -77.5,
        0,
        -94,
        77.5,
        0,
        94,
        77.5,
        0
      ],
      "indexes": [
        0,
        1,
        2,
        2,
        1,
        3
      ],
      "uv": [
        80,
        194,
        268,
        194,
        80,
        39,
        268,
        39
      ],
      "nuv": [
        0.21333333333333335,
        0.12037037037037036,
        0.7146666666666667,
        0.12037037037037036,
        0.21333333333333335,
        0.5987654320987654,
        0.7146666666666667,
        0.5987654320987654
      ],
      "minPos": {
        "x": -94,
        "y": -77.5,
        "z": 0
      },
      "maxPos": {
        "x": 94,
        "y": 77.5,
        "z": 0
      }
    },
    "texture": "d36008b2-f445-4517-91cf-a0627f9276eb@6c48a",
    "packable": true,
    "pixelsToUnit": 100,
    "pivot": {
      "x": 0.5,
      "y": 0.5
    },
    "meshType": 0
  }
}