{
  "__type__": "cc.SpriteFrame",
  "content": {
    "name": "1_22",
    "atlas": "",
    "rect": {
      "x": 55,
      "y": 59,
      "width": 130,
      "height": 138
    },
    "offset": {
      "x": 10,
      "y": -18
    },
    "originalSize": {
      "width": 220,
      "height": 220
    },
    "rotated": false,
    "capInsets": [
      0,
      0,
      0,
      0
    ],
    "vertices": {
      "rawPosition": [
        -65,
        -69,
        0,
        65,
        -69,
        0,
        -65,
        69,
        0,
        65,
        69,
        0
      ],
      "indexes": [
        0,
        1,
        2,
        2,
        1,
        3
      ],
      "uv": [
        55,
        161,
        185,
        161,
        55,
        23,
        185,
        23
      ],
      "nuv": [
        0.25,
        0.10454545454545454,
        0.8409090909090909,
        0.10454545454545454,
        0.25,
        0.7318181818181818,
        0.8409090909090909,
        0.7318181818181818
      ],
      "minPos": {
        "x": -65,
        "y": -69,
        "z": 0
      },
      "maxPos": {
        "x": 65,
        "y": 69,
        "z": 0
      }
    },
    "texture": "d368e114-5bec-4835-a3d1-192046ac7f64@6c48a",
    "packable": true,
    "pixelsToUnit": 100,
    "pivot": {
      "x": 0.5,
      "y": 0.5
    },
    "meshType": 0
  }
}