{
  "__type__": "cc.SpriteFrame",
  "content": {
    "name": "1_09",
    "atlas": "",
    "rect": {
      "x": 45,
      "y": 47,
      "width": 141,
      "height": 154
    },
    "offset": {
      "x": 5.5,
      "y": -14
    },
    "originalSize": {
      "width": 220,
      "height": 220
    },
    "rotated": false,
    "capInsets": [
      0,
      0,
      0,
      0
    ],
    "vertices": {
      "rawPosition": [
        -70.5,
        -77,
        0,
        70.5,
        -77,
        0,
        -70.5,
        77,
        0,
        70.5,
        77,
        0
      ],
      "indexes": [
        0,
        1,
        2,
        2,
        1,
        3
      ],
      "uv": [
        45,
        173,
        186,
        173,
        45,
        19,
        186,
        19
      ],
      "nuv": [
        0.20454545454545456,
        0.08636363636363636,
        0.8454545454545455,
        0.08636363636363636,
        0.20454545454545456,
        0.7863636363636364,
        0.8454545454545455,
        0.7863636363636364
      ],
      "minPos": {
        "x": -70.5,
        "y": -77,
        "z": 0
      },
      "maxPos": {
        "x": 70.5,
        "y": 77,
        "z": 0
      }
    },
    "texture": "d3c9631d-5fd3-4294-a369-0287cdac23ca@6c48a",
    "packable": true,
    "pixelsToUnit": 100,
    "pivot": {
      "x": 0.5,
      "y": 0.5
    },
    "meshType": 0
  }
}