{
  "__type__": "cc.SpriteFrame",
  "content": {
    "name": "move_21",
    "atlas": "",
    "rect": {
      "x": 41,
      "y": 25,
      "width": 56,
      "height": 159
    },
    "offset": {
      "x": 9,
      "y": -7
    },
    "originalSize": {
      "width": 120,
      "height": 195
    },
    "rotated": false,
    "capInsets": [
      0,
      0,
      0,
      0
    ],
    "vertices": {
      "rawPosition": [
        -28,
        -79.5,
        0,
        28,
        -79.5,
        0,
        -28,
        79.5,
        0,
        28,
        79.5,
        0
      ],
      "indexes": [
        0,
        1,
        2,
        2,
        1,
        3
      ],
      "uv": [
        41,
        170,
        97,
        170,
        41,
        11,
        97,
        11
      ],
      "nuv": [
        0.3416666666666667,
        0.05641025641025641,
        0.8083333333333333,
        0.05641025641025641,
        0.3416666666666667,
        0.8717948717948718,
        0.8083333333333333,
        0.8717948717948718
      ],
      "minPos": {
        "x": -28,
        "y": -79.5,
        "z": 0
      },
      "maxPos": {
        "x": 28,
        "y": 79.5,
        "z": 0
      }
    },
    "texture": "440b4a68-5cf0-4284-93b4-e68b6bbb1b4f@6c48a",
    "packable": true,
    "pixelsToUnit": 100,
    "pivot": {
      "x": 0.5,
      "y": 0.5
    },
    "meshType": 0
  }
}