{
  "__type__": "cc.SpriteFrame",
  "content": {
    "name": "1_08",
    "atlas": "",
    "rect": {
      "x": 38,
      "y": 42,
      "width": 138,
      "height": 163
    },
    "offset": {
      "x": -3,
      "y": -13.5
    },
    "originalSize": {
      "width": 220,
      "height": 220
    },
    "rotated": false,
    "capInsets": [
      0,
      0,
      0,
      0
    ],
    "vertices": {
      "rawPosition": [
        -69,
        -81.5,
        0,
        69,
        -81.5,
        0,
        -69,
        81.5,
        0,
        69,
        81.5,
        0
      ],
      "indexes": [
        0,
        1,
        2,
        2,
        1,
        3
      ],
      "uv": [
        38,
        178,
        176,
        178,
        38,
        15,
        176,
        15
      ],
      "nuv": [
        0.17272727272727273,
        0.06818181818181818,
        0.8,
        0.06818181818181818,
        0.17272727272727273,
        0.8090909090909091,
        0.8,
        0.8090909090909091
      ],
      "minPos": {
        "x": -69,
        "y": -81.5,
        "z": 0
      },
      "maxPos": {
        "x": 69,
        "y": 81.5,
        "z": 0
      }
    },
    "texture": "44639a43-0733-46ec-8677-beb950803d95@6c48a",
    "packable": true,
    "pixelsToUnit": 100,
    "pivot": {
      "x": 0.5,
      "y": 0.5
    },
    "meshType": 0
  }
}