{
  "__type__": "cc.SpriteFrame",
  "content": {
    "name": "1_21",
    "atlas": "",
    "rect": {
      "x": 67,
      "y": 52,
      "width": 126,
      "height": 153
    },
    "offset": {
      "x": 20,
      "y": -18.5
    },
    "originalSize": {
      "width": 220,
      "height": 220
    },
    "rotated": false,
    "capInsets": [
      0,
      0,
      0,
      0
    ],
    "vertices": {
      "rawPosition": [
        -63,
        -76.5,
        0,
        63,
        -76.5,
        0,
        -63,
        76.5,
        0,
        63,
        76.5,
        0
      ],
      "indexes": [
        0,
        1,
        2,
        2,
        1,
        3
      ],
      "uv": [
        67,
        168,
        193,
        168,
        67,
        15,
        193,
        15
      ],
      "nuv": [
        0.30454545454545456,
        0.06818181818181818,
        0.8772727272727273,
        0.06818181818181818,
        0.30454545454545456,
        0.7636363636363637,
        0.8772727272727273,
        0.7636363636363637
      ],
      "minPos": {
        "x": -63,
        "y": -76.5,
        "z": 0
      },
      "maxPos": {
        "x": 63,
        "y": 76.5,
        "z": 0
      }
    },
    "texture": "4481b115-8b2e-4d6a-9668-f42a81b3910e@6c48a",
    "packable": true,
    "pixelsToUnit": 100,
    "pivot": {
      "x": 0.5,
      "y": 0.5
    },
    "meshType": 0
  }
}