{
  "__type__": "cc.SpriteFrame",
  "content": {
    "name": "tongyong",
    "atlas": "",
    "rect": {
      "x": 0,
      "y": 0,
      "width": 2031,
      "height": 1595
    },
    "offset": {
      "x": -1.5,
      "y": 0
    },
    "originalSize": {
      "width": 2034,
      "height": 1595
    },
    "rotated": false,
    "capInsets": [
      0,
      0,
      0,
      0
    ],
    "vertices": {
      "rawPosition": [
        -1015.5,
        -797.5,
        0,
        1015.5,
        -797.5,
        0,
        -1015.5,
        797.5,
        0,
        1015.5,
        797.5,
        0
      ],
      "indexes": [
        0,
        1,
        2,
        2,
        1,
        3
      ],
      "uv": [
        0,
        1595,
        2031,
        1595,
        0,
        0,
        2031,
        0
      ],
      "nuv": [
        0,
        0,
        0.9985250737463127,
        0,
        0,
        1,
        0.9985250737463127,
        1
      ],
      "minPos": {
        "x": -1015.5,
        "y": -797.5,
        "z": 0
      },
      "maxPos": {
        "x": 1015.5,
        "y": 797.5,
        "z": 0
      }
    },
    "texture": "449c063a-9680-4864-82df-98066744f935@6c48a",
    "packable": true,
    "pixelsToUnit": 100,
    "pivot": {
      "x": 0.5,
      "y": 0.5
    },
    "meshType": 0
  }
}