{
  "__type__": "cc.SpriteFrame",
  "content": {
    "name": "1_097",
    "atlas": "",
    "rect": {
      "x": 79,
      "y": 79,
      "width": 243,
      "height": 222
    },
    "offset": {
      "x": 13,
      "y": -28
    },
    "originalSize": {
      "width": 375,
      "height": 324
    },
    "rotated": false,
    "capInsets": [
      0,
      0,
      0,
      0
    ],
    "vertices": {
      "rawPosition": [
        -121.5,
        -111,
        0,
        121.5,
        -111,
        0,
        -121.5,
        111,
        0,
        121.5,
        111,
        0
      ],
      "indexes": [
        0,
        1,
        2,
        2,
        1,
        3
      ],
      "uv": [
        79,
        245,
        322,
        245,
        79,
        23,
        322,
        23
      ],
      "nuv": [
        0.21066666666666667,
        0.07098765432098765,
        0.8586666666666667,
        0.07098765432098765,
        0.21066666666666667,
        0.7561728395061729,
        0.8586666666666667,
        0.7561728395061729
      ],
      "minPos": {
        "x": -121.5,
        "y": -111,
        "z": 0
      },
      "maxPos": {
        "x": 121.5,
        "y": 111,
        "z": 0
      }
    },
    "texture": "44d1d93c-3328-438c-bba0-72e39ffbd05b@6c48a",
    "packable": true,
    "pixelsToUnit": 100,
    "pivot": {
      "x": 0.5,
      "y": 0.5
    },
    "meshType": 0
  }
}