{
  "__type__": "cc.SpriteFrame",
  "content": {
    "name": "sit2_04",
    "atlas": "",
    "rect": {
      "x": 24,
      "y": 36,
      "width": 55,
      "height": 148
    },
    "offset": {
      "x": -8.5,
      "y": -12.5
    },
    "originalSize": {
      "width": 120,
      "height": 195
    },
    "rotated": false,
    "capInsets": [
      0,
      0,
      0,
      0
    ],
    "vertices": {
      "rawPosition": [
        -27.5,
        -74,
        0,
        27.5,
        -74,
        0,
        -27.5,
        74,
        0,
        27.5,
        74,
        0
      ],
      "indexes": [
        0,
        1,
        2,
        2,
        1,
        3
      ],
      "uv": [
        24,
        159,
        79,
        159,
        24,
        11,
        79,
        11
      ],
      "nuv": [
        0.2,
        0.05641025641025641,
        0.6583333333333333,
        0.05641025641025641,
        0.2,
        0.8153846153846154,
        0.6583333333333333,
        0.8153846153846154
      ],
      "minPos": {
        "x": -27.5,
        "y": -74,
        "z": 0
      },
      "maxPos": {
        "x": 27.5,
        "y": 74,
        "z": 0
      }
    },
    "texture": "f95ba4b1-6b32-4597-b10f-e0a282216521@6c48a",
    "packable": true,
    "pixelsToUnit": 100,
    "pivot": {
      "x": 0.5,
      "y": 0.5
    },
    "meshType": 0
  }
}