{
  "__type__": "cc.SpriteFrame",
  "content": {
    "name": "1_56",
    "atlas": "",
    "rect": {
      "x": 22,
      "y": 34,
      "width": 137,
      "height": 167
    },
    "offset": {
      "x": -19.5,
      "y": -7.5
    },
    "originalSize": {
      "width": 220,
      "height": 220
    },
    "rotated": false,
    "capInsets": [
      0,
      0,
      0,
      0
    ],
    "vertices": {
      "rawPosition": [
        -68.5,
        -83.5,
        0,
        68.5,
        -83.5,
        0,
        -68.5,
        83.5,
        0,
        68.5,
        83.5,
        0
      ],
      "indexes": [
        0,
        1,
        2,
        2,
        1,
        3
      ],
      "uv": [
        22,
        186,
        159,
        186,
        22,
        19,
        159,
        19
      ],
      "nuv": [
        0.1,
        0.08636363636363636,
        0.7227272727272728,
        0.08636363636363636,
        0.1,
        0.8454545454545455,
        0.7227272727272728,
        0.8454545454545455
      ],
      "minPos": {
        "x": -68.5,
        "y": -83.5,
        "z": 0
      },
      "maxPos": {
        "x": 68.5,
        "y": 83.5,
        "z": 0
      }
    },
    "texture": "f9c89caa-3561-4833-adb6-f326cf68e4b4@6c48a",
    "packable": true,
    "pixelsToUnit": 100,
    "pivot": {
      "x": 0.5,
      "y": 0.5
    },
    "meshType": 0
  }
}