{
  "__type__": "cc.SpriteFrame",
  "content": {
    "name": "1_16",
    "atlas": "",
    "rect": {
      "x": 44,
      "y": 47,
      "width": 143,
      "height": 159
    },
    "offset": {
      "x": 5.5,
      "y": -16.5
    },
    "originalSize": {
      "width": 220,
      "height": 220
    },
    "rotated": false,
    "capInsets": [
      0,
      0,
      0,
      0
    ],
    "vertices": {
      "rawPosition": [
        -71.5,
        -79.5,
        0,
        71.5,
        -79.5,
        0,
        -71.5,
        79.5,
        0,
        71.5,
        79.5,
        0
      ],
      "indexes": [
        0,
        1,
        2,
        2,
        1,
        3
      ],
      "uv": [
        44,
        173,
        187,
        173,
        44,
        14,
        187,
        14
      ],
      "nuv": [
        0.2,
        0.06363636363636363,
        0.85,
        0.06363636363636363,
        0.2,
        0.7863636363636364,
        0.85,
        0.7863636363636364
      ],
      "minPos": {
        "x": -71.5,
        "y": -79.5,
        "z": 0
      },
      "maxPos": {
        "x": 71.5,
        "y": 79.5,
        "z": 0
      }
    },
    "texture": "f9eb477e-3569-4b19-b7f2-6545d3b8a0ab@6c48a",
    "packable": true,
    "pixelsToUnit": 100,
    "pivot": {
      "x": 0.5,
      "y": 0.5
    },
    "meshType": 0
  }
}