{
  "__type__": "cc.SpriteFrame",
  "content": {
    "name": "1_40",
    "atlas": "",
    "rect": {
      "x": 38,
      "y": 49,
      "width": 139,
      "height": 153
    },
    "offset": {
      "x": -2.5,
      "y": -15.5
    },
    "originalSize": {
      "width": 220,
      "height": 220
    },
    "rotated": false,
    "capInsets": [
      0,
      0,
      0,
      0
    ],
    "vertices": {
      "rawPosition": [
        -69.5,
        -76.5,
        0,
        69.5,
        -76.5,
        0,
        -69.5,
        76.5,
        0,
        69.5,
        76.5,
        0
      ],
      "indexes": [
        0,
        1,
        2,
        2,
        1,
        3
      ],
      "uv": [
        38,
        171,
        177,
        171,
        38,
        18,
        177,
        18
      ],
      "nuv": [
        0.17272727272727273,
        0.08181818181818182,
        0.8045454545454546,
        0.08181818181818182,
        0.17272727272727273,
        0.7772727272727272,
        0.8045454545454546,
        0.7772727272727272
      ],
      "minPos": {
        "x": -69.5,
        "y": -76.5,
        "z": 0
      },
      "maxPos": {
        "x": 69.5,
        "y": 76.5,
        "z": 0
      }
    },
    "texture": "a200ff7d-441a-4c2b-995c-9403b0532b6b@6c48a",
    "packable": true,
    "pixelsToUnit": 100,
    "pivot": {
      "x": 0.5,
      "y": 0.5
    },
    "meshType": 0
  }
}