{
  "__type__": "cc.SpriteFrame",
  "content": {
    "name": "idle_19",
    "atlas": "",
    "rect": {
      "x": 37,
      "y": 28,
      "width": 49,
      "height": 154
    },
    "offset": {
      "x": 1.5,
      "y": -7.5
    },
    "originalSize": {
      "width": 120,
      "height": 195
    },
    "rotated": false,
    "capInsets": [
      0,
      0,
      0,
      0
    ],
    "vertices": {
      "rawPosition": [
        -24.5,
        -77,
        0,
        24.5,
        -77,
        0,
        -24.5,
        77,
        0,
        24.5,
        77,
        0
      ],
      "indexes": [
        0,
        1,
        2,
        2,
        1,
        3
      ],
      "uv": [
        37,
        167,
        86,
        167,
        37,
        13,
        86,
        13
      ],
      "nuv": [
        0.30833333333333335,
        0.06666666666666667,
        0.7166666666666667,
        0.06666666666666667,
        0.30833333333333335,
        0.8564102564102564,
        0.7166666666666667,
        0.8564102564102564
      ],
      "minPos": {
        "x": -24.5,
        "y": -77,
        "z": 0
      },
      "maxPos": {
        "x": 24.5,
        "y": 77,
        "z": 0
      }
    },
    "texture": "a23cc10e-1e2b-46a5-a803-6c41aef0d158@6c48a",
    "packable": true,
    "pixelsToUnit": 100,
    "pivot": {
      "x": 0.5,
      "y": 0.5
    },
    "meshType": 0
  }
}