{
  "__type__": "cc.SpriteFrame",
  "content": {
    "name": "1_09",
    "atlas": "",
    "rect": {
      "x": 91,
      "y": 222,
      "width": 104,
      "height": 98
    },
    "offset": {
      "x": 2.5,
      "y": -105.5
    },
    "originalSize": {
      "width": 281,
      "height": 331
    },
    "rotated": false,
    "capInsets": [
      0,
      0,
      0,
      0
    ],
    "vertices": {
      "rawPosition": [
        -52,
        -49,
        0,
        52,
        -49,
        0,
        -52,
        49,
        0,
        52,
        49,
        0
      ],
      "indexes": [
        0,
        1,
        2,
        2,
        1,
        3
      ],
      "uv": [
        91,
        109,
        195,
        109,
        91,
        11,
        195,
        11
      ],
      "nuv": [
        0.3238434163701068,
        0.03323262839879154,
        0.693950177935943,
        0.03323262839879154,
        0.3238434163701068,
        0.3293051359516616,
        0.693950177935943,
        0.3293051359516616
      ],
      "minPos": {
        "x": -52,
        "y": -49,
        "z": 0
      },
      "maxPos": {
        "x": 52,
        "y": 49,
        "z": 0
      }
    },
    "texture": "a252fb3e-0aa6-4e43-9fc8-5b2fe69a1e16@6c48a",
    "packable": true,
    "pixelsToUnit": 100,
    "pivot": {
      "x": 0.5,
      "y": 0.5
    },
    "meshType": 0
  }
}