{
  "__type__": "cc.SpriteFrame",
  "content": {
    "name": "1_14",
    "atlas": "",
    "rect": {
      "x": 45,
      "y": 47,
      "width": 139,
      "height": 154
    },
    "offset": {
      "x": 4.5,
      "y": -14
    },
    "originalSize": {
      "width": 220,
      "height": 220
    },
    "rotated": false,
    "capInsets": [
      0,
      0,
      0,
      0
    ],
    "vertices": {
      "rawPosition": [
        -69.5,
        -77,
        0,
        69.5,
        -77,
        0,
        -69.5,
        77,
        0,
        69.5,
        77,
        0
      ],
      "indexes": [
        0,
        1,
        2,
        2,
        1,
        3
      ],
      "uv": [
        45,
        173,
        184,
        173,
        45,
        19,
        184,
        19
      ],
      "nuv": [
        0.20454545454545456,
        0.08636363636363636,
        0.8363636363636363,
        0.08636363636363636,
        0.20454545454545456,
        0.7863636363636364,
        0.8363636363636363,
        0.7863636363636364
      ],
      "minPos": {
        "x": -69.5,
        "y": -77,
        "z": 0
      },
      "maxPos": {
        "x": 69.5,
        "y": 77,
        "z": 0
      }
    },
    "texture": "a2e2d5c6-6229-4c4c-8257-efc091517061@6c48a",
    "packable": true,
    "pixelsToUnit": 100,
    "pivot": {
      "x": 0.5,
      "y": 0.5
    },
    "meshType": 0
  }
}