{
  "__type__": "cc.SpriteFrame",
  "content": {
    "name": "idle_22",
    "atlas": "",
    "rect": {
      "x": 31,
      "y": 26,
      "width": 50,
      "height": 156
    },
    "offset": {
      "x": -4,
      "y": -6.5
    },
    "originalSize": {
      "width": 120,
      "height": 195
    },
    "rotated": false,
    "capInsets": [
      0,
      0,
      0,
      0
    ],
    "vertices": {
      "rawPosition": [
        -25,
        -78,
        0,
        25,
        -78,
        0,
        -25,
        78,
        0,
        25,
        78,
        0
      ],
      "indexes": [
        0,
        1,
        2,
        2,
        1,
        3
      ],
      "uv": [
        31,
        169,
        81,
        169,
        31,
        13,
        81,
        13
      ],
      "nuv": [
        0.25833333333333336,
        0.06666666666666667,
        0.675,
        0.06666666666666667,
        0.25833333333333336,
        0.8666666666666667,
        0.675,
        0.8666666666666667
      ],
      "minPos": {
        "x": -25,
        "y": -78,
        "z": 0
      },
      "maxPos": {
        "x": 25,
        "y": 78,
        "z": 0
      }
    },
    "texture": "2f235cef-e4a7-46cf-889e-c4aa30e2354c@6c48a",
    "packable": true,
    "pixelsToUnit": 100,
    "pivot": {
      "x": 0.5,
      "y": 0.5
    },
    "meshType": 0
  }
}