{
  "__type__": "cc.SpriteFrame",
  "content": {
    "name": "sit2_03",
    "atlas": "",
    "rect": {
      "x": 36,
      "y": 39,
      "width": 49,
      "height": 143
    },
    "offset": {
      "x": 0.5,
      "y": -13
    },
    "originalSize": {
      "width": 120,
      "height": 195
    },
    "rotated": false,
    "capInsets": [
      0,
      0,
      0,
      0
    ],
    "vertices": {
      "rawPosition": [
        -24.5,
        -71.5,
        0,
        24.5,
        -71.5,
        0,
        -24.5,
        71.5,
        0,
        24.5,
        71.5,
        0
      ],
      "indexes": [
        0,
        1,
        2,
        2,
        1,
        3
      ],
      "uv": [
        36,
        156,
        85,
        156,
        36,
        13,
        85,
        13
      ],
      "nuv": [
        0.3,
        0.06666666666666667,
        0.7083333333333334,
        0.06666666666666667,
        0.3,
        0.8,
        0.7083333333333334,
        0.8
      ],
      "minPos": {
        "x": -24.5,
        "y": -71.5,
        "z": 0
      },
      "maxPos": {
        "x": 24.5,
        "y": 71.5,
        "z": 0
      }
    },
    "texture": "2f4ac968-3723-4f4c-ad42-f0fd7cbcf9df@6c48a",
    "packable": true,
    "pixelsToUnit": 100,
    "pivot": {
      "x": 0.5,
      "y": 0.5
    },
    "meshType": 0
  }
}