{
  "__type__": "cc.SpriteFrame",
  "content": {
    "name": "1_27",
    "atlas": "",
    "rect": {
      "x": 46,
      "y": 42,
      "width": 141,
      "height": 164
    },
    "offset": {
      "x": 6.5,
      "y": -14
    },
    "originalSize": {
      "width": 220,
      "height": 220
    },
    "rotated": false,
    "capInsets": [
      0,
      0,
      0,
      0
    ],
    "vertices": {
      "rawPosition": [
        -70.5,
        -82,
        0,
        70.5,
        -82,
        0,
        -70.5,
        82,
        0,
        70.5,
        82,
        0
      ],
      "indexes": [
        0,
        1,
        2,
        2,
        1,
        3
      ],
      "uv": [
        46,
        178,
        187,
        178,
        46,
        14,
        187,
        14
      ],
      "nuv": [
        0.20909090909090908,
        0.06363636363636363,
        0.85,
        0.06363636363636363,
        0.20909090909090908,
        0.8090909090909091,
        0.85,
        0.8090909090909091
      ],
      "minPos": {
        "x": -70.5,
        "y": -82,
        "z": 0
      },
      "maxPos": {
        "x": 70.5,
        "y": 82,
        "z": 0
      }
    },
    "texture": "2f84b8da-b4e1-43c9-9171-7faf99a2f966@6c48a",
    "packable": true,
    "pixelsToUnit": 100,
    "pivot": {
      "x": 0.5,
      "y": 0.5
    },
    "meshType": 0
  }
}