{
  "__type__": "cc.SpriteFrame",
  "content": {
    "name": "1_08",
    "atlas": "",
    "rect": {
      "x": 39,
      "y": 48,
      "width": 139,
      "height": 153
    },
    "offset": {
      "x": -1.5,
      "y": -14.5
    },
    "originalSize": {
      "width": 220,
      "height": 220
    },
    "rotated": false,
    "capInsets": [
      0,
      0,
      0,
      0
    ],
    "vertices": {
      "rawPosition": [
        -69.5,
        -76.5,
        0,
        69.5,
        -76.5,
        0,
        -69.5,
        76.5,
        0,
        69.5,
        76.5,
        0
      ],
      "indexes": [
        0,
        1,
        2,
        2,
        1,
        3
      ],
      "uv": [
        39,
        172,
        178,
        172,
        39,
        19,
        178,
        19
      ],
      "nuv": [
        0.17727272727272728,
        0.08636363636363636,
        0.8090909090909091,
        0.08636363636363636,
        0.17727272727272728,
        0.7818181818181819,
        0.8090909090909091,
        0.7818181818181819
      ],
      "minPos": {
        "x": -69.5,
        "y": -76.5,
        "z": 0
      },
      "maxPos": {
        "x": 69.5,
        "y": 76.5,
        "z": 0
      }
    },
    "texture": "2f865ae1-c3c3-43c2-bcd8-d6eb39ea4316@6c48a",
    "packable": true,
    "pixelsToUnit": 100,
    "pivot": {
      "x": 0.5,
      "y": 0.5
    },
    "meshType": 0
  }
}