{
  "__type__": "cc.SpriteFrame",
  "content": {
    "name": "1_35",
    "atlas": "",
    "rect": {
      "x": 35,
      "y": 49,
      "width": 138,
      "height": 153
    },
    "offset": {
      "x": -6,
      "y": -15.5
    },
    "originalSize": {
      "width": 220,
      "height": 220
    },
    "rotated": false,
    "capInsets": [
      0,
      0,
      0,
      0
    ],
    "vertices": {
      "rawPosition": [
        -69,
        -76.5,
        0,
        69,
        -76.5,
        0,
        -69,
        76.5,
        0,
        69,
        76.5,
        0
      ],
      "indexes": [
        0,
        1,
        2,
        2,
        1,
        3
      ],
      "uv": [
        35,
        171,
        173,
        171,
        35,
        18,
        173,
        18
      ],
      "nuv": [
        0.1590909090909091,
        0.08181818181818182,
        0.7863636363636364,
        0.08181818181818182,
        0.1590909090909091,
        0.7772727272727272,
        0.7863636363636364,
        0.7772727272727272
      ],
      "minPos": {
        "x": -69,
        "y": -76.5,
        "z": 0
      },
      "maxPos": {
        "x": 69,
        "y": 76.5,
        "z": 0
      }
    },
    "texture": "2f97cb9f-44fd-48ba-bf2a-dfeef1e25941@6c48a",
    "packable": true,
    "pixelsToUnit": 100,
    "pivot": {
      "x": 0.5,
      "y": 0.5
    },
    "meshType": 0
  }
}