{
  "__type__": "cc.SpriteFrame",
  "content": {
    "name": "sit_10",
    "atlas": "",
    "rect": {
      "x": 32,
      "y": 47,
      "width": 62,
      "height": 135
    },
    "offset": {
      "x": 3,
      "y": -17
    },
    "originalSize": {
      "width": 120,
      "height": 195
    },
    "rotated": false,
    "capInsets": [
      0,
      0,
      0,
      0
    ],
    "vertices": {
      "rawPosition": [
        -31,
        -67.5,
        0,
        31,
        -67.5,
        0,
        -31,
        67.5,
        0,
        31,
        67.5,
        0
      ],
      "indexes": [
        0,
        1,
        2,
        2,
        1,
        3
      ],
      "uv": [
        32,
        148,
        94,
        148,
        32,
        13,
        94,
        13
      ],
      "nuv": [
        0.26666666666666666,
        0.06666666666666667,
        0.7833333333333333,
        0.06666666666666667,
        0.26666666666666666,
        0.7589743589743589,
        0.7833333333333333,
        0.7589743589743589
      ],
      "minPos": {
        "x": -31,
        "y": -67.5,
        "z": 0
      },
      "maxPos": {
        "x": 31,
        "y": 67.5,
        "z": 0
      }
    },
    "texture": "2ff46f7d-4c86-403c-bd64-dd2f3fe1f8f5@6c48a",
    "packable": true,
    "pixelsToUnit": 100,
    "pivot": {
      "x": 0.5,
      "y": 0.5
    },
    "meshType": 0
  }
}