{
  "__type__": "cc.SpriteFrame",
  "content": {
    "name": "1_38",
    "atlas": "",
    "rect": {
      "x": 43,
      "y": 39,
      "width": 133,
      "height": 166
    },
    "offset": {
      "x": -0.5,
      "y": -12
    },
    "originalSize": {
      "width": 220,
      "height": 220
    },
    "rotated": false,
    "capInsets": [
      0,
      0,
      0,
      0
    ],
    "vertices": {
      "rawPosition": [
        -66.5,
        -83,
        0,
        66.5,
        -83,
        0,
        -66.5,
        83,
        0,
        66.5,
        83,
        0
      ],
      "indexes": [
        0,
        1,
        2,
        2,
        1,
        3
      ],
      "uv": [
        43,
        181,
        176,
        181,
        43,
        15,
        176,
        15
      ],
      "nuv": [
        0.19545454545454546,
        0.06818181818181818,
        0.8,
        0.06818181818181818,
        0.19545454545454546,
        0.8227272727272728,
        0.8,
        0.8227272727272728
      ],
      "minPos": {
        "x": -66.5,
        "y": -83,
        "z": 0
      },
      "maxPos": {
        "x": 66.5,
        "y": 83,
        "z": 0
      }
    },
    "texture": "19792627-548b-4403-a5ca-1a36f92da6a5@6c48a",
    "packable": true,
    "pixelsToUnit": 100,
    "pivot": {
      "x": 0.5,
      "y": 0.5
    },
    "meshType": 0
  }
}