{
  "__type__": "cc.SpriteFrame",
  "content": {
    "name": "1_14",
    "atlas": "",
    "rect": {
      "x": 9,
      "y": 9,
      "width": 177,
      "height": 154
    },
    "offset": {
      "x": -12.5,
      "y": 24
    },
    "originalSize": {
      "width": 220,
      "height": 220
    },
    "rotated": false,
    "capInsets": [
      0,
      0,
      0,
      0
    ],
    "vertices": {
      "rawPosition": [
        -88.5,
        -77,
        0,
        88.5,
        -77,
        0,
        -88.5,
        77,
        0,
        88.5,
        77,
        0
      ],
      "indexes": [
        0,
        1,
        2,
        2,
        1,
        3
      ],
      "uv": [
        9,
        211,
        186,
        211,
        9,
        57,
        186,
        57
      ],
      "nuv": [
        0.04090909090909091,
        0.2590909090909091,
        0.8454545454545455,
        0.2590909090909091,
        0.04090909090909091,
        0.9590909090909091,
        0.8454545454545455,
        0.9590909090909091
      ],
      "minPos": {
        "x": -88.5,
        "y": -77,
        "z": 0
      },
      "maxPos": {
        "x": 88.5,
        "y": 77,
        "z": 0
      }
    },
    "texture": "198014da-d9a6-47a8-b429-7e5e31cf1ed0@6c48a",
    "packable": true,
    "pixelsToUnit": 100,
    "pivot": {
      "x": 0.5,
      "y": 0.5
    },
    "meshType": 0
  }
}