{
  "__type__": "cc.SpriteFrame",
  "content": {
    "name": "move_09",
    "atlas": "",
    "rect": {
      "x": 37,
      "y": 31,
      "width": 53,
      "height": 150
    },
    "offset": {
      "x": 3.5,
      "y": -8.5
    },
    "originalSize": {
      "width": 120,
      "height": 195
    },
    "rotated": false,
    "capInsets": [
      0,
      0,
      0,
      0
    ],
    "vertices": {
      "rawPosition": [
        -26.5,
        -75,
        0,
        26.5,
        -75,
        0,
        -26.5,
        75,
        0,
        26.5,
        75,
        0
      ],
      "indexes": [
        0,
        1,
        2,
        2,
        1,
        3
      ],
      "uv": [
        37,
        164,
        90,
        164,
        37,
        14,
        90,
        14
      ],
      "nuv": [
        0.30833333333333335,
        0.07179487179487179,
        0.75,
        0.07179487179487179,
        0.30833333333333335,
        0.841025641025641,
        0.75,
        0.841025641025641
      ],
      "minPos": {
        "x": -26.5,
        "y": -75,
        "z": 0
      },
      "maxPos": {
        "x": 26.5,
        "y": 75,
        "z": 0
      }
    },
    "texture": "19824e80-5a83-481b-8283-0f05065dd677@6c48a",
    "packable": true,
    "pixelsToUnit": 100,
    "pivot": {
      "x": 0.5,
      "y": 0.5
    },
    "meshType": 0
  }
}