{
  "__type__": "cc.SpriteFrame",
  "content": {
    "name": "1_31",
    "atlas": "",
    "rect": {
      "x": 23,
      "y": 36,
      "width": 136,
      "height": 165
    },
    "offset": {
      "x": -19,
      "y": -8.5
    },
    "originalSize": {
      "width": 220,
      "height": 220
    },
    "rotated": false,
    "capInsets": [
      0,
      0,
      0,
      0
    ],
    "vertices": {
      "rawPosition": [
        -68,
        -82.5,
        0,
        68,
        -82.5,
        0,
        -68,
        82.5,
        0,
        68,
        82.5,
        0
      ],
      "indexes": [
        0,
        1,
        2,
        2,
        1,
        3
      ],
      "uv": [
        23,
        184,
        159,
        184,
        23,
        19,
        159,
        19
      ],
      "nuv": [
        0.10454545454545454,
        0.08636363636363636,
        0.7227272727272728,
        0.08636363636363636,
        0.10454545454545454,
        0.8363636363636363,
        0.7227272727272728,
        0.8363636363636363
      ],
      "minPos": {
        "x": -68,
        "y": -82.5,
        "z": 0
      },
      "maxPos": {
        "x": 68,
        "y": 82.5,
        "z": 0
      }
    },
    "texture": "19b64b78-34a3-4a1b-b18d-fb2ac7fe92d4@6c48a",
    "packable": true,
    "pixelsToUnit": 100,
    "pivot": {
      "x": 0.5,
      "y": 0.5
    },
    "meshType": 0
  }
}