{
  "__type__": "cc.SpriteFrame",
  "content": {
    "name": "move_16",
    "atlas": "",
    "rect": {
      "x": 31,
      "y": 26,
      "width": 47,
      "height": 157
    },
    "offset": {
      "x": -5.5,
      "y": -7
    },
    "originalSize": {
      "width": 120,
      "height": 195
    },
    "rotated": false,
    "capInsets": [
      0,
      0,
      0,
      0
    ],
    "vertices": {
      "rawPosition": [
        -23.5,
        -78.5,
        0,
        23.5,
        -78.5,
        0,
        -23.5,
        78.5,
        0,
        23.5,
        78.5,
        0
      ],
      "indexes": [
        0,
        1,
        2,
        2,
        1,
        3
      ],
      "uv": [
        31,
        169,
        78,
        169,
        31,
        12,
        78,
        12
      ],
      "nuv": [
        0.25833333333333336,
        0.06153846153846154,
        0.65,
        0.06153846153846154,
        0.25833333333333336,
        0.8666666666666667,
        0.65,
        0.8666666666666667
      ],
      "minPos": {
        "x": -23.5,
        "y": -78.5,
        "z": 0
      },
      "maxPos": {
        "x": 23.5,
        "y": 78.5,
        "z": 0
      }
    },
    "texture": "19c7776b-6df4-47f9-a273-a006664365eb@6c48a",
    "packable": true,
    "pixelsToUnit": 100,
    "pivot": {
      "x": 0.5,
      "y": 0.5
    },
    "meshType": 0
  }
}