{
  "__type__": "cc.SpriteFrame",
  "content": {
    "name": "1_15",
    "atlas": "",
    "rect": {
      "x": 56,
      "y": 50,
      "width": 137,
      "height": 158
    },
    "offset": {
      "x": 14.5,
      "y": -19
    },
    "originalSize": {
      "width": 220,
      "height": 220
    },
    "rotated": false,
    "capInsets": [
      0,
      0,
      0,
      0
    ],
    "vertices": {
      "rawPosition": [
        -68.5,
        -79,
        0,
        68.5,
        -79,
        0,
        -68.5,
        79,
        0,
        68.5,
        79,
        0
      ],
      "indexes": [
        0,
        1,
        2,
        2,
        1,
        3
      ],
      "uv": [
        56,
        170,
        193,
        170,
        56,
        12,
        193,
        12
      ],
      "nuv": [
        0.2545454545454545,
        0.05454545454545454,
        0.8772727272727273,
        0.05454545454545454,
        0.2545454545454545,
        0.7727272727272727,
        0.8772727272727273,
        0.7727272727272727
      ],
      "minPos": {
        "x": -68.5,
        "y": -79,
        "z": 0
      },
      "maxPos": {
        "x": 68.5,
        "y": 79,
        "z": 0
      }
    },
    "texture": "19deef73-f8ae-4e1a-887c-3344770519b8@6c48a",
    "packable": true,
    "pixelsToUnit": 100,
    "pivot": {
      "x": 0.5,
      "y": 0.5
    },
    "meshType": 0
  }
}