{
  "__type__": "cc.SpriteFrame",
  "content": {
    "name": "1_37",
    "atlas": "",
    "rect": {
      "x": 44,
      "y": 48,
      "width": 133,
      "height": 155
    },
    "offset": {
      "x": 0.5,
      "y": -15.5
    },
    "originalSize": {
      "width": 220,
      "height": 220
    },
    "rotated": false,
    "capInsets": [
      0,
      0,
      0,
      0
    ],
    "vertices": {
      "rawPosition": [
        -66.5,
        -77.5,
        0,
        66.5,
        -77.5,
        0,
        -66.5,
        77.5,
        0,
        66.5,
        77.5,
        0
      ],
      "indexes": [
        0,
        1,
        2,
        2,
        1,
        3
      ],
      "uv": [
        44,
        172,
        177,
        172,
        44,
        17,
        177,
        17
      ],
      "nuv": [
        0.2,
        0.07727272727272727,
        0.8045454545454546,
        0.07727272727272727,
        0.2,
        0.7818181818181819,
        0.8045454545454546,
        0.7818181818181819
      ],
      "minPos": {
        "x": -66.5,
        "y": -77.5,
        "z": 0
      },
      "maxPos": {
        "x": 66.5,
        "y": 77.5,
        "z": 0
      }
    },
    "texture": "19e24755-2049-4d69-a944-193752ec805f@6c48a",
    "packable": true,
    "pixelsToUnit": 100,
    "pivot": {
      "x": 0.5,
      "y": 0.5
    },
    "meshType": 0
  }
}