{
  "__type__": "cc.SpriteFrame",
  "content": {
    "name": "tu01-stand_22",
    "atlas": "",
    "rect": {
      "x": 16,
      "y": 64,
      "width": 155,
      "height": 149
    },
    "offset": {
      "x": -16.5,
      "y": -28.5
    },
    "originalSize": {
      "width": 220,
      "height": 220
    },
    "rotated": false,
    "capInsets": [
      0,
      0,
      0,
      0
    ],
    "vertices": {
      "rawPosition": [
        -77.5,
        -74.5,
        0,
        77.5,
        -74.5,
        0,
        -77.5,
        74.5,
        0,
        77.5,
        74.5,
        0
      ],
      "indexes": [
        0,
        1,
        2,
        2,
        1,
        3
      ],
      "uv": [
        16,
        156,
        171,
        156,
        16,
        7,
        171,
        7
      ],
      "nuv": [
        0.07272727272727272,
        0.031818181818181815,
        0.7772727272727272,
        0.031818181818181815,
        0.07272727272727272,
        0.7090909090909091,
        0.7772727272727272,
        0.7090909090909091
      ],
      "minPos": {
        "x": -77.5,
        "y": -74.5,
        "z": 0
      },
      "maxPos": {
        "x": 77.5,
        "y": 74.5,
        "z": 0
      }
    },
    "texture": "19e61041-d8fc-4b44-9011-c2bb24f3b3c6@6c48a",
    "packable": true,
    "pixelsToUnit": 100,
    "pivot": {
      "x": 0.5,
      "y": 0.5
    },
    "meshType": 0
  }
}