{
  "__type__": "cc.SpriteFrame",
  "content": {
    "name": "1_12",
    "atlas": "",
    "rect": {
      "x": 40,
      "y": 42,
      "width": 144,
      "height": 164
    },
    "offset": {
      "x": 2,
      "y": -14
    },
    "originalSize": {
      "width": 220,
      "height": 220
    },
    "rotated": false,
    "capInsets": [
      0,
      0,
      0,
      0
    ],
    "vertices": {
      "rawPosition": [
        -72,
        -82,
        0,
        72,
        -82,
        0,
        -72,
        82,
        0,
        72,
        82,
        0
      ],
      "indexes": [
        0,
        1,
        2,
        2,
        1,
        3
      ],
      "uv": [
        40,
        178,
        184,
        178,
        40,
        14,
        184,
        14
      ],
      "nuv": [
        0.18181818181818182,
        0.06363636363636363,
        0.8363636363636363,
        0.06363636363636363,
        0.18181818181818182,
        0.8090909090909091,
        0.8363636363636363,
        0.8090909090909091
      ],
      "minPos": {
        "x": -72,
        "y": -82,
        "z": 0
      },
      "maxPos": {
        "x": 72,
        "y": 82,
        "z": 0
      }
    },
    "texture": "19facdc6-49df-4c8b-8c10-1543d148d1b1@6c48a",
    "packable": true,
    "pixelsToUnit": 100,
    "pivot": {
      "x": 0.5,
      "y": 0.5
    },
    "meshType": 0
  }
}