{
  "__type__": "cc.SpriteFrame",
  "content": {
    "name": "1_119",
    "atlas": "",
    "rect": {
      "x": 79,
      "y": 63,
      "width": 230,
      "height": 238
    },
    "offset": {
      "x": 6.5,
      "y": -20
    },
    "originalSize": {
      "width": 375,
      "height": 324
    },
    "rotated": false,
    "capInsets": [
      0,
      0,
      0,
      0
    ],
    "vertices": {
      "rawPosition": [
        -115,
        -119,
        0,
        115,
        -119,
        0,
        -115,
        119,
        0,
        115,
        119,
        0
      ],
      "indexes": [
        0,
        1,
        2,
        2,
        1,
        3
      ],
      "uv": [
        79,
        261,
        309,
        261,
        79,
        23,
        309,
        23
      ],
      "nuv": [
        0.21066666666666667,
        0.07098765432098765,
        0.824,
        0.07098765432098765,
        0.21066666666666667,
        0.8055555555555556,
        0.824,
        0.8055555555555556
      ],
      "minPos": {
        "x": -115,
        "y": -119,
        "z": 0
      },
      "maxPos": {
        "x": 115,
        "y": 119,
        "z": 0
      }
    },
    "texture": "88e4128e-be55-4e66-a7aa-9a2abda6bd87@6c48a",
    "packable": true,
    "pixelsToUnit": 100,
    "pivot": {
      "x": 0.5,
      "y": 0.5
    },
    "meshType": 0
  }
}