{
  "__type__": "cc.SpriteFrame",
  "content": {
    "name": "1_13",
    "atlas": "",
    "rect": {
      "x": 45,
      "y": 47,
      "width": 138,
      "height": 154
    },
    "offset": {
      "x": 4,
      "y": -14
    },
    "originalSize": {
      "width": 220,
      "height": 220
    },
    "rotated": false,
    "capInsets": [
      0,
      0,
      0,
      0
    ],
    "vertices": {
      "rawPosition": [
        -69,
        -77,
        0,
        69,
        -77,
        0,
        -69,
        77,
        0,
        69,
        77,
        0
      ],
      "indexes": [
        0,
        1,
        2,
        2,
        1,
        3
      ],
      "uv": [
        45,
        173,
        183,
        173,
        45,
        19,
        183,
        19
      ],
      "nuv": [
        0.20454545454545456,
        0.08636363636363636,
        0.8318181818181818,
        0.08636363636363636,
        0.20454545454545456,
        0.7863636363636364,
        0.8318181818181818,
        0.7863636363636364
      ],
      "minPos": {
        "x": -69,
        "y": -77,
        "z": 0
      },
      "maxPos": {
        "x": 69,
        "y": 77,
        "z": 0
      }
    },
    "texture": "3a0d7e12-a9dd-40d1-ad53-2ca7c90b86cb@6c48a",
    "packable": true,
    "pixelsToUnit": 100,
    "pivot": {
      "x": 0.5,
      "y": 0.5
    },
    "meshType": 0
  }
}