{
  "__type__": "cc.SpriteFrame",
  "content": {
    "name": "1_145",
    "atlas": "",
    "rect": {
      "x": 79,
      "y": 103,
      "width": 217,
      "height": 198
    },
    "offset": {
      "x": 0,
      "y": -40
    },
    "originalSize": {
      "width": 375,
      "height": 324
    },
    "rotated": false,
    "capInsets": [
      0,
      0,
      0,
      0
    ],
    "vertices": {
      "rawPosition": [
        -108.5,
        -99,
        0,
        108.5,
        -99,
        0,
        -108.5,
        99,
        0,
        108.5,
        99,
        0
      ],
      "indexes": [
        0,
        1,
        2,
        2,
        1,
        3
      ],
      "uv": [
        79,
        221,
        296,
        221,
        79,
        23,
        296,
        23
      ],
      "nuv": [
        0.21066666666666667,
        0.07098765432098765,
        0.7893333333333333,
        0.07098765432098765,
        0.21066666666666667,
        0.6820987654320988,
        0.7893333333333333,
        0.6820987654320988
      ],
      "minPos": {
        "x": -108.5,
        "y": -99,
        "z": 0
      },
      "maxPos": {
        "x": 108.5,
        "y": 99,
        "z": 0
      }
    },
    "texture": "3a606611-88be-48b6-8f42-1da28406b373@6c48a",
    "packable": true,
    "pixelsToUnit": 100,
    "pivot": {
      "x": 0.5,
      "y": 0.5
    },
    "meshType": 0
  }
}