{
  "__type__": "cc.SpriteFrame",
  "content": {
    "name": "1_06",
    "atlas": "",
    "rect": {
      "x": 45,
      "y": 48,
      "width": 136,
      "height": 153
    },
    "offset": {
      "x": 3,
      "y": -14.5
    },
    "originalSize": {
      "width": 220,
      "height": 220
    },
    "rotated": false,
    "capInsets": [
      0,
      0,
      0,
      0
    ],
    "vertices": {
      "rawPosition": [
        -68,
        -76.5,
        0,
        68,
        -76.5,
        0,
        -68,
        76.5,
        0,
        68,
        76.5,
        0
      ],
      "indexes": [
        0,
        1,
        2,
        2,
        1,
        3
      ],
      "uv": [
        45,
        172,
        181,
        172,
        45,
        19,
        181,
        19
      ],
      "nuv": [
        0.20454545454545456,
        0.08636363636363636,
        0.8227272727272728,
        0.08636363636363636,
        0.20454545454545456,
        0.7818181818181819,
        0.8227272727272728,
        0.7818181818181819
      ],
      "minPos": {
        "x": -68,
        "y": -76.5,
        "z": 0
      },
      "maxPos": {
        "x": 68,
        "y": 76.5,
        "z": 0
      }
    },
    "texture": "3acaf8df-7c62-47b7-9733-6195caf64de2@6c48a",
    "packable": true,
    "pixelsToUnit": 100,
    "pivot": {
      "x": 0.5,
      "y": 0.5
    },
    "meshType": 0
  }
}