{
  "__type__": "cc.SpriteFrame",
  "content": {
    "name": "1_31",
    "atlas": "",
    "rect": {
      "x": 34,
      "y": 45,
      "width": 145,
      "height": 161
    },
    "offset": {
      "x": -3.5,
      "y": -15.5
    },
    "originalSize": {
      "width": 220,
      "height": 220
    },
    "rotated": false,
    "capInsets": [
      0,
      0,
      0,
      0
    ],
    "vertices": {
      "rawPosition": [
        -72.5,
        -80.5,
        0,
        72.5,
        -80.5,
        0,
        -72.5,
        80.5,
        0,
        72.5,
        80.5,
        0
      ],
      "indexes": [
        0,
        1,
        2,
        2,
        1,
        3
      ],
      "uv": [
        34,
        175,
        179,
        175,
        34,
        14,
        179,
        14
      ],
      "nuv": [
        0.15454545454545454,
        0.06363636363636363,
        0.8136363636363636,
        0.06363636363636363,
        0.15454545454545454,
        0.7954545454545454,
        0.8136363636363636,
        0.7954545454545454
      ],
      "minPos": {
        "x": -72.5,
        "y": -80.5,
        "z": 0
      },
      "maxPos": {
        "x": 72.5,
        "y": 80.5,
        "z": 0
      }
    },
    "texture": "3ad3b208-d1ca-4001-9ce0-64b0e08e96c6@6c48a",
    "packable": true,
    "pixelsToUnit": 100,
    "pivot": {
      "x": 0.5,
      "y": 0.5
    },
    "meshType": 0
  }
}