{
  "__type__": "cc.SpriteFrame",
  "content": {
    "name": "1_59",
    "atlas": "",
    "rect": {
      "x": 29,
      "y": 42,
      "width": 134,
      "height": 159
    },
    "offset": {
      "x": -14,
      "y": -11.5
    },
    "originalSize": {
      "width": 220,
      "height": 220
    },
    "rotated": false,
    "capInsets": [
      0,
      0,
      0,
      0
    ],
    "vertices": {
      "rawPosition": [
        -67,
        -79.5,
        0,
        67,
        -79.5,
        0,
        -67,
        79.5,
        0,
        67,
        79.5,
        0
      ],
      "indexes": [
        0,
        1,
        2,
        2,
        1,
        3
      ],
      "uv": [
        29,
        178,
        163,
        178,
        29,
        19,
        163,
        19
      ],
      "nuv": [
        0.1318181818181818,
        0.08636363636363636,
        0.740909090909091,
        0.08636363636363636,
        0.1318181818181818,
        0.8090909090909091,
        0.740909090909091,
        0.8090909090909091
      ],
      "minPos": {
        "x": -67,
        "y": -79.5,
        "z": 0
      },
      "maxPos": {
        "x": 67,
        "y": 79.5,
        "z": 0
      }
    },
    "texture": "3ad438a6-99c4-46e0-bcd3-48aae62eb942@6c48a",
    "packable": true,
    "pixelsToUnit": 100,
    "pivot": {
      "x": 0.5,
      "y": 0.5
    },
    "meshType": 0
  }
}