{
  "__type__": "cc.SpriteFrame",
  "content": {
    "name": "0019",
    "atlas": "",
    "rect": {
      "x": 0,
      "y": 63,
      "width": 300,
      "height": 166
    },
    "offset": {
      "x": 0,
      "y": 4
    },
    "originalSize": {
      "width": 300,
      "height": 300
    },
    "rotated": false,
    "capInsets": [
      0,
      0,
      0,
      0
    ],
    "vertices": {
      "rawPosition": [
        -150,
        -83,
        0,
        150,
        -83,
        0,
        -150,
        83,
        0,
        150,
        83,
        0
      ],
      "indexes": [
        0,
        1,
        2,
        2,
        1,
        3
      ],
      "uv": [
        0,
        237,
        300,
        237,
        0,
        71,
        300,
        71
      ],
      "nuv": [
        0,
        0.23666666666666666,
        1,
        0.23666666666666666,
        0,
        0.79,
        1,
        0.79
      ],
      "minPos": {
        "x": -150,
        "y": -83,
        "z": 0
      },
      "maxPos": {
        "x": 150,
        "y": 83,
        "z": 0
      }
    },
    "texture": "3ad7eaeb-8b9c-49ca-8596-ba5705a21700@6c48a",
    "packable": true,
    "pixelsToUnit": 100,
    "pivot": {
      "x": 0.5,
      "y": 0.5
    },
    "meshType": 0
  }
}