{
  "__type__": "cc.SpriteFrame",
  "content": {
    "name": "tu01-stand1_29",
    "atlas": "",
    "rect": {
      "x": 35,
      "y": 64,
      "width": 135,
      "height": 149
    },
    "offset": {
      "x": -7.5,
      "y": -28.5
    },
    "originalSize": {
      "width": 220,
      "height": 220
    },
    "rotated": false,
    "capInsets": [
      0,
      0,
      0,
      0
    ],
    "vertices": {
      "rawPosition": [
        -67.5,
        -74.5,
        0,
        67.5,
        -74.5,
        0,
        -67.5,
        74.5,
        0,
        67.5,
        74.5,
        0
      ],
      "indexes": [
        0,
        1,
        2,
        2,
        1,
        3
      ],
      "uv": [
        35,
        156,
        170,
        156,
        35,
        7,
        170,
        7
      ],
      "nuv": [
        0.1590909090909091,
        0.031818181818181815,
        0.7727272727272727,
        0.031818181818181815,
        0.1590909090909091,
        0.7090909090909091,
        0.7727272727272727,
        0.7090909090909091
      ],
      "minPos": {
        "x": -67.5,
        "y": -74.5,
        "z": 0
      },
      "maxPos": {
        "x": 67.5,
        "y": 74.5,
        "z": 0
      }
    },
    "texture": "3aecef5c-9109-445e-8154-3854f1fc1752@6c48a",
    "packable": true,
    "pixelsToUnit": 100,
    "pivot": {
      "x": 0.5,
      "y": 0.5
    },
    "meshType": 0
  }
}