{
  "__type__": "cc.SpriteFrame",
  "content": {
    "name": "1_17",
    "atlas": "",
    "rect": {
      "x": 45,
      "y": 46,
      "width": 144,
      "height": 154
    },
    "offset": {
      "x": 7,
      "y": -13
    },
    "originalSize": {
      "width": 220,
      "height": 220
    },
    "rotated": false,
    "capInsets": [
      0,
      0,
      0,
      0
    ],
    "vertices": {
      "rawPosition": [
        -72,
        -77,
        0,
        72,
        -77,
        0,
        -72,
        77,
        0,
        72,
        77,
        0
      ],
      "indexes": [
        0,
        1,
        2,
        2,
        1,
        3
      ],
      "uv": [
        45,
        174,
        189,
        174,
        45,
        20,
        189,
        20
      ],
      "nuv": [
        0.20454545454545456,
        0.09090909090909091,
        0.8590909090909091,
        0.09090909090909091,
        0.20454545454545456,
        0.7909090909090909,
        0.8590909090909091,
        0.7909090909090909
      ],
      "minPos": {
        "x": -72,
        "y": -77,
        "z": 0
      },
      "maxPos": {
        "x": 72,
        "y": 77,
        "z": 0
      }
    },
    "texture": "8d2214a3-c434-40e1-9903-12d12abb01e4@6c48a",
    "packable": true,
    "pixelsToUnit": 100,
    "pivot": {
      "x": 0.5,
      "y": 0.5
    },
    "meshType": 0
  }
}