{
  "__type__": "cc.SpriteFrame",
  "content": {
    "name": "1_09",
    "atlas": "",
    "rect": {
      "x": 27,
      "y": 31,
      "width": 146,
      "height": 127
    },
    "offset": {
      "x": -10,
      "y": 15.5
    },
    "originalSize": {
      "width": 220,
      "height": 220
    },
    "rotated": false,
    "capInsets": [
      0,
      0,
      0,
      0
    ],
    "vertices": {
      "rawPosition": [
        -73,
        -63.5,
        0,
        73,
        -63.5,
        0,
        -73,
        63.5,
        0,
        73,
        63.5,
        0
      ],
      "indexes": [
        0,
        1,
        2,
        2,
        1,
        3
      ],
      "uv": [
        27,
        189,
        173,
        189,
        27,
        62,
        173,
        62
      ],
      "nuv": [
        0.12272727272727273,
        0.2818181818181818,
        0.7863636363636364,
        0.2818181818181818,
        0.12272727272727273,
        0.8590909090909091,
        0.7863636363636364,
        0.8590909090909091
      ],
      "minPos": {
        "x": -73,
        "y": -63.5,
        "z": 0
      },
      "maxPos": {
        "x": 73,
        "y": 63.5,
        "z": 0
      }
    },
    "texture": "8d99b553-085e-4e4d-881d-73771fff8956@6c48a",
    "packable": true,
    "pixelsToUnit": 100,
    "pivot": {
      "x": 0.5,
      "y": 0.5
    },
    "meshType": 0
  }
}