{
  "__type__": "cc.SpriteFrame",
  "content": {
    "name": "1_10",
    "atlas": "",
    "rect": {
      "x": 40,
      "y": 51,
      "width": 139,
      "height": 151
    },
    "offset": {
      "x": -0.5,
      "y": -16.5
    },
    "originalSize": {
      "width": 220,
      "height": 220
    },
    "rotated": false,
    "capInsets": [
      0,
      0,
      0,
      0
    ],
    "vertices": {
      "rawPosition": [
        -69.5,
        -75.5,
        0,
        69.5,
        -75.5,
        0,
        -69.5,
        75.5,
        0,
        69.5,
        75.5,
        0
      ],
      "indexes": [
        0,
        1,
        2,
        2,
        1,
        3
      ],
      "uv": [
        40,
        169,
        179,
        169,
        40,
        18,
        179,
        18
      ],
      "nuv": [
        0.18181818181818182,
        0.08181818181818182,
        0.8136363636363636,
        0.08181818181818182,
        0.18181818181818182,
        0.7681818181818182,
        0.8136363636363636,
        0.7681818181818182
      ],
      "minPos": {
        "x": -69.5,
        "y": -75.5,
        "z": 0
      },
      "maxPos": {
        "x": 69.5,
        "y": 75.5,
        "z": 0
      }
    },
    "texture": "8df13b58-7bae-4673-b845-5f7e46a3f3d3@6c48a",
    "packable": true,
    "pixelsToUnit": 100,
    "pivot": {
      "x": 0.5,
      "y": 0.5
    },
    "meshType": 0
  }
}