{
  "__type__": "cc.SpriteFrame",
  "content": {
    "name": "1_31",
    "atlas": "",
    "rect": {
      "x": 43,
      "y": 56,
      "width": 132,
      "height": 140
    },
    "offset": {
      "x": -1,
      "y": -16
    },
    "originalSize": {
      "width": 220,
      "height": 220
    },
    "rotated": false,
    "capInsets": [
      0,
      0,
      0,
      0
    ],
    "vertices": {
      "rawPosition": [
        -66,
        -70,
        0,
        66,
        -70,
        0,
        -66,
        70,
        0,
        66,
        70,
        0
      ],
      "indexes": [
        0,
        1,
        2,
        2,
        1,
        3
      ],
      "uv": [
        43,
        164,
        175,
        164,
        43,
        24,
        175,
        24
      ],
      "nuv": [
        0.19545454545454546,
        0.10909090909090909,
        0.7954545454545454,
        0.10909090909090909,
        0.19545454545454546,
        0.7454545454545455,
        0.7954545454545454,
        0.7454545454545455
      ],
      "minPos": {
        "x": -66,
        "y": -70,
        "z": 0
      },
      "maxPos": {
        "x": 66,
        "y": 70,
        "z": 0
      }
    },
    "texture": "cfd8dec0-ec7d-4d7d-a6a5-bd54c48b8b44@6c48a",
    "packable": true,
    "pixelsToUnit": 100,
    "pivot": {
      "x": 0.5,
      "y": 0.5
    },
    "meshType": 0
  }
}