{
  "__type__": "cc.SpriteFrame",
  "content": {
    "name": "1_18",
    "atlas": "",
    "rect": {
      "x": 45,
      "y": 46,
      "width": 143,
      "height": 154
    },
    "offset": {
      "x": 6.5,
      "y": -13
    },
    "originalSize": {
      "width": 220,
      "height": 220
    },
    "rotated": false,
    "capInsets": [
      0,
      0,
      0,
      0
    ],
    "vertices": {
      "rawPosition": [
        -71.5,
        -77,
        0,
        71.5,
        -77,
        0,
        -71.5,
        77,
        0,
        71.5,
        77,
        0
      ],
      "indexes": [
        0,
        1,
        2,
        2,
        1,
        3
      ],
      "uv": [
        45,
        174,
        188,
        174,
        45,
        20,
        188,
        20
      ],
      "nuv": [
        0.20454545454545456,
        0.09090909090909091,
        0.8545454545454545,
        0.09090909090909091,
        0.20454545454545456,
        0.7909090909090909,
        0.8545454545454545,
        0.7909090909090909
      ],
      "minPos": {
        "x": -71.5,
        "y": -77,
        "z": 0
      },
      "maxPos": {
        "x": 71.5,
        "y": 77,
        "z": 0
      }
    },
    "texture": "f20b1bc1-e5f4-44f1-a9c9-20a2ae59ac33@6c48a",
    "packable": true,
    "pixelsToUnit": 100,
    "pivot": {
      "x": 0.5,
      "y": 0.5
    },
    "meshType": 0
  }
}