{
  "__type__": "cc.SpriteFrame",
  "content": {
    "name": "1_31",
    "atlas": "",
    "rect": {
      "x": 44,
      "y": 46,
      "width": 132,
      "height": 157
    },
    "offset": {
      "x": 0,
      "y": -14.5
    },
    "originalSize": {
      "width": 220,
      "height": 220
    },
    "rotated": false,
    "capInsets": [
      0,
      0,
      0,
      0
    ],
    "vertices": {
      "rawPosition": [
        -66,
        -78.5,
        0,
        66,
        -78.5,
        0,
        -66,
        78.5,
        0,
        66,
        78.5,
        0
      ],
      "indexes": [
        0,
        1,
        2,
        2,
        1,
        3
      ],
      "uv": [
        44,
        174,
        176,
        174,
        44,
        17,
        176,
        17
      ],
      "nuv": [
        0.2,
        0.07727272727272727,
        0.8,
        0.07727272727272727,
        0.2,
        0.7909090909090909,
        0.8,
        0.7909090909090909
      ],
      "minPos": {
        "x": -66,
        "y": -78.5,
        "z": 0
      },
      "maxPos": {
        "x": 66,
        "y": 78.5,
        "z": 0
      }
    },
    "texture": "f232f43e-4036-4bb6-9c0c-7b8080c9c157@6c48a",
    "packable": true,
    "pixelsToUnit": 100,
    "pivot": {
      "x": 0.5,
      "y": 0.5
    },
    "meshType": 0
  }
}