{
  "__type__": "cc.SpriteFrame",
  "content": {
    "name": "1_19",
    "atlas": "",
    "rect": {
      "x": 66,
      "y": 47,
      "width": 127,
      "height": 158
    },
    "offset": {
      "x": 19.5,
      "y": -16
    },
    "originalSize": {
      "width": 220,
      "height": 220
    },
    "rotated": false,
    "capInsets": [
      0,
      0,
      0,
      0
    ],
    "vertices": {
      "rawPosition": [
        -63.5,
        -79,
        0,
        63.5,
        -79,
        0,
        -63.5,
        79,
        0,
        63.5,
        79,
        0
      ],
      "indexes": [
        0,
        1,
        2,
        2,
        1,
        3
      ],
      "uv": [
        66,
        173,
        193,
        173,
        66,
        15,
        193,
        15
      ],
      "nuv": [
        0.3,
        0.06818181818181818,
        0.8772727272727273,
        0.06818181818181818,
        0.3,
        0.7863636363636364,
        0.8772727272727273,
        0.7863636363636364
      ],
      "minPos": {
        "x": -63.5,
        "y": -79,
        "z": 0
      },
      "maxPos": {
        "x": 63.5,
        "y": 79,
        "z": 0
      }
    },
    "texture": "f298c873-8114-4f09-bf4a-687975546089@6c48a",
    "packable": true,
    "pixelsToUnit": 100,
    "pivot": {
      "x": 0.5,
      "y": 0.5
    },
    "meshType": 0
  }
}