{
  "__type__": "cc.SpriteFrame",
  "content": {
    "name": "1_61",
    "atlas": "",
    "rect": {
      "x": 34,
      "y": 47,
      "width": 135,
      "height": 154
    },
    "offset": {
      "x": -8.5,
      "y": -14
    },
    "originalSize": {
      "width": 220,
      "height": 220
    },
    "rotated": false,
    "capInsets": [
      0,
      0,
      0,
      0
    ],
    "vertices": {
      "rawPosition": [
        -67.5,
        -77,
        0,
        67.5,
        -77,
        0,
        -67.5,
        77,
        0,
        67.5,
        77,
        0
      ],
      "indexes": [
        0,
        1,
        2,
        2,
        1,
        3
      ],
      "uv": [
        34,
        173,
        169,
        173,
        34,
        19,
        169,
        19
      ],
      "nuv": [
        0.15454545454545454,
        0.08636363636363636,
        0.7681818181818182,
        0.08636363636363636,
        0.15454545454545454,
        0.7863636363636364,
        0.7681818181818182,
        0.7863636363636364
      ],
      "minPos": {
        "x": -67.5,
        "y": -77,
        "z": 0
      },
      "maxPos": {
        "x": 67.5,
        "y": 77,
        "z": 0
      }
    },
    "texture": "f2a4444c-8a58-4c2b-8bac-ea823ad8a441@6c48a",
    "packable": true,
    "pixelsToUnit": 100,
    "pivot": {
      "x": 0.5,
      "y": 0.5
    },
    "meshType": 0
  }
}