{
  "__type__": "cc.SpriteFrame",
  "content": {
    "name": "tu01-stand1_26",
    "atlas": "",
    "rect": {
      "x": 28,
      "y": 65,
      "width": 144,
      "height": 148
    },
    "offset": {
      "x": -10,
      "y": -29
    },
    "originalSize": {
      "width": 220,
      "height": 220
    },
    "rotated": false,
    "capInsets": [
      0,
      0,
      0,
      0
    ],
    "vertices": {
      "rawPosition": [
        -72,
        -74,
        0,
        72,
        -74,
        0,
        -72,
        74,
        0,
        72,
        74,
        0
      ],
      "indexes": [
        0,
        1,
        2,
        2,
        1,
        3
      ],
      "uv": [
        28,
        155,
        172,
        155,
        28,
        7,
        172,
        7
      ],
      "nuv": [
        0.12727272727272726,
        0.031818181818181815,
        0.7818181818181819,
        0.031818181818181815,
        0.12727272727272726,
        0.7045454545454546,
        0.7818181818181819,
        0.7045454545454546
      ],
      "minPos": {
        "x": -72,
        "y": -74,
        "z": 0
      },
      "maxPos": {
        "x": 72,
        "y": 74,
        "z": 0
      }
    },
    "texture": "395b8af4-e70a-4685-bb24-2c63b17a9354@6c48a",
    "packable": true,
    "pixelsToUnit": 100,
    "pivot": {
      "x": 0.5,
      "y": 0.5
    },
    "meshType": 0
  }
}