{
  "__type__": "cc.SpriteFrame",
  "content": {
    "name": "1_058",
    "atlas": "",
    "rect": {
      "x": 79,
      "y": 114,
      "width": 205,
      "height": 171
    },
    "offset": {
      "x": -6,
      "y": -37.5
    },
    "originalSize": {
      "width": 375,
      "height": 324
    },
    "rotated": false,
    "capInsets": [
      0,
      0,
      0,
      0
    ],
    "vertices": {
      "rawPosition": [
        -102.5,
        -85.5,
        0,
        102.5,
        -85.5,
        0,
        -102.5,
        85.5,
        0,
        102.5,
        85.5,
        0
      ],
      "indexes": [
        0,
        1,
        2,
        2,
        1,
        3
      ],
      "uv": [
        79,
        210,
        284,
        210,
        79,
        39,
        284,
        39
      ],
      "nuv": [
        0.21066666666666667,
        0.12037037037037036,
        0.7573333333333333,
        0.12037037037037036,
        0.21066666666666667,
        0.6481481481481481,
        0.7573333333333333,
        0.6481481481481481
      ],
      "minPos": {
        "x": -102.5,
        "y": -85.5,
        "z": 0
      },
      "maxPos": {
        "x": 102.5,
        "y": 85.5,
        "z": 0
      }
    },
    "texture": "39b9c54a-ba62-4fde-b07f-9d983c55824c@6c48a",
    "packable": true,
    "pixelsToUnit": 100,
    "pivot": {
      "x": 0.5,
      "y": 0.5
    },
    "meshType": 0
  }
}