{
  "__type__": "cc.SpriteFrame",
  "content": {
    "name": "1_36",
    "atlas": "",
    "rect": {
      "x": 45,
      "y": 40,
      "width": 133,
      "height": 165
    },
    "offset": {
      "x": 1.5,
      "y": -12.5
    },
    "originalSize": {
      "width": 220,
      "height": 220
    },
    "rotated": false,
    "capInsets": [
      0,
      0,
      0,
      0
    ],
    "vertices": {
      "rawPosition": [
        -66.5,
        -82.5,
        0,
        66.5,
        -82.5,
        0,
        -66.5,
        82.5,
        0,
        66.5,
        82.5,
        0
      ],
      "indexes": [
        0,
        1,
        2,
        2,
        1,
        3
      ],
      "uv": [
        45,
        180,
        178,
        180,
        45,
        15,
        178,
        15
      ],
      "nuv": [
        0.20454545454545456,
        0.06818181818181818,
        0.8090909090909091,
        0.06818181818181818,
        0.20454545454545456,
        0.8181818181818182,
        0.8090909090909091,
        0.8181818181818182
      ],
      "minPos": {
        "x": -66.5,
        "y": -82.5,
        "z": 0
      },
      "maxPos": {
        "x": 66.5,
        "y": 82.5,
        "z": 0
      }
    },
    "texture": "39cca904-9f7f-4655-94ba-4b42dbf40ab2@6c48a",
    "packable": true,
    "pixelsToUnit": 100,
    "pivot": {
      "x": 0.5,
      "y": 0.5
    },
    "meshType": 0
  }
}