{
  "__type__": "cc.SpriteFrame",
  "content": {
    "name": "1_12",
    "atlas": "",
    "rect": {
      "x": 24,
      "y": 23,
      "width": 173,
      "height": 173
    },
    "offset": {
      "x": 0.5,
      "y": 0.5
    },
    "originalSize": {
      "width": 220,
      "height": 220
    },
    "rotated": false,
    "capInsets": [
      0,
      0,
      0,
      0
    ],
    "vertices": {
      "rawPosition": [
        -86.5,
        -86.5,
        0,
        86.5,
        -86.5,
        0,
        -86.5,
        86.5,
        0,
        86.5,
        86.5,
        0
      ],
      "indexes": [
        0,
        1,
        2,
        2,
        1,
        3
      ],
      "uv": [
        24,
        197,
        197,
        197,
        24,
        24,
        197,
        24
      ],
      "nuv": [
        0.10909090909090909,
        0.10909090909090909,
        0.8954545454545455,
        0.10909090909090909,
        0.10909090909090909,
        0.8954545454545455,
        0.8954545454545455,
        0.8954545454545455
      ],
      "minPos": {
        "x": -86.5,
        "y": -86.5,
        "z": 0
      },
      "maxPos": {
        "x": 86.5,
        "y": 86.5,
        "z": 0
      }
    },
    "texture": "39dceec1-9ef9-424a-8676-ba0d656de213@6c48a",
    "packable": true,
    "pixelsToUnit": 100,
    "pivot": {
      "x": 0.5,
      "y": 0.5
    },
    "meshType": 0
  }
}