{
  "__type__": "cc.SpriteFrame",
  "content": {
    "name": "tu01-stand_68",
    "atlas": "",
    "rect": {
      "x": 18,
      "y": 64,
      "width": 153,
      "height": 149
    },
    "offset": {
      "x": -15.5,
      "y": -28.5
    },
    "originalSize": {
      "width": 220,
      "height": 220
    },
    "rotated": false,
    "capInsets": [
      0,
      0,
      0,
      0
    ],
    "vertices": {
      "rawPosition": [
        -76.5,
        -74.5,
        0,
        76.5,
        -74.5,
        0,
        -76.5,
        74.5,
        0,
        76.5,
        74.5,
        0
      ],
      "indexes": [
        0,
        1,
        2,
        2,
        1,
        3
      ],
      "uv": [
        18,
        156,
        171,
        156,
        18,
        7,
        171,
        7
      ],
      "nuv": [
        0.08181818181818182,
        0.031818181818181815,
        0.7772727272727272,
        0.031818181818181815,
        0.08181818181818182,
        0.7090909090909091,
        0.7772727272727272,
        0.7090909090909091
      ],
      "minPos": {
        "x": -76.5,
        "y": -74.5,
        "z": 0
      },
      "maxPos": {
        "x": 76.5,
        "y": 74.5,
        "z": 0
      }
    },
    "texture": "39fc64b3-6ec1-4ae0-8907-b7c447e1b3ce@6c48a",
    "packable": true,
    "pixelsToUnit": 100,
    "pivot": {
      "x": 0.5,
      "y": 0.5
    },
    "meshType": 0
  }
}