{
  "__type__": "cc.SpriteFrame",
  "content": {
    "name": "1_51",
    "atlas": "",
    "rect": {
      "x": 19,
      "y": 30,
      "width": 140,
      "height": 171
    },
    "offset": {
      "x": -21,
      "y": -5.5
    },
    "originalSize": {
      "width": 220,
      "height": 220
    },
    "rotated": false,
    "capInsets": [
      0,
      0,
      0,
      0
    ],
    "vertices": {
      "rawPosition": [
        -70,
        -85.5,
        0,
        70,
        -85.5,
        0,
        -70,
        85.5,
        0,
        70,
        85.5,
        0
      ],
      "indexes": [
        0,
        1,
        2,
        2,
        1,
        3
      ],
      "uv": [
        19,
        190,
        159,
        190,
        19,
        19,
        159,
        19
      ],
      "nuv": [
        0.08636363636363636,
        0.08636363636363636,
        0.7227272727272728,
        0.08636363636363636,
        0.08636363636363636,
        0.8636363636363636,
        0.7227272727272728,
        0.8636363636363636
      ],
      "minPos": {
        "x": -70,
        "y": -85.5,
        "z": 0
      },
      "maxPos": {
        "x": 70,
        "y": 85.5,
        "z": 0
      }
    },
    "texture": "2c0f101c-0935-4dd1-8b74-7ac47df899db@6c48a",
    "packable": true,
    "pixelsToUnit": 100,
    "pivot": {
      "x": 0.5,
      "y": 0.5
    },
    "meshType": 0
  }
}