{
  "__type__": "cc.SpriteFrame",
  "content": {
    "name": "1_39",
    "atlas": "",
    "rect": {
      "x": 41,
      "y": 39,
      "width": 133,
      "height": 166
    },
    "offset": {
      "x": -2.5,
      "y": -12
    },
    "originalSize": {
      "width": 220,
      "height": 220
    },
    "rotated": false,
    "capInsets": [
      0,
      0,
      0,
      0
    ],
    "vertices": {
      "rawPosition": [
        -66.5,
        -83,
        0,
        66.5,
        -83,
        0,
        -66.5,
        83,
        0,
        66.5,
        83,
        0
      ],
      "indexes": [
        0,
        1,
        2,
        2,
        1,
        3
      ],
      "uv": [
        41,
        181,
        174,
        181,
        41,
        15,
        174,
        15
      ],
      "nuv": [
        0.18636363636363637,
        0.06818181818181818,
        0.7909090909090909,
        0.06818181818181818,
        0.18636363636363637,
        0.8227272727272728,
        0.7909090909090909,
        0.8227272727272728
      ],
      "minPos": {
        "x": -66.5,
        "y": -83,
        "z": 0
      },
      "maxPos": {
        "x": 66.5,
        "y": 83,
        "z": 0
      }
    },
    "texture": "2c235dbc-1a84-4532-a086-75d283e9b95f@6c48a",
    "packable": true,
    "pixelsToUnit": 100,
    "pivot": {
      "x": 0.5,
      "y": 0.5
    },
    "meshType": 0
  }
}