{
  "__type__": "cc.SpriteFrame",
  "content": {
    "name": "sit2_06",
    "atlas": "",
    "rect": {
      "x": 33,
      "y": 43,
      "width": 55,
      "height": 139
    },
    "offset": {
      "x": 0.5,
      "y": -15
    },
    "originalSize": {
      "width": 120,
      "height": 195
    },
    "rotated": false,
    "capInsets": [
      0,
      0,
      0,
      0
    ],
    "vertices": {
      "rawPosition": [
        -27.5,
        -69.5,
        0,
        27.5,
        -69.5,
        0,
        -27.5,
        69.5,
        0,
        27.5,
        69.5,
        0
      ],
      "indexes": [
        0,
        1,
        2,
        2,
        1,
        3
      ],
      "uv": [
        33,
        152,
        88,
        152,
        33,
        13,
        88,
        13
      ],
      "nuv": [
        0.275,
        0.06666666666666667,
        0.7333333333333333,
        0.06666666666666667,
        0.275,
        0.7794871794871795,
        0.7333333333333333,
        0.7794871794871795
      ],
      "minPos": {
        "x": -27.5,
        "y": -69.5,
        "z": 0
      },
      "maxPos": {
        "x": 27.5,
        "y": 69.5,
        "z": 0
      }
    },
    "texture": "2c900b92-c3de-4a0a-85a5-84d5482204f6@6c48a",
    "packable": true,
    "pixelsToUnit": 100,
    "pivot": {
      "x": 0.5,
      "y": 0.5
    },
    "meshType": 0
  }
}