{
  "__type__": "cc.SpriteFrame",
  "content": {
    "name": "1_30",
    "atlas": "",
    "rect": {
      "x": 49,
      "y": 48,
      "width": 151,
      "height": 160
    },
    "offset": {
      "x": 14.5,
      "y": -18
    },
    "originalSize": {
      "width": 220,
      "height": 220
    },
    "rotated": false,
    "capInsets": [
      0,
      0,
      0,
      0
    ],
    "vertices": {
      "rawPosition": [
        -75.5,
        -80,
        0,
        75.5,
        -80,
        0,
        -75.5,
        80,
        0,
        75.5,
        80,
        0
      ],
      "indexes": [
        0,
        1,
        2,
        2,
        1,
        3
      ],
      "uv": [
        49,
        172,
        200,
        172,
        49,
        12,
        200,
        12
      ],
      "nuv": [
        0.22272727272727272,
        0.05454545454545454,
        0.9090909090909091,
        0.05454545454545454,
        0.22272727272727272,
        0.7818181818181819,
        0.9090909090909091,
        0.7818181818181819
      ],
      "minPos": {
        "x": -75.5,
        "y": -80,
        "z": 0
      },
      "maxPos": {
        "x": 75.5,
        "y": 80,
        "z": 0
      }
    },
    "texture": "2cc5a365-3499-4a6a-b84a-ce9ed3e6a841@6c48a",
    "packable": true,
    "pixelsToUnit": 100,
    "pivot": {
      "x": 0.5,
      "y": 0.5
    },
    "meshType": 0
  }
}