{
  "__type__": "cc.SpriteFrame",
  "content": {
    "name": "sit_00",
    "atlas": "",
    "rect": {
      "x": 42,
      "y": 22,
      "width": 50,
      "height": 163
    },
    "offset": {
      "x": 7,
      "y": -6
    },
    "originalSize": {
      "width": 120,
      "height": 195
    },
    "rotated": false,
    "capInsets": [
      0,
      0,
      0,
      0
    ],
    "vertices": {
      "rawPosition": [
        -25,
        -81.5,
        0,
        25,
        -81.5,
        0,
        -25,
        81.5,
        0,
        25,
        81.5,
        0
      ],
      "indexes": [
        0,
        1,
        2,
        2,
        1,
        3
      ],
      "uv": [
        42,
        173,
        92,
        173,
        42,
        10,
        92,
        10
      ],
      "nuv": [
        0.35,
        0.05128205128205128,
        0.7666666666666667,
        0.05128205128205128,
        0.35,
        0.8871794871794871,
        0.7666666666666667,
        0.8871794871794871
      ],
      "minPos": {
        "x": -25,
        "y": -81.5,
        "z": 0
      },
      "maxPos": {
        "x": 25,
        "y": 81.5,
        "z": 0
      }
    },
    "texture": "08195542-7e0c-4544-a8ad-fa6e6123767a@6c48a",
    "packable": true,
    "pixelsToUnit": 100,
    "pivot": {
      "x": 0.5,
      "y": 0.5
    },
    "meshType": 0
  }
}