{
  "__type__": "cc.SpriteFrame",
  "content": {
    "name": "1_147",
    "atlas": "",
    "rect": {
      "x": 79,
      "y": 118,
      "width": 202,
      "height": 183
    },
    "offset": {
      "x": -7.5,
      "y": -47.5
    },
    "originalSize": {
      "width": 375,
      "height": 324
    },
    "rotated": false,
    "capInsets": [
      0,
      0,
      0,
      0
    ],
    "vertices": {
      "rawPosition": [
        -101,
        -91.5,
        0,
        101,
        -91.5,
        0,
        -101,
        91.5,
        0,
        101,
        91.5,
        0
      ],
      "indexes": [
        0,
        1,
        2,
        2,
        1,
        3
      ],
      "uv": [
        79,
        206,
        281,
        206,
        79,
        23,
        281,
        23
      ],
      "nuv": [
        0.21066666666666667,
        0.07098765432098765,
        0.7493333333333333,
        0.07098765432098765,
        0.21066666666666667,
        0.6358024691358025,
        0.7493333333333333,
        0.6358024691358025
      ],
      "minPos": {
        "x": -101,
        "y": -91.5,
        "z": 0
      },
      "maxPos": {
        "x": 101,
        "y": 91.5,
        "z": 0
      }
    },
    "texture": "0846fe2d-20a7-4a60-ba7b-8eb91d0ebb20@6c48a",
    "packable": true,
    "pixelsToUnit": 100,
    "pivot": {
      "x": 0.5,
      "y": 0.5
    },
    "meshType": 0
  }
}