{
  "__type__": "cc.SpriteFrame",
  "content": {
    "name": "1_23",
    "atlas": "",
    "rect": {
      "x": 53,
      "y": 49,
      "width": 140,
      "height": 159
    },
    "offset": {
      "x": 13,
      "y": -18.5
    },
    "originalSize": {
      "width": 220,
      "height": 220
    },
    "rotated": false,
    "capInsets": [
      0,
      0,
      0,
      0
    ],
    "vertices": {
      "rawPosition": [
        -70,
        -79.5,
        0,
        70,
        -79.5,
        0,
        -70,
        79.5,
        0,
        70,
        79.5,
        0
      ],
      "indexes": [
        0,
        1,
        2,
        2,
        1,
        3
      ],
      "uv": [
        53,
        171,
        193,
        171,
        53,
        12,
        193,
        12
      ],
      "nuv": [
        0.2409090909090909,
        0.05454545454545454,
        0.8772727272727273,
        0.05454545454545454,
        0.2409090909090909,
        0.7772727272727272,
        0.8772727272727273,
        0.7772727272727272
      ],
      "minPos": {
        "x": -70,
        "y": -79.5,
        "z": 0
      },
      "maxPos": {
        "x": 70,
        "y": 79.5,
        "z": 0
      }
    },
    "texture": "084f2bfd-29a4-4e2c-be6f-9b786d611fc2@6c48a",
    "packable": true,
    "pixelsToUnit": 100,
    "pivot": {
      "x": 0.5,
      "y": 0.5
    },
    "meshType": 0
  }
}