{
  "__type__": "cc.SpriteFrame",
  "content": {
    "name": "move_10",
    "atlas": "",
    "rect": {
      "x": 45,
      "y": 26,
      "width": 56,
      "height": 158
    },
    "offset": {
      "x": 5.5,
      "y": -7.5
    },
    "originalSize": {
      "width": 135,
      "height": 195
    },
    "rotated": false,
    "capInsets": [
      0,
      0,
      0,
      0
    ],
    "vertices": {
      "rawPosition": [
        -28,
        -79,
        0,
        28,
        -79,
        0,
        -28,
        79,
        0,
        28,
        79,
        0
      ],
      "indexes": [
        0,
        1,
        2,
        2,
        1,
        3
      ],
      "uv": [
        45,
        169,
        101,
        169,
        45,
        11,
        101,
        11
      ],
      "nuv": [
        0.3333333333333333,
        0.05641025641025641,
        0.7481481481481481,
        0.05641025641025641,
        0.3333333333333333,
        0.8666666666666667,
        0.7481481481481481,
        0.8666666666666667
      ],
      "minPos": {
        "x": -28,
        "y": -79,
        "z": 0
      },
      "maxPos": {
        "x": 28,
        "y": 79,
        "z": 0
      }
    },
    "texture": "08726d63-c68c-4bda-b617-da8cd9ce713a@6c48a",
    "packable": true,
    "pixelsToUnit": 100,
    "pivot": {
      "x": 0.5,
      "y": 0.5
    },
    "meshType": 0
  }
}