{
  "__type__": "cc.SpriteFrame",
  "content": {
    "name": "1_07",
    "atlas": "",
    "rect": {
      "x": 47,
      "y": 46,
      "width": 142,
      "height": 160
    },
    "offset": {
      "x": 8,
      "y": -16
    },
    "originalSize": {
      "width": 220,
      "height": 220
    },
    "rotated": false,
    "capInsets": [
      0,
      0,
      0,
      0
    ],
    "vertices": {
      "rawPosition": [
        -71,
        -80,
        0,
        71,
        -80,
        0,
        -71,
        80,
        0,
        71,
        80,
        0
      ],
      "indexes": [
        0,
        1,
        2,
        2,
        1,
        3
      ],
      "uv": [
        47,
        174,
        189,
        174,
        47,
        14,
        189,
        14
      ],
      "nuv": [
        0.21363636363636362,
        0.06363636363636363,
        0.8590909090909091,
        0.06363636363636363,
        0.21363636363636362,
        0.7909090909090909,
        0.8590909090909091,
        0.7909090909090909
      ],
      "minPos": {
        "x": -71,
        "y": -80,
        "z": 0
      },
      "maxPos": {
        "x": 71,
        "y": 80,
        "z": 0
      }
    },
    "texture": "08768e28-01cf-48cb-9b9c-9e339cab25ac@6c48a",
    "packable": true,
    "pixelsToUnit": 100,
    "pivot": {
      "x": 0.5,
      "y": 0.5
    },
    "meshType": 0
  }
}