{
  "__type__": "cc.SpriteFrame",
  "content": {
    "name": "1_176",
    "atlas": "",
    "rect": {
      "x": 19,
      "y": 63,
      "width": 300,
      "height": 238
    },
    "offset": {
      "x": -18.5,
      "y": -20
    },
    "originalSize": {
      "width": 375,
      "height": 324
    },
    "rotated": false,
    "capInsets": [
      0,
      0,
      0,
      0
    ],
    "vertices": {
      "rawPosition": [
        -150,
        -119,
        0,
        150,
        -119,
        0,
        -150,
        119,
        0,
        150,
        119,
        0
      ],
      "indexes": [
        0,
        1,
        2,
        2,
        1,
        3
      ],
      "uv": [
        19,
        261,
        319,
        261,
        19,
        23,
        319,
        23
      ],
      "nuv": [
        0.050666666666666665,
        0.07098765432098765,
        0.8506666666666667,
        0.07098765432098765,
        0.050666666666666665,
        0.8055555555555556,
        0.8506666666666667,
        0.8055555555555556
      ],
      "minPos": {
        "x": -150,
        "y": -119,
        "z": 0
      },
      "maxPos": {
        "x": 150,
        "y": 119,
        "z": 0
      }
    },
    "texture": "0878bf58-3a59-4ae4-92ab-c5cfc9acb053@6c48a",
    "packable": true,
    "pixelsToUnit": 100,
    "pivot": {
      "x": 0.5,
      "y": 0.5
    },
    "meshType": 0
  }
}