{
  "__type__": "cc.SpriteFrame",
  "content": {
    "name": "1_11",
    "atlas": "",
    "rect": {
      "x": 37,
      "y": 46,
      "width": 153,
      "height": 160
    },
    "offset": {
      "x": 3.5,
      "y": -16
    },
    "originalSize": {
      "width": 220,
      "height": 220
    },
    "rotated": false,
    "capInsets": [
      0,
      0,
      0,
      0
    ],
    "vertices": {
      "rawPosition": [
        -76.5,
        -80,
        0,
        76.5,
        -80,
        0,
        -76.5,
        80,
        0,
        76.5,
        80,
        0
      ],
      "indexes": [
        0,
        1,
        2,
        2,
        1,
        3
      ],
      "uv": [
        37,
        174,
        190,
        174,
        37,
        14,
        190,
        14
      ],
      "nuv": [
        0.16818181818181818,
        0.06363636363636363,
        0.8636363636363636,
        0.06363636363636363,
        0.16818181818181818,
        0.7909090909090909,
        0.8636363636363636,
        0.7909090909090909
      ],
      "minPos": {
        "x": -76.5,
        "y": -80,
        "z": 0
      },
      "maxPos": {
        "x": 76.5,
        "y": 80,
        "z": 0
      }
    },
    "texture": "08aaa936-aece-4f9e-874e-9e6a7612d753@6c48a",
    "packable": true,
    "pixelsToUnit": 100,
    "pivot": {
      "x": 0.5,
      "y": 0.5
    },
    "meshType": 0
  }
}