{
  "__type__": "cc.SpriteFrame",
  "content": {
    "name": "move_12",
    "atlas": "",
    "rect": {
      "x": 36,
      "y": 31,
      "width": 54,
      "height": 151
    },
    "offset": {
      "x": 3,
      "y": -9
    },
    "originalSize": {
      "width": 120,
      "height": 195
    },
    "rotated": false,
    "capInsets": [
      0,
      0,
      0,
      0
    ],
    "vertices": {
      "rawPosition": [
        -27,
        -75.5,
        0,
        27,
        -75.5,
        0,
        -27,
        75.5,
        0,
        27,
        75.5,
        0
      ],
      "indexes": [
        0,
        1,
        2,
        2,
        1,
        3
      ],
      "uv": [
        36,
        164,
        90,
        164,
        36,
        13,
        90,
        13
      ],
      "nuv": [
        0.3,
        0.06666666666666667,
        0.75,
        0.06666666666666667,
        0.3,
        0.841025641025641,
        0.75,
        0.841025641025641
      ],
      "minPos": {
        "x": -27,
        "y": -75.5,
        "z": 0
      },
      "maxPos": {
        "x": 27,
        "y": 75.5,
        "z": 0
      }
    },
    "texture": "08b3f158-e587-413c-aa34-6ca4b0c496ed@6c48a",
    "packable": true,
    "pixelsToUnit": 100,
    "pivot": {
      "x": 0.5,
      "y": 0.5
    },
    "meshType": 0
  }
}