{
  "__type__": "cc.SpriteFrame",
  "content": {
    "name": "1_04",
    "atlas": "",
    "rect": {
      "x": 47,
      "y": 45,
      "width": 143,
      "height": 161
    },
    "offset": {
      "x": 8.5,
      "y": -15.5
    },
    "originalSize": {
      "width": 220,
      "height": 220
    },
    "rotated": false,
    "capInsets": [
      0,
      0,
      0,
      0
    ],
    "vertices": {
      "rawPosition": [
        -71.5,
        -80.5,
        0,
        71.5,
        -80.5,
        0,
        -71.5,
        80.5,
        0,
        71.5,
        80.5,
        0
      ],
      "indexes": [
        0,
        1,
        2,
        2,
        1,
        3
      ],
      "uv": [
        47,
        175,
        190,
        175,
        47,
        14,
        190,
        14
      ],
      "nuv": [
        0.21363636363636362,
        0.06363636363636363,
        0.8636363636363636,
        0.06363636363636363,
        0.21363636363636362,
        0.7954545454545454,
        0.8636363636363636,
        0.7954545454545454
      ],
      "minPos": {
        "x": -71.5,
        "y": -80.5,
        "z": 0
      },
      "maxPos": {
        "x": 71.5,
        "y": 80.5,
        "z": 0
      }
    },
    "texture": "760f37ad-1b7a-466d-bd44-4da05f2f131f@6c48a",
    "packable": true,
    "pixelsToUnit": 100,
    "pivot": {
      "x": 0.5,
      "y": 0.5
    },
    "meshType": 0
  }
}