{
  "__type__": "cc.SpriteFrame",
  "content": {
    "name": "1_029",
    "atlas": "",
    "rect": {
      "x": 79,
      "y": 65,
      "width": 204,
      "height": 220
    },
    "offset": {
      "x": -6.5,
      "y": -13
    },
    "originalSize": {
      "width": 375,
      "height": 324
    },
    "rotated": false,
    "capInsets": [
      0,
      0,
      0,
      0
    ],
    "vertices": {
      "rawPosition": [
        -102,
        -110,
        0,
        102,
        -110,
        0,
        -102,
        110,
        0,
        102,
        110,
        0
      ],
      "indexes": [
        0,
        1,
        2,
        2,
        1,
        3
      ],
      "uv": [
        79,
        259,
        283,
        259,
        79,
        39,
        283,
        39
      ],
      "nuv": [
        0.21066666666666667,
        0.12037037037037036,
        0.7546666666666667,
        0.12037037037037036,
        0.21066666666666667,
        0.7993827160493827,
        0.7546666666666667,
        0.7993827160493827
      ],
      "minPos": {
        "x": -102,
        "y": -110,
        "z": 0
      },
      "maxPos": {
        "x": 102,
        "y": 110,
        "z": 0
      }
    },
    "texture": "76157253-4751-4e03-9e0a-3f6fa4178756@6c48a",
    "packable": true,
    "pixelsToUnit": 100,
    "pivot": {
      "x": 0.5,
      "y": 0.5
    },
    "meshType": 0
  }
}