{
  "__type__": "cc.SpriteFrame",
  "content": {
    "name": "sit2_01",
    "atlas": "",
    "rect": {
      "x": 40,
      "y": 28,
      "width": 48,
      "height": 154
    },
    "offset": {
      "x": 4,
      "y": -7.5
    },
    "originalSize": {
      "width": 120,
      "height": 195
    },
    "rotated": false,
    "capInsets": [
      0,
      0,
      0,
      0
    ],
    "vertices": {
      "rawPosition": [
        -24,
        -77,
        0,
        24,
        -77,
        0,
        -24,
        77,
        0,
        24,
        77,
        0
      ],
      "indexes": [
        0,
        1,
        2,
        2,
        1,
        3
      ],
      "uv": [
        40,
        167,
        88,
        167,
        40,
        13,
        88,
        13
      ],
      "nuv": [
        0.3333333333333333,
        0.06666666666666667,
        0.7333333333333333,
        0.06666666666666667,
        0.3333333333333333,
        0.8564102564102564,
        0.7333333333333333,
        0.8564102564102564
      ],
      "minPos": {
        "x": -24,
        "y": -77,
        "z": 0
      },
      "maxPos": {
        "x": 24,
        "y": 77,
        "z": 0
      }
    },
    "texture": "76e675a5-0b5d-4d10-b345-957d7b8516f6@6c48a",
    "packable": true,
    "pixelsToUnit": 100,
    "pivot": {
      "x": 0.5,
      "y": 0.5
    },
    "meshType": 0
  }
}