{
  "__type__": "cc.SpriteFrame",
  "content": {
    "name": "1_08",
    "atlas": "",
    "rect": {
      "x": 22,
      "y": 39,
      "width": 137,
      "height": 162
    },
    "offset": {
      "x": -19.5,
      "y": -10
    },
    "originalSize": {
      "width": 220,
      "height": 220
    },
    "rotated": false,
    "capInsets": [
      0,
      0,
      0,
      0
    ],
    "vertices": {
      "rawPosition": [
        -68.5,
        -81,
        0,
        68.5,
        -81,
        0,
        -68.5,
        81,
        0,
        68.5,
        81,
        0
      ],
      "indexes": [
        0,
        1,
        2,
        2,
        1,
        3
      ],
      "uv": [
        22,
        181,
        159,
        181,
        22,
        19,
        159,
        19
      ],
      "nuv": [
        0.1,
        0.08636363636363636,
        0.7227272727272728,
        0.08636363636363636,
        0.1,
        0.8227272727272728,
        0.7227272727272728,
        0.8227272727272728
      ],
      "minPos": {
        "x": -68.5,
        "y": -81,
        "z": 0
      },
      "maxPos": {
        "x": 68.5,
        "y": 81,
        "z": 0
      }
    },
    "texture": "bb06e913-bbca-4d46-b8af-80ee1c2ad693@6c48a",
    "packable": true,
    "pixelsToUnit": 100,
    "pivot": {
      "x": 0.5,
      "y": 0.5
    },
    "meshType": 0
  }
}