{
  "__type__": "cc.SpriteFrame",
  "content": {
    "name": "sit_02",
    "atlas": "",
    "rect": {
      "x": 39,
      "y": 33,
      "width": 51,
      "height": 149
    },
    "offset": {
      "x": 4.5,
      "y": -10
    },
    "originalSize": {
      "width": 120,
      "height": 195
    },
    "rotated": false,
    "capInsets": [
      0,
      0,
      0,
      0
    ],
    "vertices": {
      "rawPosition": [
        -25.5,
        -74.5,
        0,
        25.5,
        -74.5,
        0,
        -25.5,
        74.5,
        0,
        25.5,
        74.5,
        0
      ],
      "indexes": [
        0,
        1,
        2,
        2,
        1,
        3
      ],
      "uv": [
        39,
        162,
        90,
        162,
        39,
        13,
        90,
        13
      ],
      "nuv": [
        0.325,
        0.06666666666666667,
        0.75,
        0.06666666666666667,
        0.325,
        0.8307692307692308,
        0.75,
        0.8307692307692308
      ],
      "minPos": {
        "x": -25.5,
        "y": -74.5,
        "z": 0
      },
      "maxPos": {
        "x": 25.5,
        "y": 74.5,
        "z": 0
      }
    },
    "texture": "bb1489d8-133b-49ef-a6c4-590c33d43865@6c48a",
    "packable": true,
    "pixelsToUnit": 100,
    "pivot": {
      "x": 0.5,
      "y": 0.5
    },
    "meshType": 0
  }
}