{
  "__type__": "cc.SpriteFrame",
  "content": {
    "name": "1_53",
    "atlas": "",
    "rect": {
      "x": 17,
      "y": 58,
      "width": 170,
      "height": 96
    },
    "offset": {
      "x": -8,
      "y": 4
    },
    "originalSize": {
      "width": 220,
      "height": 220
    },
    "rotated": false,
    "capInsets": [
      0,
      0,
      0,
      0
    ],
    "vertices": {
      "rawPosition": [
        -85,
        -48,
        0,
        85,
        -48,
        0,
        -85,
        48,
        0,
        85,
        48,
        0
      ],
      "indexes": [
        0,
        1,
        2,
        2,
        1,
        3
      ],
      "uv": [
        17,
        162,
        187,
        162,
        17,
        66,
        187,
        66
      ],
      "nuv": [
        0.07727272727272727,
        0.3,
        0.85,
        0.3,
        0.07727272727272727,
        0.7363636363636363,
        0.85,
        0.7363636363636363
      ],
      "minPos": {
        "x": -85,
        "y": -48,
        "z": 0
      },
      "maxPos": {
        "x": 85,
        "y": 48,
        "z": 0
      }
    },
    "texture": "bb222cd0-9c03-455f-b5c7-88a942c526ee@6c48a",
    "packable": true,
    "pixelsToUnit": 100,
    "pivot": {
      "x": 0.5,
      "y": 0.5
    },
    "meshType": 0
  }
}