{
  "__type__": "cc.SpriteFrame",
  "content": {
    "name": "tu01-stand_47",
    "atlas": "",
    "rect": {
      "x": 42,
      "y": 65,
      "width": 155,
      "height": 148
    },
    "offset": {
      "x": 9.5,
      "y": -29
    },
    "originalSize": {
      "width": 220,
      "height": 220
    },
    "rotated": false,
    "capInsets": [
      0,
      0,
      0,
      0
    ],
    "vertices": {
      "rawPosition": [
        -77.5,
        -74,
        0,
        77.5,
        -74,
        0,
        -77.5,
        74,
        0,
        77.5,
        74,
        0
      ],
      "indexes": [
        0,
        1,
        2,
        2,
        1,
        3
      ],
      "uv": [
        42,
        155,
        197,
        155,
        42,
        7,
        197,
        7
      ],
      "nuv": [
        0.19090909090909092,
        0.031818181818181815,
        0.8954545454545455,
        0.031818181818181815,
        0.19090909090909092,
        0.7045454545454546,
        0.8954545454545455,
        0.7045454545454546
      ],
      "minPos": {
        "x": -77.5,
        "y": -74,
        "z": 0
      },
      "maxPos": {
        "x": 77.5,
        "y": 74,
        "z": 0
      }
    },
    "texture": "bb50b101-6b44-4660-a20b-392c9d68217b@6c48a",
    "packable": true,
    "pixelsToUnit": 100,
    "pivot": {
      "x": 0.5,
      "y": 0.5
    },
    "meshType": 0
  }
}