{
  "__type__": "cc.SpriteFrame",
  "content": {
    "name": "idle_24",
    "atlas": "",
    "rect": {
      "x": 38,
      "y": 27,
      "width": 48,
      "height": 155
    },
    "offset": {
      "x": 2,
      "y": -7
    },
    "originalSize": {
      "width": 120,
      "height": 195
    },
    "rotated": false,
    "capInsets": [
      0,
      0,
      0,
      0
    ],
    "vertices": {
      "rawPosition": [
        -24,
        -77.5,
        0,
        24,
        -77.5,
        0,
        -24,
        77.5,
        0,
        24,
        77.5,
        0
      ],
      "indexes": [
        0,
        1,
        2,
        2,
        1,
        3
      ],
      "uv": [
        38,
        168,
        86,
        168,
        38,
        13,
        86,
        13
      ],
      "nuv": [
        0.31666666666666665,
        0.06666666666666667,
        0.7166666666666667,
        0.06666666666666667,
        0.31666666666666665,
        0.8615384615384616,
        0.7166666666666667,
        0.8615384615384616
      ],
      "minPos": {
        "x": -24,
        "y": -77.5,
        "z": 0
      },
      "maxPos": {
        "x": 24,
        "y": 77.5,
        "z": 0
      }
    },
    "texture": "bb9920e9-3103-4d45-8006-c45bb8e0bdcf@6c48a",
    "packable": true,
    "pixelsToUnit": 100,
    "pivot": {
      "x": 0.5,
      "y": 0.5
    },
    "meshType": 0
  }
}