{
  "__type__": "cc.SpriteFrame",
  "content": {
    "name": "1_068",
    "atlas": "",
    "rect": {
      "x": 79,
      "y": 114,
      "width": 191,
      "height": 187
    },
    "offset": {
      "x": -13,
      "y": -45.5
    },
    "originalSize": {
      "width": 375,
      "height": 324
    },
    "rotated": false,
    "capInsets": [
      0,
      0,
      0,
      0
    ],
    "vertices": {
      "rawPosition": [
        -95.5,
        -93.5,
        0,
        95.5,
        -93.5,
        0,
        -95.5,
        93.5,
        0,
        95.5,
        93.5,
        0
      ],
      "indexes": [
        0,
        1,
        2,
        2,
        1,
        3
      ],
      "uv": [
        79,
        210,
        270,
        210,
        79,
        23,
        270,
        23
      ],
      "nuv": [
        0.21066666666666667,
        0.07098765432098765,
        0.72,
        0.07098765432098765,
        0.21066666666666667,
        0.6481481481481481,
        0.72,
        0.6481481481481481
      ],
      "minPos": {
        "x": -95.5,
        "y": -93.5,
        "z": 0
      },
      "maxPos": {
        "x": 95.5,
        "y": 93.5,
        "z": 0
      }
    },
    "texture": "bba1cd36-bd29-48f5-816a-a638afe95a49@6c48a",
    "packable": true,
    "pixelsToUnit": 100,
    "pivot": {
      "x": 0.5,
      "y": 0.5
    },
    "meshType": 0
  }
}