{
  "__type__": "cc.SpriteFrame",
  "content": {
    "name": "tu01-stand_42",
    "atlas": "",
    "rect": {
      "x": 42,
      "y": 66,
      "width": 155,
      "height": 147
    },
    "offset": {
      "x": 9.5,
      "y": -29.5
    },
    "originalSize": {
      "width": 220,
      "height": 220
    },
    "rotated": false,
    "capInsets": [
      0,
      0,
      0,
      0
    ],
    "vertices": {
      "rawPosition": [
        -77.5,
        -73.5,
        0,
        77.5,
        -73.5,
        0,
        -77.5,
        73.5,
        0,
        77.5,
        73.5,
        0
      ],
      "indexes": [
        0,
        1,
        2,
        2,
        1,
        3
      ],
      "uv": [
        42,
        154,
        197,
        154,
        42,
        7,
        197,
        7
      ],
      "nuv": [
        0.19090909090909092,
        0.031818181818181815,
        0.8954545454545455,
        0.031818181818181815,
        0.19090909090909092,
        0.7,
        0.8954545454545455,
        0.7
      ],
      "minPos": {
        "x": -77.5,
        "y": -73.5,
        "z": 0
      },
      "maxPos": {
        "x": 77.5,
        "y": 73.5,
        "z": 0
      }
    },
    "texture": "bbc323b9-3f7b-4bff-86d6-a6e04d714500@6c48a",
    "packable": true,
    "pixelsToUnit": 100,
    "pivot": {
      "x": 0.5,
      "y": 0.5
    },
    "meshType": 0
  }
}