{
  "__type__": "cc.SpriteFrame",
  "content": {
    "name": "sit2_05",
    "atlas": "",
    "rect": {
      "x": 24,
      "y": 40,
      "width": 57,
      "height": 144
    },
    "offset": {
      "x": -7.5,
      "y": -14.5
    },
    "originalSize": {
      "width": 120,
      "height": 195
    },
    "rotated": false,
    "capInsets": [
      0,
      0,
      0,
      0
    ],
    "vertices": {
      "rawPosition": [
        -28.5,
        -72,
        0,
        28.5,
        -72,
        0,
        -28.5,
        72,
        0,
        28.5,
        72,
        0
      ],
      "indexes": [
        0,
        1,
        2,
        2,
        1,
        3
      ],
      "uv": [
        24,
        155,
        81,
        155,
        24,
        11,
        81,
        11
      ],
      "nuv": [
        0.2,
        0.05641025641025641,
        0.675,
        0.05641025641025641,
        0.2,
        0.7948717948717948,
        0.675,
        0.7948717948717948
      ],
      "minPos": {
        "x": -28.5,
        "y": -72,
        "z": 0
      },
      "maxPos": {
        "x": 28.5,
        "y": 72,
        "z": 0
      }
    },
    "texture": "bbc7316c-80a7-46fc-b31f-5cb7e5700dce@6c48a",
    "packable": true,
    "pixelsToUnit": 100,
    "pivot": {
      "x": 0.5,
      "y": 0.5
    },
    "meshType": 0
  }
}