{
  "__type__": "cc.SpriteFrame",
  "content": {
    "name": "1_24",
    "atlas": "",
    "rect": {
      "x": 56,
      "y": 49,
      "width": 137,
      "height": 159
    },
    "offset": {
      "x": 14.5,
      "y": -18.5
    },
    "originalSize": {
      "width": 220,
      "height": 220
    },
    "rotated": false,
    "capInsets": [
      0,
      0,
      0,
      0
    ],
    "vertices": {
      "rawPosition": [
        -68.5,
        -79.5,
        0,
        68.5,
        -79.5,
        0,
        -68.5,
        79.5,
        0,
        68.5,
        79.5,
        0
      ],
      "indexes": [
        0,
        1,
        2,
        2,
        1,
        3
      ],
      "uv": [
        56,
        171,
        193,
        171,
        56,
        12,
        193,
        12
      ],
      "nuv": [
        0.2545454545454545,
        0.05454545454545454,
        0.8772727272727273,
        0.05454545454545454,
        0.2545454545454545,
        0.7772727272727272,
        0.8772727272727273,
        0.7772727272727272
      ],
      "minPos": {
        "x": -68.5,
        "y": -79.5,
        "z": 0
      },
      "maxPos": {
        "x": 68.5,
        "y": 79.5,
        "z": 0
      }
    },
    "texture": "bbf081d7-afc1-4977-b4ae-0f8506c57871@6c48a",
    "packable": true,
    "pixelsToUnit": 100,
    "pivot": {
      "x": 0.5,
      "y": 0.5
    },
    "meshType": 0
  }
}