{
  "__type__": "cc.SpriteFrame",
  "content": {
    "name": "sit2_idle_10",
    "atlas": "",
    "rect": {
      "x": 37,
      "y": 50,
      "width": 62,
      "height": 132
    },
    "offset": {
      "x": 8,
      "y": -18.5
    },
    "originalSize": {
      "width": 120,
      "height": 195
    },
    "rotated": false,
    "capInsets": [
      0,
      0,
      0,
      0
    ],
    "vertices": {
      "rawPosition": [
        -31,
        -66,
        0,
        31,
        -66,
        0,
        -31,
        66,
        0,
        31,
        66,
        0
      ],
      "indexes": [
        0,
        1,
        2,
        2,
        1,
        3
      ],
      "uv": [
        37,
        145,
        99,
        145,
        37,
        13,
        99,
        13
      ],
      "nuv": [
        0.30833333333333335,
        0.06666666666666667,
        0.825,
        0.06666666666666667,
        0.30833333333333335,
        0.7435897435897436,
        0.825,
        0.7435897435897436
      ],
      "minPos": {
        "x": -31,
        "y": -66,
        "z": 0
      },
      "maxPos": {
        "x": 31,
        "y": 66,
        "z": 0
      }
    },
    "texture": "ee5bfa18-837e-4411-928d-f0620d7ca3bf@6c48a",
    "packable": true,
    "pixelsToUnit": 100,
    "pivot": {
      "x": 0.5,
      "y": 0.5
    },
    "meshType": 0
  }
}