{
  "__type__": "cc.SpriteFrame",
  "content": {
    "name": "1_05",
    "atlas": "",
    "rect": {
      "x": 46,
      "y": 53,
      "width": 137,
      "height": 149
    },
    "offset": {
      "x": 4.5,
      "y": -17.5
    },
    "originalSize": {
      "width": 220,
      "height": 220
    },
    "rotated": false,
    "capInsets": [
      0,
      0,
      0,
      0
    ],
    "vertices": {
      "rawPosition": [
        -68.5,
        -74.5,
        0,
        68.5,
        -74.5,
        0,
        -68.5,
        74.5,
        0,
        68.5,
        74.5,
        0
      ],
      "indexes": [
        0,
        1,
        2,
        2,
        1,
        3
      ],
      "uv": [
        46,
        167,
        183,
        167,
        46,
        18,
        183,
        18
      ],
      "nuv": [
        0.20909090909090908,
        0.08181818181818182,
        0.8318181818181818,
        0.08181818181818182,
        0.20909090909090908,
        0.759090909090909,
        0.8318181818181818,
        0.759090909090909
      ],
      "minPos": {
        "x": -68.5,
        "y": -74.5,
        "z": 0
      },
      "maxPos": {
        "x": 68.5,
        "y": 74.5,
        "z": 0
      }
    },
    "texture": "ee79a103-f57f-41d0-9574-3fb057bfa00b@6c48a",
    "packable": true,
    "pixelsToUnit": 100,
    "pivot": {
      "x": 0.5,
      "y": 0.5
    },
    "meshType": 0
  }
}