{
  "__type__": "cc.SpriteFrame",
  "content": {
    "name": "sit2_04",
    "atlas": "",
    "rect": {
      "x": 39,
      "y": 35,
      "width": 58,
      "height": 151
    },
    "offset": {
      "x": 0.5,
      "y": -13
    },
    "originalSize": {
      "width": 135,
      "height": 195
    },
    "rotated": false,
    "capInsets": [
      0,
      0,
      0,
      0
    ],
    "vertices": {
      "rawPosition": [
        -29,
        -75.5,
        0,
        29,
        -75.5,
        0,
        -29,
        75.5,
        0,
        29,
        75.5,
        0
      ],
      "indexes": [
        0,
        1,
        2,
        2,
        1,
        3
      ],
      "uv": [
        39,
        160,
        97,
        160,
        39,
        9,
        97,
        9
      ],
      "nuv": [
        0.28888888888888886,
        0.046153846153846156,
        0.7185185185185186,
        0.046153846153846156,
        0.28888888888888886,
        0.8205128205128205,
        0.7185185185185186,
        0.8205128205128205
      ],
      "minPos": {
        "x": -29,
        "y": -75.5,
        "z": 0
      },
      "maxPos": {
        "x": 29,
        "y": 75.5,
        "z": 0
      }
    },
    "texture": "1f2aedeb-add4-4845-99b9-66eec523892f@6c48a",
    "packable": true,
    "pixelsToUnit": 100,
    "pivot": {
      "x": 0.5,
      "y": 0.5
    },
    "meshType": 0
  }
}