{
  "__type__": "cc.SpriteFrame",
  "content": {
    "name": "tu01-stand1_49",
    "atlas": "",
    "rect": {
      "x": 24,
      "y": 70,
      "width": 146,
      "height": 143
    },
    "offset": {
      "x": -13,
      "y": -31.5
    },
    "originalSize": {
      "width": 220,
      "height": 220
    },
    "rotated": false,
    "capInsets": [
      0,
      0,
      0,
      0
    ],
    "vertices": {
      "rawPosition": [
        -73,
        -71.5,
        0,
        73,
        -71.5,
        0,
        -73,
        71.5,
        0,
        73,
        71.5,
        0
      ],
      "indexes": [
        0,
        1,
        2,
        2,
        1,
        3
      ],
      "uv": [
        24,
        150,
        170,
        150,
        24,
        7,
        170,
        7
      ],
      "nuv": [
        0.10909090909090909,
        0.031818181818181815,
        0.7727272727272727,
        0.031818181818181815,
        0.10909090909090909,
        0.6818181818181818,
        0.7727272727272727,
        0.6818181818181818
      ],
      "minPos": {
        "x": -73,
        "y": -71.5,
        "z": 0
      },
      "maxPos": {
        "x": 73,
        "y": 71.5,
        "z": 0
      }
    },
    "texture": "1f90bfb7-c703-45fe-bfdc-e58497772ca9@6c48a",
    "packable": true,
    "pixelsToUnit": 100,
    "pivot": {
      "x": 0.5,
      "y": 0.5
    },
    "meshType": 0
  }
}