{
  "__type__": "cc.SpriteFrame",
  "content": {
    "name": "1_15",
    "atlas": "",
    "rect": {
      "x": 102,
      "y": 220,
      "width": 104,
      "height": 100
    },
    "offset": {
      "x": 13.5,
      "y": -104.5
    },
    "originalSize": {
      "width": 281,
      "height": 331
    },
    "rotated": false,
    "capInsets": [
      0,
      0,
      0,
      0
    ],
    "vertices": {
      "rawPosition": [
        -52,
        -50,
        0,
        52,
        -50,
        0,
        -52,
        50,
        0,
        52,
        50,
        0
      ],
      "indexes": [
        0,
        1,
        2,
        2,
        1,
        3
      ],
      "uv": [
        102,
        111,
        206,
        111,
        102,
        11,
        206,
        11
      ],
      "nuv": [
        0.36298932384341637,
        0.03323262839879154,
        0.7330960854092526,
        0.03323262839879154,
        0.36298932384341637,
        0.33534743202416917,
        0.7330960854092526,
        0.33534743202416917
      ],
      "minPos": {
        "x": -52,
        "y": -50,
        "z": 0
      },
      "maxPos": {
        "x": 52,
        "y": 50,
        "z": 0
      }
    },
    "texture": "27126ea2-d74b-4d7a-83c0-507d948bc142@6c48a",
    "packable": true,
    "pixelsToUnit": 100,
    "pivot": {
      "x": 0.5,
      "y": 0.5
    },
    "meshType": 0
  }
}