{
  "__type__": "cc.SpriteFrame",
  "content": {
    "name": "1_140",
    "atlas": "",
    "rect": {
      "x": 79,
      "y": 70,
      "width": 253,
      "height": 231
    },
    "offset": {
      "x": 18,
      "y": -23.5
    },
    "originalSize": {
      "width": 375,
      "height": 324
    },
    "rotated": false,
    "capInsets": [
      0,
      0,
      0,
      0
    ],
    "vertices": {
      "rawPosition": [
        -126.5,
        -115.5,
        0,
        126.5,
        -115.5,
        0,
        -126.5,
        115.5,
        0,
        126.5,
        115.5,
        0
      ],
      "indexes": [
        0,
        1,
        2,
        2,
        1,
        3
      ],
      "uv": [
        79,
        254,
        332,
        254,
        79,
        23,
        332,
        23
      ],
      "nuv": [
        0.21066666666666667,
        0.07098765432098765,
        0.8853333333333333,
        0.07098765432098765,
        0.21066666666666667,
        0.7839506172839507,
        0.8853333333333333,
        0.7839506172839507
      ],
      "minPos": {
        "x": -126.5,
        "y": -115.5,
        "z": 0
      },
      "maxPos": {
        "x": 126.5,
        "y": 115.5,
        "z": 0
      }
    },
    "texture": "273745f8-c6ef-4eb7-939b-cb41b09b1162@6c48a",
    "packable": true,
    "pixelsToUnit": 100,
    "pivot": {
      "x": 0.5,
      "y": 0.5
    },
    "meshType": 0
  }
}