{
  "__type__": "cc.SpriteFrame",
  "content": {
    "name": "tu01-stand_73",
    "atlas": "",
    "rect": {
      "x": 26,
      "y": 65,
      "width": 154,
      "height": 148
    },
    "offset": {
      "x": -7,
      "y": -29
    },
    "originalSize": {
      "width": 220,
      "height": 220
    },
    "rotated": false,
    "capInsets": [
      0,
      0,
      0,
      0
    ],
    "vertices": {
      "rawPosition": [
        -77,
        -74,
        0,
        77,
        -74,
        0,
        -77,
        74,
        0,
        77,
        74,
        0
      ],
      "indexes": [
        0,
        1,
        2,
        2,
        1,
        3
      ],
      "uv": [
        26,
        155,
        180,
        155,
        26,
        7,
        180,
        7
      ],
      "nuv": [
        0.11818181818181818,
        0.031818181818181815,
        0.8181818181818182,
        0.031818181818181815,
        0.11818181818181818,
        0.7045454545454546,
        0.8181818181818182,
        0.7045454545454546
      ],
      "minPos": {
        "x": -77,
        "y": -74,
        "z": 0
      },
      "maxPos": {
        "x": 77,
        "y": 74,
        "z": 0
      }
    },
    "texture": "2778820c-b0a1-4549-863d-e62dc0307335@6c48a",
    "packable": true,
    "pixelsToUnit": 100,
    "pivot": {
      "x": 0.5,
      "y": 0.5
    },
    "meshType": 0
  }
}