{
  "__type__": "cc.SpriteFrame",
  "content": {
    "name": "1_027",
    "atlas": "",
    "rect": {
      "x": 79,
      "y": 63,
      "width": 230,
      "height": 222
    },
    "offset": {
      "x": 6.5,
      "y": -12
    },
    "originalSize": {
      "width": 375,
      "height": 324
    },
    "rotated": false,
    "capInsets": [
      0,
      0,
      0,
      0
    ],
    "vertices": {
      "rawPosition": [
        -115,
        -111,
        0,
        115,
        -111,
        0,
        -115,
        111,
        0,
        115,
        111,
        0
      ],
      "indexes": [
        0,
        1,
        2,
        2,
        1,
        3
      ],
      "uv": [
        79,
        261,
        309,
        261,
        79,
        39,
        309,
        39
      ],
      "nuv": [
        0.21066666666666667,
        0.12037037037037036,
        0.824,
        0.12037037037037036,
        0.21066666666666667,
        0.8055555555555556,
        0.824,
        0.8055555555555556
      ],
      "minPos": {
        "x": -115,
        "y": -111,
        "z": 0
      },
      "maxPos": {
        "x": 115,
        "y": 111,
        "z": 0
      }
    },
    "texture": "27e22a70-f676-4bab-a8fa-6c194d08f480@6c48a",
    "packable": true,
    "pixelsToUnit": 100,
    "pivot": {
      "x": 0.5,
      "y": 0.5
    },
    "meshType": 0
  }
}