{
  "__type__": "cc.SpriteFrame",
  "content": {
    "name": "1_18",
    "atlas": "",
    "rect": {
      "x": 45,
      "y": 47,
      "width": 149,
      "height": 152
    },
    "offset": {
      "x": 9.5,
      "y": -13
    },
    "originalSize": {
      "width": 220,
      "height": 220
    },
    "rotated": false,
    "capInsets": [
      0,
      0,
      0,
      0
    ],
    "vertices": {
      "rawPosition": [
        -74.5,
        -76,
        0,
        74.5,
        -76,
        0,
        -74.5,
        76,
        0,
        74.5,
        76,
        0
      ],
      "indexes": [
        0,
        1,
        2,
        2,
        1,
        3
      ],
      "uv": [
        45,
        173,
        194,
        173,
        45,
        21,
        194,
        21
      ],
      "nuv": [
        0.20454545454545456,
        0.09545454545454546,
        0.8818181818181818,
        0.09545454545454546,
        0.20454545454545456,
        0.7863636363636364,
        0.8818181818181818,
        0.7863636363636364
      ],
      "minPos": {
        "x": -74.5,
        "y": -76,
        "z": 0
      },
      "maxPos": {
        "x": 74.5,
        "y": 76,
        "z": 0
      }
    },
    "texture": "f60ed49b-df0e-4598-a2c9-c01414395520@6c48a",
    "packable": true,
    "pixelsToUnit": 100,
    "pivot": {
      "x": 0.5,
      "y": 0.5
    },
    "meshType": 0
  }
}