{
  "__type__": "cc.SpriteFrame",
  "content": {
    "name": "move_20",
    "atlas": "",
    "rect": {
      "x": 43,
      "y": 25,
      "width": 51,
      "height": 158
    },
    "offset": {
      "x": 8.5,
      "y": -6.5
    },
    "originalSize": {
      "width": 120,
      "height": 195
    },
    "rotated": false,
    "capInsets": [
      0,
      0,
      0,
      0
    ],
    "vertices": {
      "rawPosition": [
        -25.5,
        -79,
        0,
        25.5,
        -79,
        0,
        -25.5,
        79,
        0,
        25.5,
        79,
        0
      ],
      "indexes": [
        0,
        1,
        2,
        2,
        1,
        3
      ],
      "uv": [
        43,
        170,
        94,
        170,
        43,
        12,
        94,
        12
      ],
      "nuv": [
        0.35833333333333334,
        0.06153846153846154,
        0.7833333333333333,
        0.06153846153846154,
        0.35833333333333334,
        0.8717948717948718,
        0.7833333333333333,
        0.8717948717948718
      ],
      "minPos": {
        "x": -25.5,
        "y": -79,
        "z": 0
      },
      "maxPos": {
        "x": 25.5,
        "y": 79,
        "z": 0
      }
    },
    "texture": "f665c4c1-c51d-4ad6-80ec-6543cc8b5d4b@6c48a",
    "packable": true,
    "pixelsToUnit": 100,
    "pivot": {
      "x": 0.5,
      "y": 0.5
    },
    "meshType": 0
  }
}