{
  "__type__": "cc.SpriteFrame",
  "content": {
    "name": "tu01-stand1_87",
    "atlas": "",
    "rect": {
      "x": 26,
      "y": 62,
      "width": 182,
      "height": 151
    },
    "offset": {
      "x": 7,
      "y": -27.5
    },
    "originalSize": {
      "width": 220,
      "height": 220
    },
    "rotated": false,
    "capInsets": [
      0,
      0,
      0,
      0
    ],
    "vertices": {
      "rawPosition": [
        -91,
        -75.5,
        0,
        91,
        -75.5,
        0,
        -91,
        75.5,
        0,
        91,
        75.5,
        0
      ],
      "indexes": [
        0,
        1,
        2,
        2,
        1,
        3
      ],
      "uv": [
        26,
        158,
        208,
        158,
        26,
        7,
        208,
        7
      ],
      "nuv": [
        0.11818181818181818,
        0.031818181818181815,
        0.9454545454545454,
        0.031818181818181815,
        0.11818181818181818,
        0.7181818181818181,
        0.9454545454545454,
        0.7181818181818181
      ],
      "minPos": {
        "x": -91,
        "y": -75.5,
        "z": 0
      },
      "maxPos": {
        "x": 91,
        "y": 75.5,
        "z": 0
      }
    },
    "texture": "f66a0209-86ca-4f05-aac9-9095c0ce023d@6c48a",
    "packable": true,
    "pixelsToUnit": 100,
    "pivot": {
      "x": 0.5,
      "y": 0.5
    },
    "meshType": 0
  }
}