{
  "__type__": "cc.SpriteFrame",
  "content": {
    "name": "1_00",
    "atlas": "",
    "rect": {
      "x": 41,
      "y": 47,
      "width": 134,
      "height": 154
    },
    "offset": {
      "x": -2,
      "y": -14
    },
    "originalSize": {
      "width": 220,
      "height": 220
    },
    "rotated": false,
    "capInsets": [
      0,
      0,
      0,
      0
    ],
    "vertices": {
      "rawPosition": [
        -67,
        -77,
        0,
        67,
        -77,
        0,
        -67,
        77,
        0,
        67,
        77,
        0
      ],
      "indexes": [
        0,
        1,
        2,
        2,
        1,
        3
      ],
      "uv": [
        41,
        173,
        175,
        173,
        41,
        19,
        175,
        19
      ],
      "nuv": [
        0.18636363636363637,
        0.08636363636363636,
        0.7954545454545454,
        0.08636363636363636,
        0.18636363636363637,
        0.7863636363636364,
        0.7954545454545454,
        0.7863636363636364
      ],
      "minPos": {
        "x": -67,
        "y": -77,
        "z": 0
      },
      "maxPos": {
        "x": 67,
        "y": 77,
        "z": 0
      }
    },
    "texture": "f6790ef9-0d17-4503-8a8a-4f37a7eab676@6c48a",
    "packable": true,
    "pixelsToUnit": 100,
    "pivot": {
      "x": 0.5,
      "y": 0.5
    },
    "meshType": 0
  }
}