{
  "__type__": "cc.SpriteFrame",
  "content": {
    "name": "1_02",
    "atlas": "",
    "rect": {
      "x": 46,
      "y": 78,
      "width": 113,
      "height": 75
    },
    "offset": {
      "x": -7.5,
      "y": -5.5
    },
    "originalSize": {
      "width": 220,
      "height": 220
    },
    "rotated": false,
    "capInsets": [
      0,
      0,
      0,
      0
    ],
    "vertices": {
      "rawPosition": [
        -56.5,
        -37.5,
        0,
        56.5,
        -37.5,
        0,
        -56.5,
        37.5,
        0,
        56.5,
        37.5,
        0
      ],
      "indexes": [
        0,
        1,
        2,
        2,
        1,
        3
      ],
      "uv": [
        46,
        142,
        159,
        142,
        46,
        67,
        159,
        67
      ],
      "nuv": [
        0.20909090909090908,
        0.30454545454545456,
        0.7227272727272728,
        0.30454545454545456,
        0.20909090909090908,
        0.6454545454545455,
        0.7227272727272728,
        0.6454545454545455
      ],
      "minPos": {
        "x": -56.5,
        "y": -37.5,
        "z": 0
      },
      "maxPos": {
        "x": 56.5,
        "y": 37.5,
        "z": 0
      }
    },
    "texture": "f6c20ddb-06ec-43b6-a792-aac244b36c4b@6c48a",
    "packable": true,
    "pixelsToUnit": 100,
    "pivot": {
      "x": 0.5,
      "y": 0.5
    },
    "meshType": 0
  }
}