{
  "__type__": "cc.SpriteFrame",
  "content": {
    "name": "1_17",
    "atlas": "",
    "rect": {
      "x": 46,
      "y": 55,
      "width": 136,
      "height": 147
    },
    "offset": {
      "x": 4,
      "y": -18.5
    },
    "originalSize": {
      "width": 220,
      "height": 220
    },
    "rotated": false,
    "capInsets": [
      0,
      0,
      0,
      0
    ],
    "vertices": {
      "rawPosition": [
        -68,
        -73.5,
        0,
        68,
        -73.5,
        0,
        -68,
        73.5,
        0,
        68,
        73.5,
        0
      ],
      "indexes": [
        0,
        1,
        2,
        2,
        1,
        3
      ],
      "uv": [
        46,
        165,
        182,
        165,
        46,
        18,
        182,
        18
      ],
      "nuv": [
        0.20909090909090908,
        0.08181818181818182,
        0.8272727272727273,
        0.08181818181818182,
        0.20909090909090908,
        0.75,
        0.8272727272727273,
        0.75
      ],
      "minPos": {
        "x": -68,
        "y": -73.5,
        "z": 0
      },
      "maxPos": {
        "x": 68,
        "y": 73.5,
        "z": 0
      }
    },
    "texture": "f6c83c46-ec6a-4dd1-bad9-1accee7b7f9d@6c48a",
    "packable": true,
    "pixelsToUnit": 100,
    "pivot": {
      "x": 0.5,
      "y": 0.5
    },
    "meshType": 0
  }
}