{
  "__type__": "cc.SpriteFrame",
  "content": {
    "name": "1_26",
    "atlas": "",
    "rect": {
      "x": 65,
      "y": 45,
      "width": 137,
      "height": 160
    },
    "offset": {
      "x": 23.5,
      "y": -15
    },
    "originalSize": {
      "width": 220,
      "height": 220
    },
    "rotated": false,
    "capInsets": [
      0,
      0,
      0,
      0
    ],
    "vertices": {
      "rawPosition": [
        -68.5,
        -80,
        0,
        68.5,
        -80,
        0,
        -68.5,
        80,
        0,
        68.5,
        80,
        0
      ],
      "indexes": [
        0,
        1,
        2,
        2,
        1,
        3
      ],
      "uv": [
        65,
        175,
        202,
        175,
        65,
        15,
        202,
        15
      ],
      "nuv": [
        0.29545454545454547,
        0.06818181818181818,
        0.9181818181818182,
        0.06818181818181818,
        0.29545454545454547,
        0.7954545454545454,
        0.9181818181818182,
        0.7954545454545454
      ],
      "minPos": {
        "x": -68.5,
        "y": -80,
        "z": 0
      },
      "maxPos": {
        "x": 68.5,
        "y": 80,
        "z": 0
      }
    },
    "texture": "f33bb4ef-1532-4ea2-b0cf-9ab375a10926@6c48a",
    "packable": true,
    "pixelsToUnit": 100,
    "pivot": {
      "x": 0.5,
      "y": 0.5
    },
    "meshType": 0
  }
}