{
  "__type__": "cc.SpriteFrame",
  "content": {
    "name": "1_062",
    "atlas": "",
    "rect": {
      "x": 79,
      "y": 129,
      "width": 191,
      "height": 164
    },
    "offset": {
      "x": -13,
      "y": -49
    },
    "originalSize": {
      "width": 375,
      "height": 324
    },
    "rotated": false,
    "capInsets": [
      0,
      0,
      0,
      0
    ],
    "vertices": {
      "rawPosition": [
        -95.5,
        -82,
        0,
        95.5,
        -82,
        0,
        -95.5,
        82,
        0,
        95.5,
        82,
        0
      ],
      "indexes": [
        0,
        1,
        2,
        2,
        1,
        3
      ],
      "uv": [
        79,
        195,
        270,
        195,
        79,
        31,
        270,
        31
      ],
      "nuv": [
        0.21066666666666667,
        0.09567901234567901,
        0.72,
        0.09567901234567901,
        0.21066666666666667,
        0.6018518518518519,
        0.72,
        0.6018518518518519
      ],
      "minPos": {
        "x": -95.5,
        "y": -82,
        "z": 0
      },
      "maxPos": {
        "x": 95.5,
        "y": 82,
        "z": 0
      }
    },
    "texture": "f3440ecf-9e6a-47e1-8ec3-6df510cacea6@6c48a",
    "packable": true,
    "pixelsToUnit": 100,
    "pivot": {
      "x": 0.5,
      "y": 0.5
    },
    "meshType": 0
  }
}