{
  "__type__": "cc.SpriteFrame",
  "content": {
    "name": "1_054",
    "atlas": "",
    "rect": {
      "x": 79,
      "y": 94,
      "width": 228,
      "height": 191
    },
    "offset": {
      "x": 5.5,
      "y": -27.5
    },
    "originalSize": {
      "width": 375,
      "height": 324
    },
    "rotated": false,
    "capInsets": [
      0,
      0,
      0,
      0
    ],
    "vertices": {
      "rawPosition": [
        -114,
        -95.5,
        0,
        114,
        -95.5,
        0,
        -114,
        95.5,
        0,
        114,
        95.5,
        0
      ],
      "indexes": [
        0,
        1,
        2,
        2,
        1,
        3
      ],
      "uv": [
        79,
        230,
        307,
        230,
        79,
        39,
        307,
        39
      ],
      "nuv": [
        0.21066666666666667,
        0.12037037037037036,
        0.8186666666666667,
        0.12037037037037036,
        0.21066666666666667,
        0.7098765432098766,
        0.8186666666666667,
        0.7098765432098766
      ],
      "minPos": {
        "x": -114,
        "y": -95.5,
        "z": 0
      },
      "maxPos": {
        "x": 114,
        "y": 95.5,
        "z": 0
      }
    },
    "texture": "f38cb4f2-cbb9-44c8-aede-be545609db92@6c48a",
    "packable": true,
    "pixelsToUnit": 100,
    "pivot": {
      "x": 0.5,
      "y": 0.5
    },
    "meshType": 0
  }
}