{
  "__type__": "cc.SpriteFrame",
  "content": {
    "name": "1_17",
    "atlas": "",
    "rect": {
      "x": 54,
      "y": 59,
      "width": 129,
      "height": 138
    },
    "offset": {
      "x": 8.5,
      "y": -18
    },
    "originalSize": {
      "width": 220,
      "height": 220
    },
    "rotated": false,
    "capInsets": [
      0,
      0,
      0,
      0
    ],
    "vertices": {
      "rawPosition": [
        -64.5,
        -69,
        0,
        64.5,
        -69,
        0,
        -64.5,
        69,
        0,
        64.5,
        69,
        0
      ],
      "indexes": [
        0,
        1,
        2,
        2,
        1,
        3
      ],
      "uv": [
        54,
        161,
        183,
        161,
        54,
        23,
        183,
        23
      ],
      "nuv": [
        0.24545454545454545,
        0.10454545454545454,
        0.8318181818181818,
        0.10454545454545454,
        0.24545454545454545,
        0.7318181818181818,
        0.8318181818181818,
        0.7318181818181818
      ],
      "minPos": {
        "x": -64.5,
        "y": -69,
        "z": 0
      },
      "maxPos": {
        "x": 64.5,
        "y": 69,
        "z": 0
      }
    },
    "texture": "f3e30b64-13f5-4973-b53d-14027681ec67@6c48a",
    "packable": true,
    "pixelsToUnit": 100,
    "pivot": {
      "x": 0.5,
      "y": 0.5
    },
    "meshType": 0
  }
}