{
  "__type__": "cc.SpriteFrame",
  "content": {
    "name": "1_27",
    "atlas": "",
    "rect": {
      "x": 50,
      "y": 54,
      "width": 135,
      "height": 148
    },
    "offset": {
      "x": 7.5,
      "y": -18
    },
    "originalSize": {
      "width": 220,
      "height": 220
    },
    "rotated": false,
    "capInsets": [
      0,
      0,
      0,
      0
    ],
    "vertices": {
      "rawPosition": [
        -67.5,
        -74,
        0,
        67.5,
        -74,
        0,
        -67.5,
        74,
        0,
        67.5,
        74,
        0
      ],
      "indexes": [
        0,
        1,
        2,
        2,
        1,
        3
      ],
      "uv": [
        50,
        166,
        185,
        166,
        50,
        18,
        185,
        18
      ],
      "nuv": [
        0.22727272727272727,
        0.08181818181818182,
        0.8409090909090909,
        0.08181818181818182,
        0.22727272727272727,
        0.7545454545454545,
        0.8409090909090909,
        0.7545454545454545
      ],
      "minPos": {
        "x": -67.5,
        "y": -74,
        "z": 0
      },
      "maxPos": {
        "x": 67.5,
        "y": 74,
        "z": 0
      }
    },
    "texture": "f3ff4899-0da4-4a5d-b9d0-1c97bc61365c@6c48a",
    "packable": true,
    "pixelsToUnit": 100,
    "pivot": {
      "x": 0.5,
      "y": 0.5
    },
    "meshType": 0
  }
}