{
  "__type__": "cc.SpriteFrame",
  "content": {
    "name": "caipin",
    "atlas": "",
    "rect": {
      "x": 28,
      "y": 33,
      "width": 1764,
      "height": 326
    },
    "offset": {
      "x": 1,
      "y": 6
    },
    "originalSize": {
      "width": 1818,
      "height": 404
    },
    "rotated": false,
    "capInsets": [
      0,
      0,
      0,
      0
    ],
    "vertices": {
      "rawPosition": [
        -882,
        -163,
        0,
        882,
        -163,
        0,
        -882,
        163,
        0,
        882,
        163,
        0
      ],
      "indexes": [
        0,
        1,
        2,
        2,
        1,
        3
      ],
      "uv": [
        28,
        371,
        1792,
        371,
        28,
        45,
        1792,
        45
      ],
      "nuv": [
        0.015401540154015401,
        0.11138613861386139,
        0.9856985698569857,
        0.11138613861386139,
        0.015401540154015401,
        0.9183168316831684,
        0.9856985698569857,
        0.9183168316831684
      ],
      "minPos": {
        "x": -882,
        "y": -163,
        "z": 0
      },
      "maxPos": {
        "x": 882,
        "y": 163,
        "z": 0
      }
    },
    "texture": "2b01a475-981d-440c-86bc-2df4807b2b06@6c48a",
    "packable": true,
    "pixelsToUnit": 100,
    "pivot": {
      "x": 0.5,
      "y": 0.5
    },
    "meshType": 0
  }
}