{
  "__type__": "cc.SpriteFrame",
  "content": {
    "name": "idle_10",
    "atlas": "",
    "rect": {
      "x": 48,
      "y": 26,
      "width": 48,
      "height": 160
    },
    "offset": {
      "x": 4.5,
      "y": -8.5
    },
    "originalSize": {
      "width": 135,
      "height": 195
    },
    "rotated": false,
    "capInsets": [
      0,
      0,
      0,
      0
    ],
    "vertices": {
      "rawPosition": [
        -24,
        -80,
        0,
        24,
        -80,
        0,
        -24,
        80,
        0,
        24,
        80,
        0
      ],
      "indexes": [
        0,
        1,
        2,
        2,
        1,
        3
      ],
      "uv": [
        48,
        169,
        96,
        169,
        48,
        9,
        96,
        9
      ],
      "nuv": [
        0.35555555555555557,
        0.046153846153846156,
        0.7111111111111111,
        0.046153846153846156,
        0.35555555555555557,
        0.8666666666666667,
        0.7111111111111111,
        0.8666666666666667
      ],
      "minPos": {
        "x": -24,
        "y": -80,
        "z": 0
      },
      "maxPos": {
        "x": 24,
        "y": 80,
        "z": 0
      }
    },
    "texture": "2b18379e-c781-4781-8273-8553242d797f@6c48a",
    "packable": true,
    "pixelsToUnit": 100,
    "pivot": {
      "x": 0.5,
      "y": 0.5
    },
    "meshType": 0
  }
}