{
  "__type__": "cc.SpriteFrame",
  "content": {
    "name": "1_21",
    "atlas": "",
    "rect": {
      "x": 26,
      "y": 46,
      "width": 147,
      "height": 160
    },
    "offset": {
      "x": -10.5,
      "y": -16
    },
    "originalSize": {
      "width": 220,
      "height": 220
    },
    "rotated": false,
    "capInsets": [
      0,
      0,
      0,
      0
    ],
    "vertices": {
      "rawPosition": [
        -73.5,
        -80,
        0,
        73.5,
        -80,
        0,
        -73.5,
        80,
        0,
        73.5,
        80,
        0
      ],
      "indexes": [
        0,
        1,
        2,
        2,
        1,
        3
      ],
      "uv": [
        26,
        174,
        173,
        174,
        26,
        14,
        173,
        14
      ],
      "nuv": [
        0.11818181818181818,
        0.06363636363636363,
        0.7863636363636364,
        0.06363636363636363,
        0.11818181818181818,
        0.7909090909090909,
        0.7863636363636364,
        0.7909090909090909
      ],
      "minPos": {
        "x": -73.5,
        "y": -80,
        "z": 0
      },
      "maxPos": {
        "x": 73.5,
        "y": 80,
        "z": 0
      }
    },
    "texture": "2b77be2a-a67a-4a2f-ade5-eeb6c7640f58@6c48a",
    "packable": true,
    "pixelsToUnit": 100,
    "pivot": {
      "x": 0.5,
      "y": 0.5
    },
    "meshType": 0
  }
}