{
  "__type__": "cc.SpriteFrame",
  "content": {
    "name": "tu01-stand1_25",
    "atlas": "",
    "rect": {
      "x": 25,
      "y": 65,
      "width": 148,
      "height": 148
    },
    "offset": {
      "x": -11,
      "y": -29
    },
    "originalSize": {
      "width": 220,
      "height": 220
    },
    "rotated": false,
    "capInsets": [
      0,
      0,
      0,
      0
    ],
    "vertices": {
      "rawPosition": [
        -74,
        -74,
        0,
        74,
        -74,
        0,
        -74,
        74,
        0,
        74,
        74,
        0
      ],
      "indexes": [
        0,
        1,
        2,
        2,
        1,
        3
      ],
      "uv": [
        25,
        155,
        173,
        155,
        25,
        7,
        173,
        7
      ],
      "nuv": [
        0.11363636363636363,
        0.031818181818181815,
        0.7863636363636364,
        0.031818181818181815,
        0.11363636363636363,
        0.7045454545454546,
        0.7863636363636364,
        0.7045454545454546
      ],
      "minPos": {
        "x": -74,
        "y": -74,
        "z": 0
      },
      "maxPos": {
        "x": 74,
        "y": 74,
        "z": 0
      }
    },
    "texture": "4c475a2d-d17d-429b-9e20-7736c61f987a@6c48a",
    "packable": true,
    "pixelsToUnit": 100,
    "pivot": {
      "x": 0.5,
      "y": 0.5
    },
    "meshType": 0
  }
}