{
  "__type__": "cc.SpriteFrame",
  "content": {
    "name": "sit_07",
    "atlas": "",
    "rect": {
      "x": 34,
      "y": 49,
      "width": 59,
      "height": 133
    },
    "offset": {
      "x": 3.5,
      "y": -18
    },
    "originalSize": {
      "width": 120,
      "height": 195
    },
    "rotated": false,
    "capInsets": [
      0,
      0,
      0,
      0
    ],
    "vertices": {
      "rawPosition": [
        -29.5,
        -66.5,
        0,
        29.5,
        -66.5,
        0,
        -29.5,
        66.5,
        0,
        29.5,
        66.5,
        0
      ],
      "indexes": [
        0,
        1,
        2,
        2,
        1,
        3
      ],
      "uv": [
        34,
        146,
        93,
        146,
        34,
        13,
        93,
        13
      ],
      "nuv": [
        0.2833333333333333,
        0.06666666666666667,
        0.775,
        0.06666666666666667,
        0.2833333333333333,
        0.7487179487179487,
        0.775,
        0.7487179487179487
      ],
      "minPos": {
        "x": -29.5,
        "y": -66.5,
        "z": 0
      },
      "maxPos": {
        "x": 29.5,
        "y": 66.5,
        "z": 0
      }
    },
    "texture": "4cb58f1a-7970-433c-97b3-13bfc46d3b1d@6c48a",
    "packable": true,
    "pixelsToUnit": 100,
    "pivot": {
      "x": 0.5,
      "y": 0.5
    },
    "meshType": 0
  }
}