{
  "__type__": "cc.SpriteFrame",
  "content": {
    "name": "move_01",
    "atlas": "",
    "rect": {
      "x": 35,
      "y": 31,
      "width": 62,
      "height": 151
    },
    "offset": {
      "x": 6,
      "y": -9
    },
    "originalSize": {
      "width": 120,
      "height": 195
    },
    "rotated": false,
    "capInsets": [
      0,
      0,
      0,
      0
    ],
    "vertices": {
      "rawPosition": [
        -31,
        -75.5,
        0,
        31,
        -75.5,
        0,
        -31,
        75.5,
        0,
        31,
        75.5,
        0
      ],
      "indexes": [
        0,
        1,
        2,
        2,
        1,
        3
      ],
      "uv": [
        35,
        164,
        97,
        164,
        35,
        13,
        97,
        13
      ],
      "nuv": [
        0.2916666666666667,
        0.06666666666666667,
        0.8083333333333333,
        0.06666666666666667,
        0.2916666666666667,
        0.841025641025641,
        0.8083333333333333,
        0.841025641025641
      ],
      "minPos": {
        "x": -31,
        "y": -75.5,
        "z": 0
      },
      "maxPos": {
        "x": 31,
        "y": 75.5,
        "z": 0
      }
    },
    "texture": "4cccaeb9-ac42-485e-a2e9-5c8d686adc54@6c48a",
    "packable": true,
    "pixelsToUnit": 100,
    "pivot": {
      "x": 0.5,
      "y": 0.5
    },
    "meshType": 0
  }
}