{
  "__type__": "cc.SpriteFrame",
  "content": {
    "name": "1_34",
    "atlas": "",
    "rect": {
      "x": 38,
      "y": 45,
      "width": 145,
      "height": 154
    },
    "offset": {
      "x": 0.5,
      "y": -12
    },
    "originalSize": {
      "width": 220,
      "height": 220
    },
    "rotated": false,
    "capInsets": [
      0,
      0,
      0,
      0
    ],
    "vertices": {
      "rawPosition": [
        -72.5,
        -77,
        0,
        72.5,
        -77,
        0,
        -72.5,
        77,
        0,
        72.5,
        77,
        0
      ],
      "indexes": [
        0,
        1,
        2,
        2,
        1,
        3
      ],
      "uv": [
        38,
        175,
        183,
        175,
        38,
        21,
        183,
        21
      ],
      "nuv": [
        0.17272727272727273,
        0.09545454545454546,
        0.8318181818181818,
        0.09545454545454546,
        0.17272727272727273,
        0.7954545454545454,
        0.8318181818181818,
        0.7954545454545454
      ],
      "minPos": {
        "x": -72.5,
        "y": -77,
        "z": 0
      },
      "maxPos": {
        "x": 72.5,
        "y": 77,
        "z": 0
      }
    },
    "texture": "4ccd780d-0470-4e61-bfa7-15694c307fd4@6c48a",
    "packable": true,
    "pixelsToUnit": 100,
    "pivot": {
      "x": 0.5,
      "y": 0.5
    },
    "meshType": 0
  }
}