{
  "__type__": "cc.SpriteFrame",
  "content": {
    "name": "1_008",
    "atlas": "",
    "rect": {
      "x": 181,
      "y": 91,
      "width": 128,
      "height": 146
    },
    "offset": {
      "x": 57.5,
      "y": -2
    },
    "originalSize": {
      "width": 375,
      "height": 324
    },
    "rotated": false,
    "capInsets": [
      0,
      0,
      0,
      0
    ],
    "vertices": {
      "rawPosition": [
        -64,
        -73,
        0,
        64,
        -73,
        0,
        -64,
        73,
        0,
        64,
        73,
        0
      ],
      "indexes": [
        0,
        1,
        2,
        2,
        1,
        3
      ],
      "uv": [
        181,
        233,
        309,
        233,
        181,
        87,
        309,
        87
      ],
      "nuv": [
        0.4826666666666667,
        0.26851851851851855,
        0.824,
        0.26851851851851855,
        0.4826666666666667,
        0.7191358024691358,
        0.824,
        0.7191358024691358
      ],
      "minPos": {
        "x": -64,
        "y": -73,
        "z": 0
      },
      "maxPos": {
        "x": 64,
        "y": 73,
        "z": 0
      }
    },
    "texture": "4ce96510-9abd-43d6-9ce7-95071ed201f2@6c48a",
    "packable": true,
    "pixelsToUnit": 100,
    "pivot": {
      "x": 0.5,
      "y": 0.5
    },
    "meshType": 0
  }
}