{
  "__type__": "cc.SpriteFrame",
  "content": {
    "name": "1_39",
    "atlas": "",
    "rect": {
      "x": 38,
      "y": 48,
      "width": 146,
      "height": 160
    },
    "offset": {
      "x": 1,
      "y": -18
    },
    "originalSize": {
      "width": 220,
      "height": 220
    },
    "rotated": false,
    "capInsets": [
      0,
      0,
      0,
      0
    ],
    "vertices": {
      "rawPosition": [
        -73,
        -80,
        0,
        73,
        -80,
        0,
        -73,
        80,
        0,
        73,
        80,
        0
      ],
      "indexes": [
        0,
        1,
        2,
        2,
        1,
        3
      ],
      "uv": [
        38,
        172,
        184,
        172,
        38,
        12,
        184,
        12
      ],
      "nuv": [
        0.17272727272727273,
        0.05454545454545454,
        0.8363636363636363,
        0.05454545454545454,
        0.17272727272727273,
        0.7818181818181819,
        0.8363636363636363,
        0.7818181818181819
      ],
      "minPos": {
        "x": -73,
        "y": -80,
        "z": 0
      },
      "maxPos": {
        "x": 73,
        "y": 80,
        "z": 0
      }
    },
    "texture": "31571ba6-84b4-4479-a209-a285594ae404@6c48a",
    "packable": true,
    "pixelsToUnit": 100,
    "pivot": {
      "x": 0.5,
      "y": 0.5
    },
    "meshType": 0
  }
}