{
  "__type__": "cc.SpriteFrame",
  "content": {
    "name": "1_41",
    "atlas": "",
    "rect": {
      "x": 40,
      "y": 50,
      "width": 139,
      "height": 152
    },
    "offset": {
      "x": -0.5,
      "y": -16
    },
    "originalSize": {
      "width": 220,
      "height": 220
    },
    "rotated": false,
    "capInsets": [
      0,
      0,
      0,
      0
    ],
    "vertices": {
      "rawPosition": [
        -69.5,
        -76,
        0,
        69.5,
        -76,
        0,
        -69.5,
        76,
        0,
        69.5,
        76,
        0
      ],
      "indexes": [
        0,
        1,
        2,
        2,
        1,
        3
      ],
      "uv": [
        40,
        170,
        179,
        170,
        40,
        18,
        179,
        18
      ],
      "nuv": [
        0.18181818181818182,
        0.08181818181818182,
        0.8136363636363636,
        0.08181818181818182,
        0.18181818181818182,
        0.7727272727272727,
        0.8136363636363636,
        0.7727272727272727
      ],
      "minPos": {
        "x": -69.5,
        "y": -76,
        "z": 0
      },
      "maxPos": {
        "x": 69.5,
        "y": 76,
        "z": 0
      }
    },
    "texture": "317dd527-04e0-484f-87ed-eadf04a6f431@6c48a",
    "packable": true,
    "pixelsToUnit": 100,
    "pivot": {
      "x": 0.5,
      "y": 0.5
    },
    "meshType": 0
  }
}