{
  "__type__": "cc.SpriteFrame",
  "content": {
    "name": "move_11",
    "atlas": "",
    "rect": {
      "x": 33,
      "y": 32,
      "width": 60,
      "height": 150
    },
    "offset": {
      "x": 3,
      "y": -9.5
    },
    "originalSize": {
      "width": 120,
      "height": 195
    },
    "rotated": false,
    "capInsets": [
      0,
      0,
      0,
      0
    ],
    "vertices": {
      "rawPosition": [
        -30,
        -75,
        0,
        30,
        -75,
        0,
        -30,
        75,
        0,
        30,
        75,
        0
      ],
      "indexes": [
        0,
        1,
        2,
        2,
        1,
        3
      ],
      "uv": [
        33,
        163,
        93,
        163,
        33,
        13,
        93,
        13
      ],
      "nuv": [
        0.275,
        0.06666666666666667,
        0.775,
        0.06666666666666667,
        0.275,
        0.8358974358974359,
        0.775,
        0.8358974358974359
      ],
      "minPos": {
        "x": -30,
        "y": -75,
        "z": 0
      },
      "maxPos": {
        "x": 30,
        "y": 75,
        "z": 0
      }
    },
    "texture": "318868ba-3a33-498a-b496-21d7c85d1b75@6c48a",
    "packable": true,
    "pixelsToUnit": 100,
    "pivot": {
      "x": 0.5,
      "y": 0.5
    },
    "meshType": 0
  }
}