{
  "__type__": "cc.SpriteFrame",
  "content": {
    "name": "0036",
    "atlas": "",
    "rect": {
      "x": 0,
      "y": 62,
      "width": 300,
      "height": 169
    },
    "offset": {
      "x": 0,
      "y": 3.5
    },
    "originalSize": {
      "width": 300,
      "height": 300
    },
    "rotated": false,
    "capInsets": [
      0,
      0,
      0,
      0
    ],
    "vertices": {
      "rawPosition": [
        -150,
        -84.5,
        0,
        150,
        -84.5,
        0,
        -150,
        84.5,
        0,
        150,
        84.5,
        0
      ],
      "indexes": [
        0,
        1,
        2,
        2,
        1,
        3
      ],
      "uv": [
        0,
        238,
        300,
        238,
        0,
        69,
        300,
        69
      ],
      "nuv": [
        0,
        0.23,
        1,
        0.23,
        0,
        0.7933333333333333,
        1,
        0.7933333333333333
      ],
      "minPos": {
        "x": -150,
        "y": -84.5,
        "z": 0
      },
      "maxPos": {
        "x": 150,
        "y": 84.5,
        "z": 0
      }
    },
    "texture": "31a21e03-d568-4389-b182-f2c66f22bf25@6c48a",
    "packable": true,
    "pixelsToUnit": 100,
    "pivot": {
      "x": 0.5,
      "y": 0.5
    },
    "meshType": 0
  }
}