{
  "__type__": "cc.SpriteFrame",
  "content": {
    "name": "1_162",
    "atlas": "",
    "rect": {
      "x": 79,
      "y": 63,
      "width": 217,
      "height": 238
    },
    "offset": {
      "x": 0,
      "y": -20
    },
    "originalSize": {
      "width": 375,
      "height": 324
    },
    "rotated": false,
    "capInsets": [
      0,
      0,
      0,
      0
    ],
    "vertices": {
      "rawPosition": [
        -108.5,
        -119,
        0,
        108.5,
        -119,
        0,
        -108.5,
        119,
        0,
        108.5,
        119,
        0
      ],
      "indexes": [
        0,
        1,
        2,
        2,
        1,
        3
      ],
      "uv": [
        79,
        261,
        296,
        261,
        79,
        23,
        296,
        23
      ],
      "nuv": [
        0.21066666666666667,
        0.07098765432098765,
        0.7893333333333333,
        0.07098765432098765,
        0.21066666666666667,
        0.8055555555555556,
        0.7893333333333333,
        0.8055555555555556
      ],
      "minPos": {
        "x": -108.5,
        "y": -119,
        "z": 0
      },
      "maxPos": {
        "x": 108.5,
        "y": 119,
        "z": 0
      }
    },
    "texture": "31b5dd7c-414c-47da-a97a-e272e2be0c5b@6c48a",
    "packable": true,
    "pixelsToUnit": 100,
    "pivot": {
      "x": 0.5,
      "y": 0.5
    },
    "meshType": 0
  }
}