{
  "__type__": "cc.SpriteFrame",
  "content": {
    "name": "1_43",
    "atlas": "",
    "rect": {
      "x": 45,
      "y": 50,
      "width": 138,
      "height": 152
    },
    "offset": {
      "x": 4,
      "y": -16
    },
    "originalSize": {
      "width": 220,
      "height": 220
    },
    "rotated": false,
    "capInsets": [
      0,
      0,
      0,
      0
    ],
    "vertices": {
      "rawPosition": [
        -69,
        -76,
        0,
        69,
        -76,
        0,
        -69,
        76,
        0,
        69,
        76,
        0
      ],
      "indexes": [
        0,
        1,
        2,
        2,
        1,
        3
      ],
      "uv": [
        45,
        170,
        183,
        170,
        45,
        18,
        183,
        18
      ],
      "nuv": [
        0.20454545454545456,
        0.08181818181818182,
        0.8318181818181818,
        0.08181818181818182,
        0.20454545454545456,
        0.7727272727272727,
        0.8318181818181818,
        0.7727272727272727
      ],
      "minPos": {
        "x": -69,
        "y": -76,
        "z": 0
      },
      "maxPos": {
        "x": 69,
        "y": 76,
        "z": 0
      }
    },
    "texture": "9f7c5af3-3cbc-4a96-a173-0512d0743faa@6c48a",
    "packable": true,
    "pixelsToUnit": 100,
    "pivot": {
      "x": 0.5,
      "y": 0.5
    },
    "meshType": 0
  }
}