{
  "__type__": "cc.SpriteFrame",
  "content": {
    "name": "tu01-stand1_44",
    "atlas": "",
    "rect": {
      "x": 27,
      "y": 70,
      "width": 143,
      "height": 143
    },
    "offset": {
      "x": -11.5,
      "y": -31.5
    },
    "originalSize": {
      "width": 220,
      "height": 220
    },
    "rotated": false,
    "capInsets": [
      0,
      0,
      0,
      0
    ],
    "vertices": {
      "rawPosition": [
        -71.5,
        -71.5,
        0,
        71.5,
        -71.5,
        0,
        -71.5,
        71.5,
        0,
        71.5,
        71.5,
        0
      ],
      "indexes": [
        0,
        1,
        2,
        2,
        1,
        3
      ],
      "uv": [
        27,
        150,
        170,
        150,
        27,
        7,
        170,
        7
      ],
      "nuv": [
        0.12272727272727273,
        0.031818181818181815,
        0.7727272727272727,
        0.031818181818181815,
        0.12272727272727273,
        0.6818181818181818,
        0.7727272727272727,
        0.6818181818181818
      ],
      "minPos": {
        "x": -71.5,
        "y": -71.5,
        "z": 0
      },
      "maxPos": {
        "x": 71.5,
        "y": 71.5,
        "z": 0
      }
    },
    "texture": "9f9ee857-1a8c-4bd0-a484-cfd63708e4e6@6c48a",
    "packable": true,
    "pixelsToUnit": 100,
    "pivot": {
      "x": 0.5,
      "y": 0.5
    },
    "meshType": 0
  }
}