{
  "__type__": "cc.SpriteFrame",
  "content": {
    "name": "1_142",
    "atlas": "",
    "rect": {
      "x": 79,
      "y": 83,
      "width": 239,
      "height": 218
    },
    "offset": {
      "x": 11,
      "y": -30
    },
    "originalSize": {
      "width": 375,
      "height": 324
    },
    "rotated": false,
    "capInsets": [
      0,
      0,
      0,
      0
    ],
    "vertices": {
      "rawPosition": [
        -119.5,
        -109,
        0,
        119.5,
        -109,
        0,
        -119.5,
        109,
        0,
        119.5,
        109,
        0
      ],
      "indexes": [
        0,
        1,
        2,
        2,
        1,
        3
      ],
      "uv": [
        79,
        241,
        318,
        241,
        79,
        23,
        318,
        23
      ],
      "nuv": [
        0.21066666666666667,
        0.07098765432098765,
        0.848,
        0.07098765432098765,
        0.21066666666666667,
        0.7438271604938271,
        0.848,
        0.7438271604938271
      ],
      "minPos": {
        "x": -119.5,
        "y": -109,
        "z": 0
      },
      "maxPos": {
        "x": 119.5,
        "y": 109,
        "z": 0
      }
    },
    "texture": "9fc600c9-6be5-426a-8a1b-fa6bdc5ade90@6c48a",
    "packable": true,
    "pixelsToUnit": 100,
    "pivot": {
      "x": 0.5,
      "y": 0.5
    },
    "meshType": 0
  }
}