{
  "__type__": "cc.SpriteFrame",
  "content": {
    "name": "1_57",
    "atlas": "",
    "rect": {
      "x": 24,
      "y": 37,
      "width": 135,
      "height": 164
    },
    "offset": {
      "x": -18.5,
      "y": -9
    },
    "originalSize": {
      "width": 220,
      "height": 220
    },
    "rotated": false,
    "capInsets": [
      0,
      0,
      0,
      0
    ],
    "vertices": {
      "rawPosition": [
        -67.5,
        -82,
        0,
        67.5,
        -82,
        0,
        -67.5,
        82,
        0,
        67.5,
        82,
        0
      ],
      "indexes": [
        0,
        1,
        2,
        2,
        1,
        3
      ],
      "uv": [
        24,
        183,
        159,
        183,
        24,
        19,
        159,
        19
      ],
      "nuv": [
        0.10909090909090909,
        0.08636363636363636,
        0.7227272727272728,
        0.08636363636363636,
        0.10909090909090909,
        0.8318181818181818,
        0.7227272727272728,
        0.8318181818181818
      ],
      "minPos": {
        "x": -67.5,
        "y": -82,
        "z": 0
      },
      "maxPos": {
        "x": 67.5,
        "y": 82,
        "z": 0
      }
    },
    "texture": "9ff34b2e-cfc1-4835-a3c6-78f3896c5abe@6c48a",
    "packable": true,
    "pixelsToUnit": 100,
    "pivot": {
      "x": 0.5,
      "y": 0.5
    },
    "meshType": 0
  }
}