{
  "__type__": "cc.SpriteFrame",
  "content": {
    "name": "1_20",
    "atlas": "",
    "rect": {
      "x": 50,
      "y": 50,
      "width": 135,
      "height": 152
    },
    "offset": {
      "x": 7.5,
      "y": -16
    },
    "originalSize": {
      "width": 220,
      "height": 220
    },
    "rotated": false,
    "capInsets": [
      0,
      0,
      0,
      0
    ],
    "vertices": {
      "rawPosition": [
        -67.5,
        -76,
        0,
        67.5,
        -76,
        0,
        -67.5,
        76,
        0,
        67.5,
        76,
        0
      ],
      "indexes": [
        0,
        1,
        2,
        2,
        1,
        3
      ],
      "uv": [
        50,
        170,
        185,
        170,
        50,
        18,
        185,
        18
      ],
      "nuv": [
        0.22727272727272727,
        0.08181818181818182,
        0.8409090909090909,
        0.08181818181818182,
        0.22727272727272727,
        0.7727272727272727,
        0.8409090909090909,
        0.7727272727272727
      ],
      "minPos": {
        "x": -67.5,
        "y": -76,
        "z": 0
      },
      "maxPos": {
        "x": 67.5,
        "y": 76,
        "z": 0
      }
    },
    "texture": "89418ca5-647e-47b6-ae48-0b737ee9dcdb@6c48a",
    "packable": true,
    "pixelsToUnit": 100,
    "pivot": {
      "x": 0.5,
      "y": 0.5
    },
    "meshType": 0
  }
}