{
  "__type__": "cc.SpriteFrame",
  "content": {
    "name": "1_37",
    "atlas": "",
    "rect": {
      "x": 23,
      "y": 26,
      "width": 155,
      "height": 141
    },
    "offset": {
      "x": -9.5,
      "y": 13.5
    },
    "originalSize": {
      "width": 220,
      "height": 220
    },
    "rotated": false,
    "capInsets": [
      0,
      0,
      0,
      0
    ],
    "vertices": {
      "rawPosition": [
        -77.5,
        -70.5,
        0,
        77.5,
        -70.5,
        0,
        -77.5,
        70.5,
        0,
        77.5,
        70.5,
        0
      ],
      "indexes": [
        0,
        1,
        2,
        2,
        1,
        3
      ],
      "uv": [
        23,
        194,
        178,
        194,
        23,
        53,
        178,
        53
      ],
      "nuv": [
        0.10454545454545454,
        0.2409090909090909,
        0.8090909090909091,
        0.2409090909090909,
        0.10454545454545454,
        0.8818181818181818,
        0.8090909090909091,
        0.8818181818181818
      ],
      "minPos": {
        "x": -77.5,
        "y": -70.5,
        "z": 0
      },
      "maxPos": {
        "x": 77.5,
        "y": 70.5,
        "z": 0
      }
    },
    "texture": "782db4bb-9369-476c-9b4b-120641880aa7@6c48a",
    "packable": true,
    "pixelsToUnit": 100,
    "pivot": {
      "x": 0.5,
      "y": 0.5
    },
    "meshType": 0
  }
}