{
  "__type__": "cc.SpriteFrame",
  "content": {
    "name": "1_137",
    "atlas": "",
    "rect": {
      "x": 79,
      "y": 53,
      "width": 272,
      "height": 248
    },
    "offset": {
      "x": 27.5,
      "y": -15
    },
    "originalSize": {
      "width": 375,
      "height": 324
    },
    "rotated": false,
    "capInsets": [
      0,
      0,
      0,
      0
    ],
    "vertices": {
      "rawPosition": [
        -136,
        -124,
        0,
        136,
        -124,
        0,
        -136,
        124,
        0,
        136,
        124,
        0
      ],
      "indexes": [
        0,
        1,
        2,
        2,
        1,
        3
      ],
      "uv": [
        79,
        271,
        351,
        271,
        79,
        23,
        351,
        23
      ],
      "nuv": [
        0.21066666666666667,
        0.07098765432098765,
        0.936,
        0.07098765432098765,
        0.21066666666666667,
        0.8364197530864198,
        0.936,
        0.8364197530864198
      ],
      "minPos": {
        "x": -136,
        "y": -124,
        "z": 0
      },
      "maxPos": {
        "x": 136,
        "y": 124,
        "z": 0
      }
    },
    "texture": "78301771-11f8-4c7f-a156-facbc99b2c2d@6c48a",
    "packable": true,
    "pixelsToUnit": 100,
    "pivot": {
      "x": 0.5,
      "y": 0.5
    },
    "meshType": 0
  }
}