{
  "__type__": "cc.SpriteFrame",
  "content": {
    "name": "1_30",
    "atlas": "",
    "rect": {
      "x": 5,
      "y": 4,
      "width": 209,
      "height": 210
    },
    "offset": {
      "x": -0.5,
      "y": 1
    },
    "originalSize": {
      "width": 220,
      "height": 220
    },
    "rotated": false,
    "capInsets": [
      0,
      0,
      0,
      0
    ],
    "vertices": {
      "rawPosition": [
        -104.5,
        -105,
        0,
        104.5,
        -105,
        0,
        -104.5,
        105,
        0,
        104.5,
        105,
        0
      ],
      "indexes": [
        0,
        1,
        2,
        2,
        1,
        3
      ],
      "uv": [
        5,
        216,
        214,
        216,
        5,
        6,
        214,
        6
      ],
      "nuv": [
        0.022727272727272728,
        0.02727272727272727,
        0.9727272727272728,
        0.02727272727272727,
        0.022727272727272728,
        0.9818181818181818,
        0.9727272727272728,
        0.9818181818181818
      ],
      "minPos": {
        "x": -104.5,
        "y": -105,
        "z": 0
      },
      "maxPos": {
        "x": 104.5,
        "y": 105,
        "z": 0
      }
    },
    "texture": "7853d336-9e59-4efe-aa93-a8a9d0a9a204@6c48a",
    "packable": true,
    "pixelsToUnit": 100,
    "pivot": {
      "x": 0.5,
      "y": 0.5
    },
    "meshType": 0
  }
}