{
  "__type__": "cc.SpriteFrame",
  "content": {
    "name": "0045",
    "atlas": "",
    "rect": {
      "x": 20,
      "y": 41,
      "width": 110,
      "height": 64
    },
    "offset": {
      "x": 0,
      "y": 2
    },
    "originalSize": {
      "width": 150,
      "height": 150
    },
    "rotated": false,
    "capInsets": [
      0,
      0,
      0,
      0
    ],
    "vertices": {
      "rawPosition": [
        -55,
        -32,
        0,
        55,
        -32,
        0,
        -55,
        32,
        0,
        55,
        32,
        0
      ],
      "indexes": [
        0,
        1,
        2,
        2,
        1,
        3
      ],
      "uv": [
        20,
        109,
        130,
        109,
        20,
        45,
        130,
        45
      ],
      "nuv": [
        0.13333333333333333,
        0.3,
        0.8666666666666667,
        0.3,
        0.13333333333333333,
        0.7266666666666667,
        0.8666666666666667,
        0.7266666666666667
      ],
      "minPos": {
        "x": -55,
        "y": -32,
        "z": 0
      },
      "maxPos": {
        "x": 55,
        "y": 32,
        "z": 0
      }
    },
    "texture": "78620a97-111f-4ac4-a2aa-90e873985eea@6c48a",
    "packable": true,
    "pixelsToUnit": 100,
    "pivot": {
      "x": 0.5,
      "y": 0.5
    },
    "meshType": 0
  }
}