{
  "__type__": "cc.SpriteFrame",
  "content": {
    "name": "1_28",
    "atlas": "",
    "rect": {
      "x": 45,
      "y": 42,
      "width": 141,
      "height": 164
    },
    "offset": {
      "x": 5.5,
      "y": -14
    },
    "originalSize": {
      "width": 220,
      "height": 220
    },
    "rotated": false,
    "capInsets": [
      0,
      0,
      0,
      0
    ],
    "vertices": {
      "rawPosition": [
        -70.5,
        -82,
        0,
        70.5,
        -82,
        0,
        -70.5,
        82,
        0,
        70.5,
        82,
        0
      ],
      "indexes": [
        0,
        1,
        2,
        2,
        1,
        3
      ],
      "uv": [
        45,
        178,
        186,
        178,
        45,
        14,
        186,
        14
      ],
      "nuv": [
        0.20454545454545456,
        0.06363636363636363,
        0.8454545454545455,
        0.06363636363636363,
        0.20454545454545456,
        0.8090909090909091,
        0.8454545454545455,
        0.8090909090909091
      ],
      "minPos": {
        "x": -70.5,
        "y": -82,
        "z": 0
      },
      "maxPos": {
        "x": 70.5,
        "y": 82,
        "z": 0
      }
    },
    "texture": "7896b831-96e9-48fa-8621-219016006684@6c48a",
    "packable": true,
    "pixelsToUnit": 100,
    "pivot": {
      "x": 0.5,
      "y": 0.5
    },
    "meshType": 0
  }
}