{
  "__type__": "cc.SpriteFrame",
  "content": {
    "name": "1_07",
    "atlas": "",
    "rect": {
      "x": 37,
      "y": 41,
      "width": 138,
      "height": 164
    },
    "offset": {
      "x": -4,
      "y": -13
    },
    "originalSize": {
      "width": 220,
      "height": 220
    },
    "rotated": false,
    "capInsets": [
      0,
      0,
      0,
      0
    ],
    "vertices": {
      "rawPosition": [
        -69,
        -82,
        0,
        69,
        -82,
        0,
        -69,
        82,
        0,
        69,
        82,
        0
      ],
      "indexes": [
        0,
        1,
        2,
        2,
        1,
        3
      ],
      "uv": [
        37,
        179,
        175,
        179,
        37,
        15,
        175,
        15
      ],
      "nuv": [
        0.16818181818181818,
        0.06818181818181818,
        0.7954545454545454,
        0.06818181818181818,
        0.16818181818181818,
        0.8136363636363636,
        0.7954545454545454,
        0.8136363636363636
      ],
      "minPos": {
        "x": -69,
        "y": -82,
        "z": 0
      },
      "maxPos": {
        "x": 69,
        "y": 82,
        "z": 0
      }
    },
    "texture": "78f2d031-2885-429d-9d85-6b86394e246f@6c48a",
    "packable": true,
    "pixelsToUnit": 100,
    "pivot": {
      "x": 0.5,
      "y": 0.5
    },
    "meshType": 0
  }
}