{
  "__type__": "cc.SpriteFrame",
  "content": {
    "name": "1_00",
    "atlas": "",
    "rect": {
      "x": 85,
      "y": 84,
      "width": 51,
      "height": 51
    },
    "offset": {
      "x": 0.5,
      "y": 0.5
    },
    "originalSize": {
      "width": 220,
      "height": 220
    },
    "rotated": false,
    "capInsets": [
      0,
      0,
      0,
      0
    ],
    "vertices": {
      "rawPosition": [
        -25.5,
        -25.5,
        0,
        25.5,
        -25.5,
        0,
        -25.5,
        25.5,
        0,
        25.5,
        25.5,
        0
      ],
      "indexes": [
        0,
        1,
        2,
        2,
        1,
        3
      ],
      "uv": [
        85,
        136,
        136,
        136,
        85,
        85,
        136,
        85
      ],
      "nuv": [
        0.38636363636363635,
        0.38636363636363635,
        0.6181818181818182,
        0.38636363636363635,
        0.38636363636363635,
        0.6181818181818182,
        0.6181818181818182,
        0.6181818181818182
      ],
      "minPos": {
        "x": -25.5,
        "y": -25.5,
        "z": 0
      },
      "maxPos": {
        "x": 25.5,
        "y": 25.5,
        "z": 0
      }
    },
    "texture": "78f9acde-1517-40ee-bb7e-9d16f3faae56@6c48a",
    "packable": true,
    "pixelsToUnit": 100,
    "pivot": {
      "x": 0.5,
      "y": 0.5
    },
    "meshType": 0
  }
}