{
  "__type__": "cc.SpriteFrame",
  "content": {
    "name": "1_10",
    "atlas": "",
    "rect": {
      "x": 42,
      "y": 42,
      "width": 138,
      "height": 163
    },
    "offset": {
      "x": 1,
      "y": -13.5
    },
    "originalSize": {
      "width": 220,
      "height": 220
    },
    "rotated": false,
    "capInsets": [
      0,
      0,
      0,
      0
    ],
    "vertices": {
      "rawPosition": [
        -69,
        -81.5,
        0,
        69,
        -81.5,
        0,
        -69,
        81.5,
        0,
        69,
        81.5,
        0
      ],
      "indexes": [
        0,
        1,
        2,
        2,
        1,
        3
      ],
      "uv": [
        42,
        178,
        180,
        178,
        42,
        15,
        180,
        15
      ],
      "nuv": [
        0.19090909090909092,
        0.06818181818181818,
        0.8181818181818182,
        0.06818181818181818,
        0.19090909090909092,
        0.8090909090909091,
        0.8181818181818182,
        0.8090909090909091
      ],
      "minPos": {
        "x": -69,
        "y": -81.5,
        "z": 0
      },
      "maxPos": {
        "x": 69,
        "y": 81.5,
        "z": 0
      }
    },
    "texture": "5446f5bf-9ec5-47f2-9f0f-34c8691bb7e2@6c48a",
    "packable": true,
    "pixelsToUnit": 100,
    "pivot": {
      "x": 0.5,
      "y": 0.5
    },
    "meshType": 0
  }
}