{
  "__type__": "cc.SpriteFrame",
  "content": {
    "name": "1_09",
    "atlas": "",
    "rect": {
      "x": 44,
      "y": 56,
      "width": 132,
      "height": 140
    },
    "offset": {
      "x": 0,
      "y": -16
    },
    "originalSize": {
      "width": 220,
      "height": 220
    },
    "rotated": false,
    "capInsets": [
      0,
      0,
      0,
      0
    ],
    "vertices": {
      "rawPosition": [
        -66,
        -70,
        0,
        66,
        -70,
        0,
        -66,
        70,
        0,
        66,
        70,
        0
      ],
      "indexes": [
        0,
        1,
        2,
        2,
        1,
        3
      ],
      "uv": [
        44,
        164,
        176,
        164,
        44,
        24,
        176,
        24
      ],
      "nuv": [
        0.2,
        0.10909090909090909,
        0.8,
        0.10909090909090909,
        0.2,
        0.7454545454545455,
        0.8,
        0.7454545454545455
      ],
      "minPos": {
        "x": -66,
        "y": -70,
        "z": 0
      },
      "maxPos": {
        "x": 66,
        "y": 70,
        "z": 0
      }
    },
    "texture": "54701f3a-6c76-4372-8fb2-eff613728549@6c48a",
    "packable": true,
    "pixelsToUnit": 100,
    "pivot": {
      "x": 0.5,
      "y": 0.5
    },
    "meshType": 0
  }
}