{
  "__type__": "cc.SpriteFrame",
  "content": {
    "name": "1_022",
    "atlas": "",
    "rect": {
      "x": 79,
      "y": 114,
      "width": 191,
      "height": 171
    },
    "offset": {
      "x": -13,
      "y": -37.5
    },
    "originalSize": {
      "width": 375,
      "height": 324
    },
    "rotated": false,
    "capInsets": [
      0,
      0,
      0,
      0
    ],
    "vertices": {
      "rawPosition": [
        -95.5,
        -85.5,
        0,
        95.5,
        -85.5,
        0,
        -95.5,
        85.5,
        0,
        95.5,
        85.5,
        0
      ],
      "indexes": [
        0,
        1,
        2,
        2,
        1,
        3
      ],
      "uv": [
        79,
        210,
        270,
        210,
        79,
        39,
        270,
        39
      ],
      "nuv": [
        0.21066666666666667,
        0.12037037037037036,
        0.72,
        0.12037037037037036,
        0.21066666666666667,
        0.6481481481481481,
        0.72,
        0.6481481481481481
      ],
      "minPos": {
        "x": -95.5,
        "y": -85.5,
        "z": 0
      },
      "maxPos": {
        "x": 95.5,
        "y": 85.5,
        "z": 0
      }
    },
    "texture": "54b3049d-0f3b-4e7c-ae12-be0c9fd538a6@6c48a",
    "packable": true,
    "pixelsToUnit": 100,
    "pivot": {
      "x": 0.5,
      "y": 0.5
    },
    "meshType": 0
  }
}