{
  "__type__": "cc.SpriteFrame",
  "content": {
    "name": "1_19",
    "atlas": "",
    "rect": {
      "x": 44,
      "y": 45,
      "width": 143,
      "height": 154
    },
    "offset": {
      "x": 5.5,
      "y": -12
    },
    "originalSize": {
      "width": 220,
      "height": 220
    },
    "rotated": false,
    "capInsets": [
      0,
      0,
      0,
      0
    ],
    "vertices": {
      "rawPosition": [
        -71.5,
        -77,
        0,
        71.5,
        -77,
        0,
        -71.5,
        77,
        0,
        71.5,
        77,
        0
      ],
      "indexes": [
        0,
        1,
        2,
        2,
        1,
        3
      ],
      "uv": [
        44,
        175,
        187,
        175,
        44,
        21,
        187,
        21
      ],
      "nuv": [
        0.2,
        0.09545454545454546,
        0.85,
        0.09545454545454546,
        0.2,
        0.7954545454545454,
        0.85,
        0.7954545454545454
      ],
      "minPos": {
        "x": -71.5,
        "y": -77,
        "z": 0
      },
      "maxPos": {
        "x": 71.5,
        "y": 77,
        "z": 0
      }
    },
    "texture": "54b5f6df-8bfa-405b-bd43-a6548a6bebd7@6c48a",
    "packable": true,
    "pixelsToUnit": 100,
    "pivot": {
      "x": 0.5,
      "y": 0.5
    },
    "meshType": 0
  }
}