{
  "__type__": "cc.SpriteFrame",
  "content": {
    "name": "tu01-stand1_28",
    "atlas": "",
    "rect": {
      "x": 33,
      "y": 64,
      "width": 137,
      "height": 149
    },
    "offset": {
      "x": -8.5,
      "y": -28.5
    },
    "originalSize": {
      "width": 220,
      "height": 220
    },
    "rotated": false,
    "capInsets": [
      0,
      0,
      0,
      0
    ],
    "vertices": {
      "rawPosition": [
        -68.5,
        -74.5,
        0,
        68.5,
        -74.5,
        0,
        -68.5,
        74.5,
        0,
        68.5,
        74.5,
        0
      ],
      "indexes": [
        0,
        1,
        2,
        2,
        1,
        3
      ],
      "uv": [
        33,
        156,
        170,
        156,
        33,
        7,
        170,
        7
      ],
      "nuv": [
        0.15,
        0.031818181818181815,
        0.7727272727272727,
        0.031818181818181815,
        0.15,
        0.7090909090909091,
        0.7727272727272727,
        0.7090909090909091
      ],
      "minPos": {
        "x": -68.5,
        "y": -74.5,
        "z": 0
      },
      "maxPos": {
        "x": 68.5,
        "y": 74.5,
        "z": 0
      }
    },
    "texture": "54f31cd4-aad6-4a80-9647-3bd1a27a949d@6c48a",
    "packable": true,
    "pixelsToUnit": 100,
    "pivot": {
      "x": 0.5,
      "y": 0.5
    },
    "meshType": 0
  }
}