{
  "__type__": "cc.SpriteFrame",
  "content": {
    "name": "1_26",
    "atlas": "",
    "rect": {
      "x": 41,
      "y": 55,
      "width": 130,
      "height": 141
    },
    "offset": {
      "x": -4,
      "y": -15.5
    },
    "originalSize": {
      "width": 220,
      "height": 220
    },
    "rotated": false,
    "capInsets": [
      0,
      0,
      0,
      0
    ],
    "vertices": {
      "rawPosition": [
        -65,
        -70.5,
        0,
        65,
        -70.5,
        0,
        -65,
        70.5,
        0,
        65,
        70.5,
        0
      ],
      "indexes": [
        0,
        1,
        2,
        2,
        1,
        3
      ],
      "uv": [
        41,
        165,
        171,
        165,
        41,
        24,
        171,
        24
      ],
      "nuv": [
        0.18636363636363637,
        0.10909090909090909,
        0.7772727272727272,
        0.10909090909090909,
        0.18636363636363637,
        0.75,
        0.7772727272727272,
        0.75
      ],
      "minPos": {
        "x": -65,
        "y": -70.5,
        "z": 0
      },
      "maxPos": {
        "x": 65,
        "y": 70.5,
        "z": 0
      }
    },
    "texture": "699b3ea9-7e40-4c17-b9cd-0caceedbbc9b@6c48a",
    "packable": true,
    "pixelsToUnit": 100,
    "pivot": {
      "x": 0.5,
      "y": 0.5
    },
    "meshType": 0
  }
}