{
  "__type__": "cc.SpriteFrame",
  "content": {
    "name": "1_26",
    "atlas": "",
    "rect": {
      "x": 67,
      "y": 48,
      "width": 131,
      "height": 157
    },
    "offset": {
      "x": 22.5,
      "y": -16.5
    },
    "originalSize": {
      "width": 220,
      "height": 220
    },
    "rotated": false,
    "capInsets": [
      0,
      0,
      0,
      0
    ],
    "vertices": {
      "rawPosition": [
        -65.5,
        -78.5,
        0,
        65.5,
        -78.5,
        0,
        -65.5,
        78.5,
        0,
        65.5,
        78.5,
        0
      ],
      "indexes": [
        0,
        1,
        2,
        2,
        1,
        3
      ],
      "uv": [
        67,
        172,
        198,
        172,
        67,
        15,
        198,
        15
      ],
      "nuv": [
        0.30454545454545456,
        0.06818181818181818,
        0.9,
        0.06818181818181818,
        0.30454545454545456,
        0.7818181818181819,
        0.9,
        0.7818181818181819
      ],
      "minPos": {
        "x": -65.5,
        "y": -78.5,
        "z": 0
      },
      "maxPos": {
        "x": 65.5,
        "y": 78.5,
        "z": 0
      }
    },
    "texture": "69ab0825-5ae7-4391-9b1f-b1688d1fd73d@6c48a",
    "packable": true,
    "pixelsToUnit": 100,
    "pivot": {
      "x": 0.5,
      "y": 0.5
    },
    "meshType": 0
  }
}