{
  "__type__": "cc.SpriteFrame",
  "content": {
    "name": "1_07",
    "atlas": "",
    "rect": {
      "x": 45,
      "y": 48,
      "width": 138,
      "height": 153
    },
    "offset": {
      "x": 4,
      "y": -14.5
    },
    "originalSize": {
      "width": 220,
      "height": 220
    },
    "rotated": false,
    "capInsets": [
      0,
      0,
      0,
      0
    ],
    "vertices": {
      "rawPosition": [
        -69,
        -76.5,
        0,
        69,
        -76.5,
        0,
        -69,
        76.5,
        0,
        69,
        76.5,
        0
      ],
      "indexes": [
        0,
        1,
        2,
        2,
        1,
        3
      ],
      "uv": [
        45,
        172,
        183,
        172,
        45,
        19,
        183,
        19
      ],
      "nuv": [
        0.20454545454545456,
        0.08636363636363636,
        0.8318181818181818,
        0.08636363636363636,
        0.20454545454545456,
        0.7818181818181819,
        0.8318181818181818,
        0.7818181818181819
      ],
      "minPos": {
        "x": -69,
        "y": -76.5,
        "z": 0
      },
      "maxPos": {
        "x": 69,
        "y": 76.5,
        "z": 0
      }
    },
    "texture": "69d8308e-1c05-4e4f-8d54-a98b04e625b5@6c48a",
    "packable": true,
    "pixelsToUnit": 100,
    "pivot": {
      "x": 0.5,
      "y": 0.5
    },
    "meshType": 0
  }
}