{
  "__type__": "cc.SpriteFrame",
  "content": {
    "name": "1_089",
    "atlas": "",
    "rect": {
      "x": 12,
      "y": 60,
      "width": 318,
      "height": 241
    },
    "offset": {
      "x": -16.5,
      "y": -18.5
    },
    "originalSize": {
      "width": 375,
      "height": 324
    },
    "rotated": false,
    "capInsets": [
      0,
      0,
      0,
      0
    ],
    "vertices": {
      "rawPosition": [
        -159,
        -120.5,
        0,
        159,
        -120.5,
        0,
        -159,
        120.5,
        0,
        159,
        120.5,
        0
      ],
      "indexes": [
        0,
        1,
        2,
        2,
        1,
        3
      ],
      "uv": [
        12,
        264,
        330,
        264,
        12,
        23,
        330,
        23
      ],
      "nuv": [
        0.032,
        0.07098765432098765,
        0.88,
        0.07098765432098765,
        0.032,
        0.8148148148148148,
        0.88,
        0.8148148148148148
      ],
      "minPos": {
        "x": -159,
        "y": -120.5,
        "z": 0
      },
      "maxPos": {
        "x": 159,
        "y": 120.5,
        "z": 0
      }
    },
    "texture": "bd6a0a8f-626c-442b-87ef-78d9ae484273@6c48a",
    "packable": true,
    "pixelsToUnit": 100,
    "pivot": {
      "x": 0.5,
      "y": 0.5
    },
    "meshType": 0
  }
}