{
  "__type__": "cc.SpriteFrame",
  "content": {
    "name": "1_02",
    "atlas": "",
    "rect": {
      "x": 39,
      "y": 46,
      "width": 133,
      "height": 155
    },
    "offset": {
      "x": -4.5,
      "y": -13.5
    },
    "originalSize": {
      "width": 220,
      "height": 220
    },
    "rotated": false,
    "capInsets": [
      0,
      0,
      0,
      0
    ],
    "vertices": {
      "rawPosition": [
        -66.5,
        -77.5,
        0,
        66.5,
        -77.5,
        0,
        -66.5,
        77.5,
        0,
        66.5,
        77.5,
        0
      ],
      "indexes": [
        0,
        1,
        2,
        2,
        1,
        3
      ],
      "uv": [
        39,
        174,
        172,
        174,
        39,
        19,
        172,
        19
      ],
      "nuv": [
        0.17727272727272728,
        0.08636363636363636,
        0.7818181818181819,
        0.08636363636363636,
        0.17727272727272728,
        0.7909090909090909,
        0.7818181818181819,
        0.7909090909090909
      ],
      "minPos": {
        "x": -66.5,
        "y": -77.5,
        "z": 0
      },
      "maxPos": {
        "x": 66.5,
        "y": 77.5,
        "z": 0
      }
    },
    "texture": "bd85426a-7921-4def-a09e-a732a87309bf@6c48a",
    "packable": true,
    "pixelsToUnit": 100,
    "pivot": {
      "x": 0.5,
      "y": 0.5
    },
    "meshType": 0
  }
}