{
  "__type__": "cc.SpriteFrame",
  "content": {
    "name": "1_24",
    "atlas": "",
    "rect": {
      "x": 39,
      "y": 55,
      "width": 130,
      "height": 141
    },
    "offset": {
      "x": -6,
      "y": -15.5
    },
    "originalSize": {
      "width": 220,
      "height": 220
    },
    "rotated": false,
    "capInsets": [
      0,
      0,
      0,
      0
    ],
    "vertices": {
      "rawPosition": [
        -65,
        -70.5,
        0,
        65,
        -70.5,
        0,
        -65,
        70.5,
        0,
        65,
        70.5,
        0
      ],
      "indexes": [
        0,
        1,
        2,
        2,
        1,
        3
      ],
      "uv": [
        39,
        165,
        169,
        165,
        39,
        24,
        169,
        24
      ],
      "nuv": [
        0.17727272727272728,
        0.10909090909090909,
        0.7681818181818182,
        0.10909090909090909,
        0.17727272727272728,
        0.75,
        0.7681818181818182,
        0.75
      ],
      "minPos": {
        "x": -65,
        "y": -70.5,
        "z": 0
      },
      "maxPos": {
        "x": 65,
        "y": 70.5,
        "z": 0
      }
    },
    "texture": "bda8fd95-eed5-420f-9226-95feaa9923d8@6c48a",
    "packable": true,
    "pixelsToUnit": 100,
    "pivot": {
      "x": 0.5,
      "y": 0.5
    },
    "meshType": 0
  }
}