{
  "__type__": "cc.SpriteFrame",
  "content": {
    "name": "1_13",
    "atlas": "",
    "rect": {
      "x": 39,
      "y": 49,
      "width": 152,
      "height": 159
    },
    "offset": {
      "x": 5,
      "y": -18.5
    },
    "originalSize": {
      "width": 220,
      "height": 220
    },
    "rotated": false,
    "capInsets": [
      0,
      0,
      0,
      0
    ],
    "vertices": {
      "rawPosition": [
        -76,
        -79.5,
        0,
        76,
        -79.5,
        0,
        -76,
        79.5,
        0,
        76,
        79.5,
        0
      ],
      "indexes": [
        0,
        1,
        2,
        2,
        1,
        3
      ],
      "uv": [
        39,
        171,
        191,
        171,
        39,
        12,
        191,
        12
      ],
      "nuv": [
        0.17727272727272728,
        0.05454545454545454,
        0.8681818181818182,
        0.05454545454545454,
        0.17727272727272728,
        0.7772727272727272,
        0.8681818181818182,
        0.7772727272727272
      ],
      "minPos": {
        "x": -76,
        "y": -79.5,
        "z": 0
      },
      "maxPos": {
        "x": 76,
        "y": 79.5,
        "z": 0
      }
    },
    "texture": "836d7335-f86e-4b41-9778-964ce29795dc@6c48a",
    "packable": true,
    "pixelsToUnit": 100,
    "pivot": {
      "x": 0.5,
      "y": 0.5
    },
    "meshType": 0
  }
}