{
  "__type__": "cc.SpriteFrame",
  "content": {
    "name": "1_14",
    "atlas": "",
    "rect": {
      "x": 52,
      "y": 59,
      "width": 128,
      "height": 138
    },
    "offset": {
      "x": 6,
      "y": -18
    },
    "originalSize": {
      "width": 220,
      "height": 220
    },
    "rotated": false,
    "capInsets": [
      0,
      0,
      0,
      0
    ],
    "vertices": {
      "rawPosition": [
        -64,
        -69,
        0,
        64,
        -69,
        0,
        -64,
        69,
        0,
        64,
        69,
        0
      ],
      "indexes": [
        0,
        1,
        2,
        2,
        1,
        3
      ],
      "uv": [
        52,
        161,
        180,
        161,
        52,
        23,
        180,
        23
      ],
      "nuv": [
        0.23636363636363636,
        0.10454545454545454,
        0.8181818181818182,
        0.10454545454545454,
        0.23636363636363636,
        0.7318181818181818,
        0.8181818181818182,
        0.7318181818181818
      ],
      "minPos": {
        "x": -64,
        "y": -69,
        "z": 0
      },
      "maxPos": {
        "x": 64,
        "y": 69,
        "z": 0
      }
    },
    "texture": "837225a0-3e47-4775-83f2-158f921642e7@6c48a",
    "packable": true,
    "pixelsToUnit": 100,
    "pivot": {
      "x": 0.5,
      "y": 0.5
    },
    "meshType": 0
  }
}