{
  "__type__": "cc.SpriteFrame",
  "content": {
    "name": "1_41",
    "atlas": "",
    "rect": {
      "x": 21,
      "y": 78,
      "width": 229,
      "height": 236
    },
    "offset": {
      "x": -5,
      "y": -30.5
    },
    "originalSize": {
      "width": 281,
      "height": 331
    },
    "rotated": false,
    "capInsets": [
      0,
      0,
      0,
      0
    ],
    "vertices": {
      "rawPosition": [
        -114.5,
        -118,
        0,
        114.5,
        -118,
        0,
        -114.5,
        118,
        0,
        114.5,
        118,
        0
      ],
      "indexes": [
        0,
        1,
        2,
        2,
        1,
        3
      ],
      "uv": [
        21,
        253,
        250,
        253,
        21,
        17,
        250,
        17
      ],
      "nuv": [
        0.07473309608540925,
        0.0513595166163142,
        0.8896797153024911,
        0.0513595166163142,
        0.07473309608540925,
        0.7643504531722054,
        0.8896797153024911,
        0.7643504531722054
      ],
      "minPos": {
        "x": -114.5,
        "y": -118,
        "z": 0
      },
      "maxPos": {
        "x": 114.5,
        "y": 118,
        "z": 0
      }
    },
    "texture": "83d906f0-4519-419a-8ae0-4bc7ce77d0d4@6c48a",
    "packable": true,
    "pixelsToUnit": 100,
    "pivot": {
      "x": 0.5,
      "y": 0.5
    },
    "meshType": 0
  }
}