{
  "__type__": "cc.SpriteFrame",
  "content": {
    "name": "1_40",
    "atlas": "",
    "rect": {
      "x": 19,
      "y": 23,
      "width": 185,
      "height": 173
    },
    "offset": {
      "x": 1.5,
      "y": 0.5
    },
    "originalSize": {
      "width": 220,
      "height": 220
    },
    "rotated": false,
    "capInsets": [
      0,
      0,
      0,
      0
    ],
    "vertices": {
      "rawPosition": [
        -92.5,
        -86.5,
        0,
        92.5,
        -86.5,
        0,
        -92.5,
        86.5,
        0,
        92.5,
        86.5,
        0
      ],
      "indexes": [
        0,
        1,
        2,
        2,
        1,
        3
      ],
      "uv": [
        19,
        197,
        204,
        197,
        19,
        24,
        204,
        24
      ],
      "nuv": [
        0.08636363636363636,
        0.10909090909090909,
        0.9272727272727272,
        0.10909090909090909,
        0.08636363636363636,
        0.8954545454545455,
        0.9272727272727272,
        0.8954545454545455
      ],
      "minPos": {
        "x": -92.5,
        "y": -86.5,
        "z": 0
      },
      "maxPos": {
        "x": 92.5,
        "y": 86.5,
        "z": 0
      }
    },
    "texture": "2171a86a-e136-4094-99bb-5075fa9a8513@6c48a",
    "packable": true,
    "pixelsToUnit": 100,
    "pivot": {
      "x": 0.5,
      "y": 0.5
    },
    "meshType": 0
  }
}