{
  "__type__": "cc.SpriteFrame",
  "content": {
    "name": "1_27",
    "atlas": "",
    "rect": {
      "x": 42,
      "y": 55,
      "width": 130,
      "height": 141
    },
    "offset": {
      "x": -3,
      "y": -15.5
    },
    "originalSize": {
      "width": 220,
      "height": 220
    },
    "rotated": false,
    "capInsets": [
      0,
      0,
      0,
      0
    ],
    "vertices": {
      "rawPosition": [
        -65,
        -70.5,
        0,
        65,
        -70.5,
        0,
        -65,
        70.5,
        0,
        65,
        70.5,
        0
      ],
      "indexes": [
        0,
        1,
        2,
        2,
        1,
        3
      ],
      "uv": [
        42,
        165,
        172,
        165,
        42,
        24,
        172,
        24
      ],
      "nuv": [
        0.19090909090909092,
        0.10909090909090909,
        0.7818181818181819,
        0.10909090909090909,
        0.19090909090909092,
        0.75,
        0.7818181818181819,
        0.75
      ],
      "minPos": {
        "x": -65,
        "y": -70.5,
        "z": 0
      },
      "maxPos": {
        "x": 65,
        "y": 70.5,
        "z": 0
      }
    },
    "texture": "21aeb758-55ee-4098-a432-16bab022f92a@6c48a",
    "packable": true,
    "pixelsToUnit": 100,
    "pivot": {
      "x": 0.5,
      "y": 0.5
    },
    "meshType": 0
  }
}