{
  "__type__": "cc.SpriteFrame",
  "content": {
    "name": "tu01-stand1_56",
    "atlas": "",
    "rect": {
      "x": 20,
      "y": 67,
      "width": 153,
      "height": 146
    },
    "offset": {
      "x": -13.5,
      "y": -30
    },
    "originalSize": {
      "width": 220,
      "height": 220
    },
    "rotated": false,
    "capInsets": [
      0,
      0,
      0,
      0
    ],
    "vertices": {
      "rawPosition": [
        -76.5,
        -73,
        0,
        76.5,
        -73,
        0,
        -76.5,
        73,
        0,
        76.5,
        73,
        0
      ],
      "indexes": [
        0,
        1,
        2,
        2,
        1,
        3
      ],
      "uv": [
        20,
        153,
        173,
        153,
        20,
        7,
        173,
        7
      ],
      "nuv": [
        0.09090909090909091,
        0.031818181818181815,
        0.7863636363636364,
        0.031818181818181815,
        0.09090909090909091,
        0.6954545454545454,
        0.7863636363636364,
        0.6954545454545454
      ],
      "minPos": {
        "x": -76.5,
        "y": -73,
        "z": 0
      },
      "maxPos": {
        "x": 76.5,
        "y": 73,
        "z": 0
      }
    },
    "texture": "21c09cba-1c4a-458c-8cff-1fd8b54aa17a@6c48a",
    "packable": true,
    "pixelsToUnit": 100,
    "pivot": {
      "x": 0.5,
      "y": 0.5
    },
    "meshType": 0
  }
}