{
  "__type__": "cc.SpriteFrame",
  "content": {
    "name": "1_20",
    "atlas": "",
    "rect": {
      "x": 66,
      "y": 52,
      "width": 125,
      "height": 153
    },
    "offset": {
      "x": 18.5,
      "y": -18.5
    },
    "originalSize": {
      "width": 220,
      "height": 220
    },
    "rotated": false,
    "capInsets": [
      0,
      0,
      0,
      0
    ],
    "vertices": {
      "rawPosition": [
        -62.5,
        -76.5,
        0,
        62.5,
        -76.5,
        0,
        -62.5,
        76.5,
        0,
        62.5,
        76.5,
        0
      ],
      "indexes": [
        0,
        1,
        2,
        2,
        1,
        3
      ],
      "uv": [
        66,
        168,
        191,
        168,
        66,
        15,
        191,
        15
      ],
      "nuv": [
        0.3,
        0.06818181818181818,
        0.8681818181818182,
        0.06818181818181818,
        0.3,
        0.7636363636363637,
        0.8681818181818182,
        0.7636363636363637
      ],
      "minPos": {
        "x": -62.5,
        "y": -76.5,
        "z": 0
      },
      "maxPos": {
        "x": 62.5,
        "y": 76.5,
        "z": 0
      }
    },
    "texture": "4f2d8695-691d-4722-8ac7-b9d3526a1e65@6c48a",
    "packable": true,
    "pixelsToUnit": 100,
    "pivot": {
      "x": 0.5,
      "y": 0.5
    },
    "meshType": 0
  }
}