{
  "__type__": "cc.SpriteFrame",
  "content": {
    "name": "tu01-stand1_58",
    "atlas": "",
    "rect": {
      "x": 22,
      "y": 66,
      "width": 152,
      "height": 147
    },
    "offset": {
      "x": -12,
      "y": -29.5
    },
    "originalSize": {
      "width": 220,
      "height": 220
    },
    "rotated": false,
    "capInsets": [
      0,
      0,
      0,
      0
    ],
    "vertices": {
      "rawPosition": [
        -76,
        -73.5,
        0,
        76,
        -73.5,
        0,
        -76,
        73.5,
        0,
        76,
        73.5,
        0
      ],
      "indexes": [
        0,
        1,
        2,
        2,
        1,
        3
      ],
      "uv": [
        22,
        154,
        174,
        154,
        22,
        7,
        174,
        7
      ],
      "nuv": [
        0.1,
        0.031818181818181815,
        0.7909090909090909,
        0.031818181818181815,
        0.1,
        0.7,
        0.7909090909090909,
        0.7
      ],
      "minPos": {
        "x": -76,
        "y": -73.5,
        "z": 0
      },
      "maxPos": {
        "x": 76,
        "y": 73.5,
        "z": 0
      }
    },
    "texture": "4f3ab8cb-ff03-4235-b7ea-47e5420cd350@6c48a",
    "packable": true,
    "pixelsToUnit": 100,
    "pivot": {
      "x": 0.5,
      "y": 0.5
    },
    "meshType": 0
  }
}