{
  "__type__": "cc.SpriteFrame",
  "content": {
    "name": "move_12",
    "atlas": "",
    "rect": {
      "x": 31,
      "y": 29,
      "width": 47,
      "height": 154
    },
    "offset": {
      "x": -5.5,
      "y": -8.5
    },
    "originalSize": {
      "width": 120,
      "height": 195
    },
    "rotated": false,
    "capInsets": [
      0,
      0,
      0,
      0
    ],
    "vertices": {
      "rawPosition": [
        -23.5,
        -77,
        0,
        23.5,
        -77,
        0,
        -23.5,
        77,
        0,
        23.5,
        77,
        0
      ],
      "indexes": [
        0,
        1,
        2,
        2,
        1,
        3
      ],
      "uv": [
        31,
        166,
        78,
        166,
        31,
        12,
        78,
        12
      ],
      "nuv": [
        0.25833333333333336,
        0.06153846153846154,
        0.65,
        0.06153846153846154,
        0.25833333333333336,
        0.8512820512820513,
        0.65,
        0.8512820512820513
      ],
      "minPos": {
        "x": -23.5,
        "y": -77,
        "z": 0
      },
      "maxPos": {
        "x": 23.5,
        "y": 77,
        "z": 0
      }
    },
    "texture": "4f51de15-d1fc-4474-a176-e231758064bf@6c48a",
    "packable": true,
    "pixelsToUnit": 100,
    "pivot": {
      "x": 0.5,
      "y": 0.5
    },
    "meshType": 0
  }
}