{
  "__type__": "cc.SpriteFrame",
  "content": {
    "name": "1_17",
    "atlas": "",
    "rect": {
      "x": 35,
      "y": 49,
      "width": 159,
      "height": 117
    },
    "offset": {
      "x": 4.5,
      "y": 2.5
    },
    "originalSize": {
      "width": 220,
      "height": 220
    },
    "rotated": false,
    "capInsets": [
      0,
      0,
      0,
      0
    ],
    "vertices": {
      "rawPosition": [
        -79.5,
        -58.5,
        0,
        79.5,
        -58.5,
        0,
        -79.5,
        58.5,
        0,
        79.5,
        58.5,
        0
      ],
      "indexes": [
        0,
        1,
        2,
        2,
        1,
        3
      ],
      "uv": [
        35,
        171,
        194,
        171,
        35,
        54,
        194,
        54
      ],
      "nuv": [
        0.1590909090909091,
        0.24545454545454545,
        0.8818181818181818,
        0.24545454545454545,
        0.1590909090909091,
        0.7772727272727272,
        0.8818181818181818,
        0.7772727272727272
      ],
      "minPos": {
        "x": -79.5,
        "y": -58.5,
        "z": 0
      },
      "maxPos": {
        "x": 79.5,
        "y": 58.5,
        "z": 0
      }
    },
    "texture": "4f6913ff-8682-4b9b-b806-bb209760cb42@6c48a",
    "packable": true,
    "pixelsToUnit": 100,
    "pivot": {
      "x": 0.5,
      "y": 0.5
    },
    "meshType": 0
  }
}