{
  "__type__": "cc.SpriteFrame",
  "content": {
    "name": "1_10",
    "atlas": "",
    "rect": {
      "x": 38,
      "y": 43,
      "width": 142,
      "height": 163
    },
    "offset": {
      "x": -1,
      "y": -14.5
    },
    "originalSize": {
      "width": 220,
      "height": 220
    },
    "rotated": false,
    "capInsets": [
      0,
      0,
      0,
      0
    ],
    "vertices": {
      "rawPosition": [
        -71,
        -81.5,
        0,
        71,
        -81.5,
        0,
        -71,
        81.5,
        0,
        71,
        81.5,
        0
      ],
      "indexes": [
        0,
        1,
        2,
        2,
        1,
        3
      ],
      "uv": [
        38,
        177,
        180,
        177,
        38,
        14,
        180,
        14
      ],
      "nuv": [
        0.17272727272727273,
        0.06363636363636363,
        0.8181818181818182,
        0.06363636363636363,
        0.17272727272727273,
        0.8045454545454546,
        0.8181818181818182,
        0.8045454545454546
      ],
      "minPos": {
        "x": -71,
        "y": -81.5,
        "z": 0
      },
      "maxPos": {
        "x": 71,
        "y": 81.5,
        "z": 0
      }
    },
    "texture": "4fa3ea8e-7772-4751-9b5f-defbbc7a1ce2@6c48a",
    "packable": true,
    "pixelsToUnit": 100,
    "pivot": {
      "x": 0.5,
      "y": 0.5
    },
    "meshType": 0
  }
}