{
  "__type__": "cc.SpriteFrame",
  "content": {
    "name": "1_25",
    "atlas": "",
    "rect": {
      "x": 46,
      "y": 50,
      "width": 137,
      "height": 152
    },
    "offset": {
      "x": 4.5,
      "y": -16
    },
    "originalSize": {
      "width": 220,
      "height": 220
    },
    "rotated": false,
    "capInsets": [
      0,
      0,
      0,
      0
    ],
    "vertices": {
      "rawPosition": [
        -68.5,
        -76,
        0,
        68.5,
        -76,
        0,
        -68.5,
        76,
        0,
        68.5,
        76,
        0
      ],
      "indexes": [
        0,
        1,
        2,
        2,
        1,
        3
      ],
      "uv": [
        46,
        170,
        183,
        170,
        46,
        18,
        183,
        18
      ],
      "nuv": [
        0.20909090909090908,
        0.08181818181818182,
        0.8318181818181818,
        0.08181818181818182,
        0.20909090909090908,
        0.7727272727272727,
        0.8318181818181818,
        0.7727272727272727
      ],
      "minPos": {
        "x": -68.5,
        "y": -76,
        "z": 0
      },
      "maxPos": {
        "x": 68.5,
        "y": 76,
        "z": 0
      }
    },
    "texture": "d52081bf-2ed7-4316-82e7-0a552e701850@6c48a",
    "packable": true,
    "pixelsToUnit": 100,
    "pivot": {
      "x": 0.5,
      "y": 0.5
    },
    "meshType": 0
  }
}