{
  "__type__": "cc.SpriteFrame",
  "content": {
    "name": "1_01",
    "atlas": "",
    "rect": {
      "x": 37,
      "y": 47,
      "width": 140,
      "height": 154
    },
    "offset": {
      "x": -3,
      "y": -14
    },
    "originalSize": {
      "width": 220,
      "height": 220
    },
    "rotated": false,
    "capInsets": [
      0,
      0,
      0,
      0
    ],
    "vertices": {
      "rawPosition": [
        -70,
        -77,
        0,
        70,
        -77,
        0,
        -70,
        77,
        0,
        70,
        77,
        0
      ],
      "indexes": [
        0,
        1,
        2,
        2,
        1,
        3
      ],
      "uv": [
        37,
        173,
        177,
        173,
        37,
        19,
        177,
        19
      ],
      "nuv": [
        0.16818181818181818,
        0.08636363636363636,
        0.8045454545454546,
        0.08636363636363636,
        0.16818181818181818,
        0.7863636363636364,
        0.8045454545454546,
        0.7863636363636364
      ],
      "minPos": {
        "x": -70,
        "y": -77,
        "z": 0
      },
      "maxPos": {
        "x": 70,
        "y": 77,
        "z": 0
      }
    },
    "texture": "d52d1133-6e72-443a-8fb6-3f5da367d325@6c48a",
    "packable": true,
    "pixelsToUnit": 100,
    "pivot": {
      "x": 0.5,
      "y": 0.5
    },
    "meshType": 0
  }
}