{
  "__type__": "cc.SpriteFrame",
  "content": {
    "name": "1_37",
    "atlas": "",
    "rect": {
      "x": 45,
      "y": 45,
      "width": 141,
      "height": 161
    },
    "offset": {
      "x": 5.5,
      "y": -15.5
    },
    "originalSize": {
      "width": 220,
      "height": 220
    },
    "rotated": false,
    "capInsets": [
      0,
      0,
      0,
      0
    ],
    "vertices": {
      "rawPosition": [
        -70.5,
        -80.5,
        0,
        70.5,
        -80.5,
        0,
        -70.5,
        80.5,
        0,
        70.5,
        80.5,
        0
      ],
      "indexes": [
        0,
        1,
        2,
        2,
        1,
        3
      ],
      "uv": [
        45,
        175,
        186,
        175,
        45,
        14,
        186,
        14
      ],
      "nuv": [
        0.20454545454545456,
        0.06363636363636363,
        0.8454545454545455,
        0.06363636363636363,
        0.20454545454545456,
        0.7954545454545454,
        0.8454545454545455,
        0.7954545454545454
      ],
      "minPos": {
        "x": -70.5,
        "y": -80.5,
        "z": 0
      },
      "maxPos": {
        "x": 70.5,
        "y": 80.5,
        "z": 0
      }
    },
    "texture": "d535c32b-5a1e-4d79-8828-4110497d8610@6c48a",
    "packable": true,
    "pixelsToUnit": 100,
    "pivot": {
      "x": 0.5,
      "y": 0.5
    },
    "meshType": 0
  }
}