{
  "__type__": "cc.SpriteFrame",
  "content": {
    "name": "1_104",
    "atlas": "",
    "rect": {
      "x": 79,
      "y": 114,
      "width": 205,
      "height": 187
    },
    "offset": {
      "x": -6,
      "y": -45.5
    },
    "originalSize": {
      "width": 375,
      "height": 324
    },
    "rotated": false,
    "capInsets": [
      0,
      0,
      0,
      0
    ],
    "vertices": {
      "rawPosition": [
        -102.5,
        -93.5,
        0,
        102.5,
        -93.5,
        0,
        -102.5,
        93.5,
        0,
        102.5,
        93.5,
        0
      ],
      "indexes": [
        0,
        1,
        2,
        2,
        1,
        3
      ],
      "uv": [
        79,
        210,
        284,
        210,
        79,
        23,
        284,
        23
      ],
      "nuv": [
        0.21066666666666667,
        0.07098765432098765,
        0.7573333333333333,
        0.07098765432098765,
        0.21066666666666667,
        0.6481481481481481,
        0.7573333333333333,
        0.6481481481481481
      ],
      "minPos": {
        "x": -102.5,
        "y": -93.5,
        "z": 0
      },
      "maxPos": {
        "x": 102.5,
        "y": 93.5,
        "z": 0
      }
    },
    "texture": "d54e8f76-90f8-443c-bdd9-cadf8f752366@6c48a",
    "packable": true,
    "pixelsToUnit": 100,
    "pivot": {
      "x": 0.5,
      "y": 0.5
    },
    "meshType": 0
  }
}