{
  "__type__": "cc.SpriteFrame",
  "content": {
    "name": "1_16",
    "atlas": "",
    "rect": {
      "x": 47,
      "y": 50,
      "width": 136,
      "height": 152
    },
    "offset": {
      "x": 5,
      "y": -16
    },
    "originalSize": {
      "width": 220,
      "height": 220
    },
    "rotated": false,
    "capInsets": [
      0,
      0,
      0,
      0
    ],
    "vertices": {
      "rawPosition": [
        -68,
        -76,
        0,
        68,
        -76,
        0,
        -68,
        76,
        0,
        68,
        76,
        0
      ],
      "indexes": [
        0,
        1,
        2,
        2,
        1,
        3
      ],
      "uv": [
        47,
        170,
        183,
        170,
        47,
        18,
        183,
        18
      ],
      "nuv": [
        0.21363636363636362,
        0.08181818181818182,
        0.8318181818181818,
        0.08181818181818182,
        0.21363636363636362,
        0.7727272727272727,
        0.8318181818181818,
        0.7727272727272727
      ],
      "minPos": {
        "x": -68,
        "y": -76,
        "z": 0
      },
      "maxPos": {
        "x": 68,
        "y": 76,
        "z": 0
      }
    },
    "texture": "d572db31-1d8a-4e7d-ae28-ddc3e84f3eff@6c48a",
    "packable": true,
    "pixelsToUnit": 100,
    "pivot": {
      "x": 0.5,
      "y": 0.5
    },
    "meshType": 0
  }
}