{
  "__type__": "cc.SpriteFrame",
  "content": {
    "name": "1_28",
    "atlas": "",
    "rect": {
      "x": 62,
      "y": 43,
      "width": 141,
      "height": 162
    },
    "offset": {
      "x": 22.5,
      "y": -14
    },
    "originalSize": {
      "width": 220,
      "height": 220
    },
    "rotated": false,
    "capInsets": [
      0,
      0,
      0,
      0
    ],
    "vertices": {
      "rawPosition": [
        -70.5,
        -81,
        0,
        70.5,
        -81,
        0,
        -70.5,
        81,
        0,
        70.5,
        81,
        0
      ],
      "indexes": [
        0,
        1,
        2,
        2,
        1,
        3
      ],
      "uv": [
        62,
        177,
        203,
        177,
        62,
        15,
        203,
        15
      ],
      "nuv": [
        0.2818181818181818,
        0.06818181818181818,
        0.9227272727272727,
        0.06818181818181818,
        0.2818181818181818,
        0.8045454545454546,
        0.9227272727272727,
        0.8045454545454546
      ],
      "minPos": {
        "x": -70.5,
        "y": -81,
        "z": 0
      },
      "maxPos": {
        "x": 70.5,
        "y": 81,
        "z": 0
      }
    },
    "texture": "d5a81cff-0b40-4765-af84-c765a1ae165a@6c48a",
    "packable": true,
    "pixelsToUnit": 100,
    "pivot": {
      "x": 0.5,
      "y": 0.5
    },
    "meshType": 0
  }
}