{
  "__type__": "cc.SpriteFrame",
  "content": {
    "name": "sit_idle_23",
    "atlas": "",
    "rect": {
      "x": 29,
      "y": 48,
      "width": 53,
      "height": 136
    },
    "offset": {
      "x": -4.5,
      "y": -18.5
    },
    "originalSize": {
      "width": 120,
      "height": 195
    },
    "rotated": false,
    "capInsets": [
      0,
      0,
      0,
      0
    ],
    "vertices": {
      "rawPosition": [
        -26.5,
        -68,
        0,
        26.5,
        -68,
        0,
        -26.5,
        68,
        0,
        26.5,
        68,
        0
      ],
      "indexes": [
        0,
        1,
        2,
        2,
        1,
        3
      ],
      "uv": [
        29,
        147,
        82,
        147,
        29,
        11,
        82,
        11
      ],
      "nuv": [
        0.24166666666666667,
        0.05641025641025641,
        0.6833333333333333,
        0.05641025641025641,
        0.24166666666666667,
        0.7538461538461538,
        0.6833333333333333,
        0.7538461538461538
      ],
      "minPos": {
        "x": -26.5,
        "y": -68,
        "z": 0
      },
      "maxPos": {
        "x": 26.5,
        "y": 68,
        "z": 0
      }
    },
    "texture": "d5d07676-5315-4eb9-a882-b22cdb8553e6@6c48a",
    "packable": true,
    "pixelsToUnit": 100,
    "pivot": {
      "x": 0.5,
      "y": 0.5
    },
    "meshType": 0
  }
}