{
  "__type__": "cc.SpriteFrame",
  "content": {
    "name": "1_19",
    "atlas": "",
    "rect": {
      "x": 49,
      "y": 50,
      "width": 136,
      "height": 152
    },
    "offset": {
      "x": 7,
      "y": -16
    },
    "originalSize": {
      "width": 220,
      "height": 220
    },
    "rotated": false,
    "capInsets": [
      0,
      0,
      0,
      0
    ],
    "vertices": {
      "rawPosition": [
        -68,
        -76,
        0,
        68,
        -76,
        0,
        -68,
        76,
        0,
        68,
        76,
        0
      ],
      "indexes": [
        0,
        1,
        2,
        2,
        1,
        3
      ],
      "uv": [
        49,
        170,
        185,
        170,
        49,
        18,
        185,
        18
      ],
      "nuv": [
        0.22272727272727272,
        0.08181818181818182,
        0.8409090909090909,
        0.08181818181818182,
        0.22272727272727272,
        0.7727272727272727,
        0.8409090909090909,
        0.7727272727272727
      ],
      "minPos": {
        "x": -68,
        "y": -76,
        "z": 0
      },
      "maxPos": {
        "x": 68,
        "y": 76,
        "z": 0
      }
    },
    "texture": "d5f79f21-1a8e-4d60-a610-38b81b67bf4d@6c48a",
    "packable": true,
    "pixelsToUnit": 100,
    "pivot": {
      "x": 0.5,
      "y": 0.5
    },
    "meshType": 0
  }
}