{
  "__type__": "cc.SpriteFrame",
  "content": {
    "name": "sit_02",
    "atlas": "",
    "rect": {
      "x": 43,
      "y": 31,
      "width": 55,
      "height": 154
    },
    "offset": {
      "x": 3,
      "y": -10.5
    },
    "originalSize": {
      "width": 135,
      "height": 195
    },
    "rotated": false,
    "capInsets": [
      0,
      0,
      0,
      0
    ],
    "vertices": {
      "rawPosition": [
        -27.5,
        -77,
        0,
        27.5,
        -77,
        0,
        -27.5,
        77,
        0,
        27.5,
        77,
        0
      ],
      "indexes": [
        0,
        1,
        2,
        2,
        1,
        3
      ],
      "uv": [
        43,
        164,
        98,
        164,
        43,
        10,
        98,
        10
      ],
      "nuv": [
        0.31851851851851853,
        0.05128205128205128,
        0.725925925925926,
        0.05128205128205128,
        0.31851851851851853,
        0.841025641025641,
        0.725925925925926,
        0.841025641025641
      ],
      "minPos": {
        "x": -27.5,
        "y": -77,
        "z": 0
      },
      "maxPos": {
        "x": 27.5,
        "y": 77,
        "z": 0
      }
    },
    "texture": "0c94dd6f-2576-4acd-9439-f7a9ba773507@6c48a",
    "packable": true,
    "pixelsToUnit": 100,
    "pivot": {
      "x": 0.5,
      "y": 0.5
    },
    "meshType": 0
  }
}