{
  "__type__": "cc.SpriteFrame",
  "content": {
    "name": "sit_00",
    "atlas": "",
    "rect": {
      "x": 40,
      "y": 23,
      "width": 50,
      "height": 159
    },
    "offset": {
      "x": 5,
      "y": -5
    },
    "originalSize": {
      "width": 120,
      "height": 195
    },
    "rotated": false,
    "capInsets": [
      0,
      0,
      0,
      0
    ],
    "vertices": {
      "rawPosition": [
        -25,
        -79.5,
        0,
        25,
        -79.5,
        0,
        -25,
        79.5,
        0,
        25,
        79.5,
        0
      ],
      "indexes": [
        0,
        1,
        2,
        2,
        1,
        3
      ],
      "uv": [
        40,
        172,
        90,
        172,
        40,
        13,
        90,
        13
      ],
      "nuv": [
        0.3333333333333333,
        0.06666666666666667,
        0.75,
        0.06666666666666667,
        0.3333333333333333,
        0.882051282051282,
        0.75,
        0.882051282051282
      ],
      "minPos": {
        "x": -25,
        "y": -79.5,
        "z": 0
      },
      "maxPos": {
        "x": 25,
        "y": 79.5,
        "z": 0
      }
    },
    "texture": "0c941972-9128-423a-aec7-50d21da362fb@6c48a",
    "packable": true,
    "pixelsToUnit": 100,
    "pivot": {
      "x": 0.5,
      "y": 0.5
    },
    "meshType": 0
  }
}