{
  "__type__": "cc.SpriteFrame",
  "content": {
    "name": "tu01-stand1_24",
    "atlas": "",
    "rect": {
      "x": 23,
      "y": 66,
      "width": 151,
      "height": 147
    },
    "offset": {
      "x": -11.5,
      "y": -29.5
    },
    "originalSize": {
      "width": 220,
      "height": 220
    },
    "rotated": false,
    "capInsets": [
      0,
      0,
      0,
      0
    ],
    "vertices": {
      "rawPosition": [
        -75.5,
        -73.5,
        0,
        75.5,
        -73.5,
        0,
        -75.5,
        73.5,
        0,
        75.5,
        73.5,
        0
      ],
      "indexes": [
        0,
        1,
        2,
        2,
        1,
        3
      ],
      "uv": [
        23,
        154,
        174,
        154,
        23,
        7,
        174,
        7
      ],
      "nuv": [
        0.10454545454545454,
        0.031818181818181815,
        0.7909090909090909,
        0.031818181818181815,
        0.10454545454545454,
        0.7,
        0.7909090909090909,
        0.7
      ],
      "minPos": {
        "x": -75.5,
        "y": -73.5,
        "z": 0
      },
      "maxPos": {
        "x": 75.5,
        "y": 73.5,
        "z": 0
      }
    },
    "texture": "0c9fe3bd-a310-42da-9cee-bc4af5a709e9@6c48a",
    "packable": true,
    "pixelsToUnit": 100,
    "pivot": {
      "x": 0.5,
      "y": 0.5
    },
    "meshType": 0
  }
}