{
  "__type__": "cc.SpriteFrame",
  "content": {
    "name": "1_02",
    "atlas": "",
    "rect": {
      "x": 36,
      "y": 48,
      "width": 149,
      "height": 160
    },
    "offset": {
      "x": 0.5,
      "y": -18
    },
    "originalSize": {
      "width": 220,
      "height": 220
    },
    "rotated": false,
    "capInsets": [
      0,
      0,
      0,
      0
    ],
    "vertices": {
      "rawPosition": [
        -74.5,
        -80,
        0,
        74.5,
        -80,
        0,
        -74.5,
        80,
        0,
        74.5,
        80,
        0
      ],
      "indexes": [
        0,
        1,
        2,
        2,
        1,
        3
      ],
      "uv": [
        36,
        172,
        185,
        172,
        36,
        12,
        185,
        12
      ],
      "nuv": [
        0.16363636363636364,
        0.05454545454545454,
        0.8409090909090909,
        0.05454545454545454,
        0.16363636363636364,
        0.7818181818181819,
        0.8409090909090909,
        0.7818181818181819
      ],
      "minPos": {
        "x": -74.5,
        "y": -80,
        "z": 0
      },
      "maxPos": {
        "x": 74.5,
        "y": 80,
        "z": 0
      }
    },
    "texture": "646747ac-8ad2-4111-82d3-c7e3eb169f44@6c48a",
    "packable": true,
    "pixelsToUnit": 100,
    "pivot": {
      "x": 0.5,
      "y": 0.5
    },
    "meshType": 0
  }
}