{
  "__type__": "cc.SpriteFrame",
  "content": {
    "name": "1_17",
    "atlas": "",
    "rect": {
      "x": 39,
      "y": 55,
      "width": 129,
      "height": 141
    },
    "offset": {
      "x": -6.5,
      "y": -15.5
    },
    "originalSize": {
      "width": 220,
      "height": 220
    },
    "rotated": false,
    "capInsets": [
      0,
      0,
      0,
      0
    ],
    "vertices": {
      "rawPosition": [
        -64.5,
        -70.5,
        0,
        64.5,
        -70.5,
        0,
        -64.5,
        70.5,
        0,
        64.5,
        70.5,
        0
      ],
      "indexes": [
        0,
        1,
        2,
        2,
        1,
        3
      ],
      "uv": [
        39,
        165,
        168,
        165,
        39,
        24,
        168,
        24
      ],
      "nuv": [
        0.17727272727272728,
        0.10909090909090909,
        0.7636363636363637,
        0.10909090909090909,
        0.17727272727272728,
        0.75,
        0.7636363636363637,
        0.75
      ],
      "minPos": {
        "x": -64.5,
        "y": -70.5,
        "z": 0
      },
      "maxPos": {
        "x": 64.5,
        "y": 70.5,
        "z": 0
      }
    },
    "texture": "646ec07f-050e-4e31-b92d-568437a4f41e@6c48a",
    "packable": true,
    "pixelsToUnit": 100,
    "pivot": {
      "x": 0.5,
      "y": 0.5
    },
    "meshType": 0
  }
}