{
  "__type__": "cc.SpriteFrame",
  "content": {
    "name": "move_21",
    "atlas": "",
    "rect": {
      "x": 32,
      "y": 27,
      "width": 51,
      "height": 157
    },
    "offset": {
      "x": -2.5,
      "y": -8
    },
    "originalSize": {
      "width": 120,
      "height": 195
    },
    "rotated": false,
    "capInsets": [
      0,
      0,
      0,
      0
    ],
    "vertices": {
      "rawPosition": [
        -25.5,
        -78.5,
        0,
        25.5,
        -78.5,
        0,
        -25.5,
        78.5,
        0,
        25.5,
        78.5,
        0
      ],
      "indexes": [
        0,
        1,
        2,
        2,
        1,
        3
      ],
      "uv": [
        32,
        168,
        83,
        168,
        32,
        11,
        83,
        11
      ],
      "nuv": [
        0.26666666666666666,
        0.05641025641025641,
        0.6916666666666667,
        0.05641025641025641,
        0.26666666666666666,
        0.8615384615384616,
        0.6916666666666667,
        0.8615384615384616
      ],
      "minPos": {
        "x": -25.5,
        "y": -78.5,
        "z": 0
      },
      "maxPos": {
        "x": 25.5,
        "y": 78.5,
        "z": 0
      }
    },
    "texture": "64a19542-b5b1-4bd9-a590-308af8fbaad0@6c48a",
    "packable": true,
    "pixelsToUnit": 100,
    "pivot": {
      "x": 0.5,
      "y": 0.5
    },
    "meshType": 0
  }
}