{
  "__type__": "cc.SpriteFrame",
  "content": {
    "name": "1_038",
    "atlas": "",
    "rect": {
      "x": 77,
      "y": 77,
      "width": 200,
      "height": 208
    },
    "offset": {
      "x": -10.5,
      "y": -19
    },
    "originalSize": {
      "width": 375,
      "height": 324
    },
    "rotated": false,
    "capInsets": [
      0,
      0,
      0,
      0
    ],
    "vertices": {
      "rawPosition": [
        -100,
        -104,
        0,
        100,
        -104,
        0,
        -100,
        104,
        0,
        100,
        104,
        0
      ],
      "indexes": [
        0,
        1,
        2,
        2,
        1,
        3
      ],
      "uv": [
        77,
        247,
        277,
        247,
        77,
        39,
        277,
        39
      ],
      "nuv": [
        0.20533333333333334,
        0.12037037037037036,
        0.7386666666666667,
        0.12037037037037036,
        0.20533333333333334,
        0.7623456790123457,
        0.7386666666666667,
        0.7623456790123457
      ],
      "minPos": {
        "x": -100,
        "y": -104,
        "z": 0
      },
      "maxPos": {
        "x": 100,
        "y": 104,
        "z": 0
      }
    },
    "texture": "64a83767-8a69-4a10-bef0-9fce6905fa3a@6c48a",
    "packable": true,
    "pixelsToUnit": 100,
    "pivot": {
      "x": 0.5,
      "y": 0.5
    },
    "meshType": 0
  }
}