{
  "__type__": "cc.SpriteFrame",
  "content": {
    "name": "1_36",
    "atlas": "",
    "rect": {
      "x": 33,
      "y": 48,
      "width": 137,
      "height": 154
    },
    "offset": {
      "x": -8.5,
      "y": -15
    },
    "originalSize": {
      "width": 220,
      "height": 220
    },
    "rotated": false,
    "capInsets": [
      0,
      0,
      0,
      0
    ],
    "vertices": {
      "rawPosition": [
        -68.5,
        -77,
        0,
        68.5,
        -77,
        0,
        -68.5,
        77,
        0,
        68.5,
        77,
        0
      ],
      "indexes": [
        0,
        1,
        2,
        2,
        1,
        3
      ],
      "uv": [
        33,
        172,
        170,
        172,
        33,
        18,
        170,
        18
      ],
      "nuv": [
        0.15,
        0.08181818181818182,
        0.7727272727272727,
        0.08181818181818182,
        0.15,
        0.7818181818181819,
        0.7727272727272727,
        0.7818181818181819
      ],
      "minPos": {
        "x": -68.5,
        "y": -77,
        "z": 0
      },
      "maxPos": {
        "x": 68.5,
        "y": 77,
        "z": 0
      }
    },
    "texture": "b71eea5b-f766-4551-9e78-be45b2c47c6a@6c48a",
    "packable": true,
    "pixelsToUnit": 100,
    "pivot": {
      "x": 0.5,
      "y": 0.5
    },
    "meshType": 0
  }
}