{
  "__type__": "cc.SpriteFrame",
  "content": {
    "name": "1_26",
    "atlas": "",
    "rect": {
      "x": 54,
      "y": 59,
      "width": 131,
      "height": 138
    },
    "offset": {
      "x": 9.5,
      "y": -18
    },
    "originalSize": {
      "width": 220,
      "height": 220
    },
    "rotated": false,
    "capInsets": [
      0,
      0,
      0,
      0
    ],
    "vertices": {
      "rawPosition": [
        -65.5,
        -69,
        0,
        65.5,
        -69,
        0,
        -65.5,
        69,
        0,
        65.5,
        69,
        0
      ],
      "indexes": [
        0,
        1,
        2,
        2,
        1,
        3
      ],
      "uv": [
        54,
        161,
        185,
        161,
        54,
        23,
        185,
        23
      ],
      "nuv": [
        0.24545454545454545,
        0.10454545454545454,
        0.8409090909090909,
        0.10454545454545454,
        0.24545454545454545,
        0.7318181818181818,
        0.8409090909090909,
        0.7318181818181818
      ],
      "minPos": {
        "x": -65.5,
        "y": -69,
        "z": 0
      },
      "maxPos": {
        "x": 65.5,
        "y": 69,
        "z": 0
      }
    },
    "texture": "b74794a6-981d-454f-87fe-82cebff86661@6c48a",
    "packable": true,
    "pixelsToUnit": 100,
    "pivot": {
      "x": 0.5,
      "y": 0.5
    },
    "meshType": 0
  }
}