{
  "__type__": "cc.SpriteFrame",
  "content": {
    "name": "1_10",
    "atlas": "",
    "rect": {
      "x": 36,
      "y": 46,
      "width": 155,
      "height": 160
    },
    "offset": {
      "x": 3.5,
      "y": -16
    },
    "originalSize": {
      "width": 220,
      "height": 220
    },
    "rotated": false,
    "capInsets": [
      0,
      0,
      0,
      0
    ],
    "vertices": {
      "rawPosition": [
        -77.5,
        -80,
        0,
        77.5,
        -80,
        0,
        -77.5,
        80,
        0,
        77.5,
        80,
        0
      ],
      "indexes": [
        0,
        1,
        2,
        2,
        1,
        3
      ],
      "uv": [
        36,
        174,
        191,
        174,
        36,
        14,
        191,
        14
      ],
      "nuv": [
        0.16363636363636364,
        0.06363636363636363,
        0.8681818181818182,
        0.06363636363636363,
        0.16363636363636364,
        0.7909090909090909,
        0.8681818181818182,
        0.7909090909090909
      ],
      "minPos": {
        "x": -77.5,
        "y": -80,
        "z": 0
      },
      "maxPos": {
        "x": 77.5,
        "y": 80,
        "z": 0
      }
    },
    "texture": "b7530eaf-a9ba-4bc2-bd3e-3fcc2c9975e9@6c48a",
    "packable": true,
    "pixelsToUnit": 100,
    "pivot": {
      "x": 0.5,
      "y": 0.5
    },
    "meshType": 0
  }
}