{
  "__type__": "cc.SpriteFrame",
  "content": {
    "name": "1_33",
    "atlas": "",
    "rect": {
      "x": 33,
      "y": 41,
      "width": 150,
      "height": 124
    },
    "offset": {
      "x": -2,
      "y": 7
    },
    "originalSize": {
      "width": 220,
      "height": 220
    },
    "rotated": false,
    "capInsets": [
      0,
      0,
      0,
      0
    ],
    "vertices": {
      "rawPosition": [
        -75,
        -62,
        0,
        75,
        -62,
        0,
        -75,
        62,
        0,
        75,
        62,
        0
      ],
      "indexes": [
        0,
        1,
        2,
        2,
        1,
        3
      ],
      "uv": [
        33,
        179,
        183,
        179,
        33,
        55,
        183,
        55
      ],
      "nuv": [
        0.15,
        0.25,
        0.8318181818181818,
        0.25,
        0.15,
        0.8136363636363636,
        0.8318181818181818,
        0.8136363636363636
      ],
      "minPos": {
        "x": -75,
        "y": -62,
        "z": 0
      },
      "maxPos": {
        "x": 75,
        "y": 62,
        "z": 0
      }
    },
    "texture": "b75ecdfc-eca6-4715-a0f9-b42d1d740a0c@6c48a",
    "packable": true,
    "pixelsToUnit": 100,
    "pivot": {
      "x": 0.5,
      "y": 0.5
    },
    "meshType": 0
  }
}