{
  "__type__": "cc.SpriteFrame",
  "content": {
    "name": "sit_idle_09",
    "atlas": "",
    "rect": {
      "x": 27,
      "y": 46,
      "width": 67,
      "height": 136
    },
    "offset": {
      "x": 0.5,
      "y": -16.5
    },
    "originalSize": {
      "width": 120,
      "height": 195
    },
    "rotated": false,
    "capInsets": [
      0,
      0,
      0,
      0
    ],
    "vertices": {
      "rawPosition": [
        -33.5,
        -68,
        0,
        33.5,
        -68,
        0,
        -33.5,
        68,
        0,
        33.5,
        68,
        0
      ],
      "indexes": [
        0,
        1,
        2,
        2,
        1,
        3
      ],
      "uv": [
        27,
        149,
        94,
        149,
        27,
        13,
        94,
        13
      ],
      "nuv": [
        0.225,
        0.06666666666666667,
        0.7833333333333333,
        0.06666666666666667,
        0.225,
        0.764102564102564,
        0.7833333333333333,
        0.764102564102564
      ],
      "minPos": {
        "x": -33.5,
        "y": -68,
        "z": 0
      },
      "maxPos": {
        "x": 33.5,
        "y": 68,
        "z": 0
      }
    },
    "texture": "ab0ced37-37aa-44d7-8de4-e97cb510db87@6c48a",
    "packable": true,
    "pixelsToUnit": 100,
    "pivot": {
      "x": 0.5,
      "y": 0.5
    },
    "meshType": 0
  }
}