{
  "__type__": "cc.SpriteFrame",
  "content": {
    "name": "1_37",
    "atlas": "",
    "rect": {
      "x": 40,
      "y": 48,
      "width": 147,
      "height": 160
    },
    "offset": {
      "x": 3.5,
      "y": -18
    },
    "originalSize": {
      "width": 220,
      "height": 220
    },
    "rotated": false,
    "capInsets": [
      0,
      0,
      0,
      0
    ],
    "vertices": {
      "rawPosition": [
        -73.5,
        -80,
        0,
        73.5,
        -80,
        0,
        -73.5,
        80,
        0,
        73.5,
        80,
        0
      ],
      "indexes": [
        0,
        1,
        2,
        2,
        1,
        3
      ],
      "uv": [
        40,
        172,
        187,
        172,
        40,
        12,
        187,
        12
      ],
      "nuv": [
        0.18181818181818182,
        0.05454545454545454,
        0.85,
        0.05454545454545454,
        0.18181818181818182,
        0.7818181818181819,
        0.85,
        0.7818181818181819
      ],
      "minPos": {
        "x": -73.5,
        "y": -80,
        "z": 0
      },
      "maxPos": {
        "x": 73.5,
        "y": 80,
        "z": 0
      }
    },
    "texture": "abb01963-84f7-42f4-b1e7-49e74a054746@6c48a",
    "packable": true,
    "pixelsToUnit": 100,
    "pivot": {
      "x": 0.5,
      "y": 0.5
    },
    "meshType": 0
  }
}