{
  "__type__": "cc.SpriteFrame",
  "content": {
    "name": "1_23",
    "atlas": "",
    "rect": {
      "x": 32,
      "y": 36,
      "width": 179,
      "height": 119
    },
    "offset": {
      "x": 11.5,
      "y": 14.5
    },
    "originalSize": {
      "width": 220,
      "height": 220
    },
    "rotated": false,
    "capInsets": [
      0,
      0,
      0,
      0
    ],
    "vertices": {
      "rawPosition": [
        -89.5,
        -59.5,
        0,
        89.5,
        -59.5,
        0,
        -89.5,
        59.5,
        0,
        89.5,
        59.5,
        0
      ],
      "indexes": [
        0,
        1,
        2,
        2,
        1,
        3
      ],
      "uv": [
        32,
        184,
        211,
        184,
        32,
        65,
        211,
        65
      ],
      "nuv": [
        0.14545454545454545,
        0.29545454545454547,
        0.9590909090909091,
        0.29545454545454547,
        0.14545454545454545,
        0.8363636363636363,
        0.9590909090909091,
        0.8363636363636363
      ],
      "minPos": {
        "x": -89.5,
        "y": -59.5,
        "z": 0
      },
      "maxPos": {
        "x": 89.5,
        "y": 59.5,
        "z": 0
      }
    },
    "texture": "6be109ff-e159-467c-a2cd-088885c48e4d@6c48a",
    "packable": true,
    "pixelsToUnit": 100,
    "pivot": {
      "x": 0.5,
      "y": 0.5
    },
    "meshType": 0
  }
}