{
  "__type__": "cc.SpriteFrame",
  "content": {
    "name": "1_25",
    "atlas": "",
    "rect": {
      "x": 44,
      "y": 45,
      "width": 133,
      "height": 158
    },
    "offset": {
      "x": 0.5,
      "y": -14
    },
    "originalSize": {
      "width": 220,
      "height": 220
    },
    "rotated": false,
    "capInsets": [
      0,
      0,
      0,
      0
    ],
    "vertices": {
      "rawPosition": [
        -66.5,
        -79,
        0,
        66.5,
        -79,
        0,
        -66.5,
        79,
        0,
        66.5,
        79,
        0
      ],
      "indexes": [
        0,
        1,
        2,
        2,
        1,
        3
      ],
      "uv": [
        44,
        175,
        177,
        175,
        44,
        17,
        177,
        17
      ],
      "nuv": [
        0.2,
        0.07727272727272727,
        0.8045454545454546,
        0.07727272727272727,
        0.2,
        0.7954545454545454,
        0.8045454545454546,
        0.7954545454545454
      ],
      "minPos": {
        "x": -66.5,
        "y": -79,
        "z": 0
      },
      "maxPos": {
        "x": 66.5,
        "y": 79,
        "z": 0
      }
    },
    "texture": "6bf9e817-e183-4a4e-be64-7996ec7acef8@6c48a",
    "packable": true,
    "pixelsToUnit": 100,
    "pivot": {
      "x": 0.5,
      "y": 0.5
    },
    "meshType": 0
  }
}