{
  "__type__": "cc.SpriteFrame",
  "content": {
    "name": "tu01-stand_10",
    "atlas": "",
    "rect": {
      "x": 39,
      "y": 64,
      "width": 154,
      "height": 149
    },
    "offset": {
      "x": 6,
      "y": -28.5
    },
    "originalSize": {
      "width": 220,
      "height": 220
    },
    "rotated": false,
    "capInsets": [
      0,
      0,
      0,
      0
    ],
    "vertices": {
      "rawPosition": [
        -77,
        -74.5,
        0,
        77,
        -74.5,
        0,
        -77,
        74.5,
        0,
        77,
        74.5,
        0
      ],
      "indexes": [
        0,
        1,
        2,
        2,
        1,
        3
      ],
      "uv": [
        39,
        156,
        193,
        156,
        39,
        7,
        193,
        7
      ],
      "nuv": [
        0.17727272727272728,
        0.031818181818181815,
        0.8772727272727273,
        0.031818181818181815,
        0.17727272727272728,
        0.7090909090909091,
        0.8772727272727273,
        0.7090909090909091
      ],
      "minPos": {
        "x": -77,
        "y": -74.5,
        "z": 0
      },
      "maxPos": {
        "x": 77,
        "y": 74.5,
        "z": 0
      }
    },
    "texture": "8b5d7893-d439-4820-ba54-9aaf3813371d@6c48a",
    "packable": true,
    "pixelsToUnit": 100,
    "pivot": {
      "x": 0.5,
      "y": 0.5
    },
    "meshType": 0
  }
}