{
  "__type__": "cc.SpriteFrame",
  "content": {
    "name": "1_020",
    "atlas": "",
    "rect": {
      "x": 79,
      "y": 136,
      "width": 191,
      "height": 149
    },
    "offset": {
      "x": -13,
      "y": -48.5
    },
    "originalSize": {
      "width": 375,
      "height": 324
    },
    "rotated": false,
    "capInsets": [
      0,
      0,
      0,
      0
    ],
    "vertices": {
      "rawPosition": [
        -95.5,
        -74.5,
        0,
        95.5,
        -74.5,
        0,
        -95.5,
        74.5,
        0,
        95.5,
        74.5,
        0
      ],
      "indexes": [
        0,
        1,
        2,
        2,
        1,
        3
      ],
      "uv": [
        79,
        188,
        270,
        188,
        79,
        39,
        270,
        39
      ],
      "nuv": [
        0.21066666666666667,
        0.12037037037037036,
        0.72,
        0.12037037037037036,
        0.21066666666666667,
        0.5802469135802469,
        0.72,
        0.5802469135802469
      ],
      "minPos": {
        "x": -95.5,
        "y": -74.5,
        "z": 0
      },
      "maxPos": {
        "x": 95.5,
        "y": 74.5,
        "z": 0
      }
    },
    "texture": "8b61d95b-91be-4c17-91a8-87bb02940cc2@6c48a",
    "packable": true,
    "pixelsToUnit": 100,
    "pivot": {
      "x": 0.5,
      "y": 0.5
    },
    "meshType": 0
  }
}