{
  "__type__": "cc.SpriteFrame",
  "content": {
    "name": "sit2_idle_21",
    "atlas": "",
    "rect": {
      "x": 37,
      "y": 50,
      "width": 61,
      "height": 132
    },
    "offset": {
      "x": 7.5,
      "y": -18.5
    },
    "originalSize": {
      "width": 120,
      "height": 195
    },
    "rotated": false,
    "capInsets": [
      0,
      0,
      0,
      0
    ],
    "vertices": {
      "rawPosition": [
        -30.5,
        -66,
        0,
        30.5,
        -66,
        0,
        -30.5,
        66,
        0,
        30.5,
        66,
        0
      ],
      "indexes": [
        0,
        1,
        2,
        2,
        1,
        3
      ],
      "uv": [
        37,
        145,
        98,
        145,
        37,
        13,
        98,
        13
      ],
      "nuv": [
        0.30833333333333335,
        0.06666666666666667,
        0.8166666666666667,
        0.06666666666666667,
        0.30833333333333335,
        0.7435897435897436,
        0.8166666666666667,
        0.7435897435897436
      ],
      "minPos": {
        "x": -30.5,
        "y": -66,
        "z": 0
      },
      "maxPos": {
        "x": 30.5,
        "y": 66,
        "z": 0
      }
    },
    "texture": "8b88ece1-fb2d-43e5-b87f-ba4c657a8317@6c48a",
    "packable": true,
    "pixelsToUnit": 100,
    "pivot": {
      "x": 0.5,
      "y": 0.5
    },
    "meshType": 0
  }
}