{
  "__type__": "cc.SpriteFrame",
  "content": {
    "name": "1_38",
    "atlas": "",
    "rect": {
      "x": 39,
      "y": 47,
      "width": 140,
      "height": 154
    },
    "offset": {
      "x": -1,
      "y": -14
    },
    "originalSize": {
      "width": 220,
      "height": 220
    },
    "rotated": false,
    "capInsets": [
      0,
      0,
      0,
      0
    ],
    "vertices": {
      "rawPosition": [
        -70,
        -77,
        0,
        70,
        -77,
        0,
        -70,
        77,
        0,
        70,
        77,
        0
      ],
      "indexes": [
        0,
        1,
        2,
        2,
        1,
        3
      ],
      "uv": [
        39,
        173,
        179,
        173,
        39,
        19,
        179,
        19
      ],
      "nuv": [
        0.17727272727272728,
        0.08636363636363636,
        0.8136363636363636,
        0.08636363636363636,
        0.17727272727272728,
        0.7863636363636364,
        0.8136363636363636,
        0.7863636363636364
      ],
      "minPos": {
        "x": -70,
        "y": -77,
        "z": 0
      },
      "maxPos": {
        "x": 70,
        "y": 77,
        "z": 0
      }
    },
    "texture": "8b947fe2-bcee-4bea-a587-b8445ba8e11a@6c48a",
    "packable": true,
    "pixelsToUnit": 100,
    "pivot": {
      "x": 0.5,
      "y": 0.5
    },
    "meshType": 0
  }
}