{
  "__type__": "cc.SpriteFrame",
  "content": {
    "name": "1_10",
    "atlas": "",
    "rect": {
      "x": 93,
      "y": 223,
      "width": 104,
      "height": 97
    },
    "offset": {
      "x": 4.5,
      "y": -106
    },
    "originalSize": {
      "width": 281,
      "height": 331
    },
    "rotated": false,
    "capInsets": [
      0,
      0,
      0,
      0
    ],
    "vertices": {
      "rawPosition": [
        -52,
        -48.5,
        0,
        52,
        -48.5,
        0,
        -52,
        48.5,
        0,
        52,
        48.5,
        0
      ],
      "indexes": [
        0,
        1,
        2,
        2,
        1,
        3
      ],
      "uv": [
        93,
        108,
        197,
        108,
        93,
        11,
        197,
        11
      ],
      "nuv": [
        0.3309608540925267,
        0.03323262839879154,
        0.701067615658363,
        0.03323262839879154,
        0.3309608540925267,
        0.32628398791540786,
        0.701067615658363,
        0.32628398791540786
      ],
      "minPos": {
        "x": -52,
        "y": -48.5,
        "z": 0
      },
      "maxPos": {
        "x": 52,
        "y": 48.5,
        "z": 0
      }
    },
    "texture": "24aca1b6-45fc-4751-aa7a-75082843effa@6c48a",
    "packable": true,
    "pixelsToUnit": 100,
    "pivot": {
      "x": 0.5,
      "y": 0.5
    },
    "meshType": 0
  }
}