{
  "__type__": "cc.SpriteFrame",
  "content": {
    "name": "1_37",
    "atlas": "",
    "rect": {
      "x": 32,
      "y": 56,
      "width": 209,
      "height": 251
    },
    "offset": {
      "x": -4,
      "y": -16
    },
    "originalSize": {
      "width": 281,
      "height": 331
    },
    "rotated": false,
    "capInsets": [
      0,
      0,
      0,
      0
    ],
    "vertices": {
      "rawPosition": [
        -104.5,
        -125.5,
        0,
        104.5,
        -125.5,
        0,
        -104.5,
        125.5,
        0,
        104.5,
        125.5,
        0
      ],
      "indexes": [
        0,
        1,
        2,
        2,
        1,
        3
      ],
      "uv": [
        32,
        275,
        241,
        275,
        32,
        24,
        241,
        24
      ],
      "nuv": [
        0.11387900355871886,
        0.07250755287009064,
        0.8576512455516014,
        0.07250755287009064,
        0.11387900355871886,
        0.8308157099697885,
        0.8576512455516014,
        0.8308157099697885
      ],
      "minPos": {
        "x": -104.5,
        "y": -125.5,
        "z": 0
      },
      "maxPos": {
        "x": 104.5,
        "y": 125.5,
        "z": 0
      }
    },
    "texture": "db8f7530-0fb5-4219-bc29-5490fed5f3fa@6c48a",
    "packable": true,
    "pixelsToUnit": 100,
    "pivot": {
      "x": 0.5,
      "y": 0.5
    },
    "meshType": 0
  }
}