{
  "__type__": "cc.SpriteFrame",
  "content": {
    "name": "1_085",
    "atlas": "",
    "rect": {
      "x": 51,
      "y": 73,
      "width": 236,
      "height": 228
    },
    "offset": {
      "x": -18.5,
      "y": -25
    },
    "originalSize": {
      "width": 375,
      "height": 324
    },
    "rotated": false,
    "capInsets": [
      0,
      0,
      0,
      0
    ],
    "vertices": {
      "rawPosition": [
        -118,
        -114,
        0,
        118,
        -114,
        0,
        -118,
        114,
        0,
        118,
        114,
        0
      ],
      "indexes": [
        0,
        1,
        2,
        2,
        1,
        3
      ],
      "uv": [
        51,
        251,
        287,
        251,
        51,
        23,
        287,
        23
      ],
      "nuv": [
        0.136,
        0.07098765432098765,
        0.7653333333333333,
        0.07098765432098765,
        0.136,
        0.7746913580246914,
        0.7653333333333333,
        0.7746913580246914
      ],
      "minPos": {
        "x": -118,
        "y": -114,
        "z": 0
      },
      "maxPos": {
        "x": 118,
        "y": 114,
        "z": 0
      }
    },
    "texture": "dbc53402-6b3d-4545-8aae-a97f69d6c590@6c48a",
    "packable": true,
    "pixelsToUnit": 100,
    "pivot": {
      "x": 0.5,
      "y": 0.5
    },
    "meshType": 0
  }
}