{
  "__type__": "cc.SpriteFrame",
  "content": {
    "name": "move_07",
    "atlas": "",
    "rect": {
      "x": 31,
      "y": 28,
      "width": 47,
      "height": 155
    },
    "offset": {
      "x": -5.5,
      "y": -8
    },
    "originalSize": {
      "width": 120,
      "height": 195
    },
    "rotated": false,
    "capInsets": [
      0,
      0,
      0,
      0
    ],
    "vertices": {
      "rawPosition": [
        -23.5,
        -77.5,
        0,
        23.5,
        -77.5,
        0,
        -23.5,
        77.5,
        0,
        23.5,
        77.5,
        0
      ],
      "indexes": [
        0,
        1,
        2,
        2,
        1,
        3
      ],
      "uv": [
        31,
        167,
        78,
        167,
        31,
        12,
        78,
        12
      ],
      "nuv": [
        0.25833333333333336,
        0.06153846153846154,
        0.65,
        0.06153846153846154,
        0.25833333333333336,
        0.8564102564102564,
        0.65,
        0.8564102564102564
      ],
      "minPos": {
        "x": -23.5,
        "y": -77.5,
        "z": 0
      },
      "maxPos": {
        "x": 23.5,
        "y": 77.5,
        "z": 0
      }
    },
    "texture": "0b30bc5e-f0ea-4eac-8e59-6b2dd3855679@6c48a",
    "packable": true,
    "pixelsToUnit": 100,
    "pivot": {
      "x": 0.5,
      "y": 0.5
    },
    "meshType": 0
  }
}