{
  "__type__": "cc.SpriteFrame",
  "content": {
    "name": "sit_idle_20",
    "atlas": "",
    "rect": {
      "x": 33,
      "y": 42,
      "width": 52,
      "height": 140
    },
    "offset": {
      "x": -1,
      "y": -14.5
    },
    "originalSize": {
      "width": 120,
      "height": 195
    },
    "rotated": false,
    "capInsets": [
      0,
      0,
      0,
      0
    ],
    "vertices": {
      "rawPosition": [
        -26,
        -70,
        0,
        26,
        -70,
        0,
        -26,
        70,
        0,
        26,
        70,
        0
      ],
      "indexes": [
        0,
        1,
        2,
        2,
        1,
        3
      ],
      "uv": [
        33,
        153,
        85,
        153,
        33,
        13,
        85,
        13
      ],
      "nuv": [
        0.275,
        0.06666666666666667,
        0.7083333333333334,
        0.06666666666666667,
        0.275,
        0.7846153846153846,
        0.7083333333333334,
        0.7846153846153846
      ],
      "minPos": {
        "x": -26,
        "y": -70,
        "z": 0
      },
      "maxPos": {
        "x": 26,
        "y": 70,
        "z": 0
      }
    },
    "texture": "0b52691d-3233-4650-8b4f-bb399a01f81f@6c48a",
    "packable": true,
    "pixelsToUnit": 100,
    "pivot": {
      "x": 0.5,
      "y": 0.5
    },
    "meshType": 0
  }
}