{
  "__type__": "cc.SpriteFrame",
  "content": {
    "name": "1_26",
    "atlas": "",
    "rect": {
      "x": 37,
      "y": 33,
      "width": 179,
      "height": 123
    },
    "offset": {
      "x": 16.5,
      "y": 15.5
    },
    "originalSize": {
      "width": 220,
      "height": 220
    },
    "rotated": false,
    "capInsets": [
      0,
      0,
      0,
      0
    ],
    "vertices": {
      "rawPosition": [
        -89.5,
        -61.5,
        0,
        89.5,
        -61.5,
        0,
        -89.5,
        61.5,
        0,
        89.5,
        61.5,
        0
      ],
      "indexes": [
        0,
        1,
        2,
        2,
        1,
        3
      ],
      "uv": [
        37,
        187,
        216,
        187,
        37,
        64,
        216,
        64
      ],
      "nuv": [
        0.16818181818181818,
        0.2909090909090909,
        0.9818181818181818,
        0.2909090909090909,
        0.16818181818181818,
        0.85,
        0.9818181818181818,
        0.85
      ],
      "minPos": {
        "x": -89.5,
        "y": -61.5,
        "z": 0
      },
      "maxPos": {
        "x": 89.5,
        "y": 61.5,
        "z": 0
      }
    },
    "texture": "0bb930a6-6151-48e3-a4b5-71f423538e33@6c48a",
    "packable": true,
    "pixelsToUnit": 100,
    "pivot": {
      "x": 0.5,
      "y": 0.5
    },
    "meshType": 0
  }
}