{
  "__type__": "cc.SpriteFrame",
  "content": {
    "name": "1_36",
    "atlas": "",
    "rect": {
      "x": 35,
      "y": 53,
      "width": 204,
      "height": 254
    },
    "offset": {
      "x": -3.5,
      "y": -14.5
    },
    "originalSize": {
      "width": 281,
      "height": 331
    },
    "rotated": false,
    "capInsets": [
      0,
      0,
      0,
      0
    ],
    "vertices": {
      "rawPosition": [
        -102,
        -127,
        0,
        102,
        -127,
        0,
        -102,
        127,
        0,
        102,
        127,
        0
      ],
      "indexes": [
        0,
        1,
        2,
        2,
        1,
        3
      ],
      "uv": [
        35,
        278,
        239,
        278,
        35,
        24,
        239,
        24
      ],
      "nuv": [
        0.12455516014234876,
        0.07250755287009064,
        0.8505338078291815,
        0.07250755287009064,
        0.12455516014234876,
        0.8398791540785498,
        0.8505338078291815,
        0.8398791540785498
      ],
      "minPos": {
        "x": -102,
        "y": -127,
        "z": 0
      },
      "maxPos": {
        "x": 102,
        "y": 127,
        "z": 0
      }
    },
    "texture": "81272bff-c28d-46a7-85fb-ded533fb4d44@6c48a",
    "packable": true,
    "pixelsToUnit": 100,
    "pivot": {
      "x": 0.5,
      "y": 0.5
    },
    "meshType": 0
  }
}