{
  "__type__": "cc.SpriteFrame",
  "content": {
    "name": "1_34",
    "atlas": "",
    "rect": {
      "x": 31,
      "y": 37,
      "width": 152,
      "height": 128
    },
    "offset": {
      "x": -3,
      "y": 9
    },
    "originalSize": {
      "width": 220,
      "height": 220
    },
    "rotated": false,
    "capInsets": [
      0,
      0,
      0,
      0
    ],
    "vertices": {
      "rawPosition": [
        -76,
        -64,
        0,
        76,
        -64,
        0,
        -76,
        64,
        0,
        76,
        64,
        0
      ],
      "indexes": [
        0,
        1,
        2,
        2,
        1,
        3
      ],
      "uv": [
        31,
        183,
        183,
        183,
        31,
        55,
        183,
        55
      ],
      "nuv": [
        0.1409090909090909,
        0.25,
        0.8318181818181818,
        0.25,
        0.1409090909090909,
        0.8318181818181818,
        0.8318181818181818,
        0.8318181818181818
      ],
      "minPos": {
        "x": -76,
        "y": -64,
        "z": 0
      },
      "maxPos": {
        "x": 76,
        "y": 64,
        "z": 0
      }
    },
    "texture": "8128359b-f8d8-4ce1-886e-e2892450bc58@6c48a",
    "packable": true,
    "pixelsToUnit": 100,
    "pivot": {
      "x": 0.5,
      "y": 0.5
    },
    "meshType": 0
  }
}