{
  "__type__": "cc.SpriteFrame",
  "content": {
    "name": "tu01-stand1_27",
    "atlas": "",
    "rect": {
      "x": 30,
      "y": 64,
      "width": 141,
      "height": 149
    },
    "offset": {
      "x": -9.5,
      "y": -28.5
    },
    "originalSize": {
      "width": 220,
      "height": 220
    },
    "rotated": false,
    "capInsets": [
      0,
      0,
      0,
      0
    ],
    "vertices": {
      "rawPosition": [
        -70.5,
        -74.5,
        0,
        70.5,
        -74.5,
        0,
        -70.5,
        74.5,
        0,
        70.5,
        74.5,
        0
      ],
      "indexes": [
        0,
        1,
        2,
        2,
        1,
        3
      ],
      "uv": [
        30,
        156,
        171,
        156,
        30,
        7,
        171,
        7
      ],
      "nuv": [
        0.13636363636363635,
        0.031818181818181815,
        0.7772727272727272,
        0.031818181818181815,
        0.13636363636363635,
        0.7090909090909091,
        0.7772727272727272,
        0.7090909090909091
      ],
      "minPos": {
        "x": -70.5,
        "y": -74.5,
        "z": 0
      },
      "maxPos": {
        "x": 70.5,
        "y": 74.5,
        "z": 0
      }
    },
    "texture": "8129366b-4a64-439c-ba47-913c94a5225f@6c48a",
    "packable": true,
    "pixelsToUnit": 100,
    "pivot": {
      "x": 0.5,
      "y": 0.5
    },
    "meshType": 0
  }
}