{
  "__type__": "cc.SpriteFrame",
  "content": {
    "name": "idle_26",
    "atlas": "",
    "rect": {
      "x": 1,
      "y": 0,
      "width": 48,
      "height": 161
    },
    "offset": {
      "x": 0.5,
      "y": 0
    },
    "originalSize": {
      "width": 49,
      "height": 161
    },
    "rotated": false,
    "capInsets": [
      0,
      0,
      0,
      0
    ],
    "vertices": {
      "rawPosition": [
        -24,
        -80.5,
        0,
        24,
        -80.5,
        0,
        -24,
        80.5,
        0,
        24,
        80.5,
        0
      ],
      "indexes": [
        0,
        1,
        2,
        2,
        1,
        3
      ],
      "uv": [
        1,
        161,
        49,
        161,
        1,
        0,
        49,
        0
      ],
      "nuv": [
        0.02040816326530612,
        0,
        1,
        0,
        0.02040816326530612,
        1,
        1,
        1
      ],
      "minPos": {
        "x": -24,
        "y": -80.5,
        "z": 0
      },
      "maxPos": {
        "x": 24,
        "y": 80.5,
        "z": 0
      }
    },
    "texture": "81a9ea38-47d8-48f4-9f0d-234c35cf21d8@6c48a",
    "packable": true,
    "pixelsToUnit": 100,
    "pivot": {
      "x": 0.5,
      "y": 0.5
    },
    "meshType": 0
  }
}