{
  "__type__": "cc.SpriteFrame",
  "content": {
    "name": "1_17",
    "atlas": "",
    "rect": {
      "x": 46,
      "y": 50,
      "width": 149,
      "height": 158
    },
    "offset": {
      "x": 10.5,
      "y": -19
    },
    "originalSize": {
      "width": 220,
      "height": 220
    },
    "rotated": false,
    "capInsets": [
      0,
      0,
      0,
      0
    ],
    "vertices": {
      "rawPosition": [
        -74.5,
        -79,
        0,
        74.5,
        -79,
        0,
        -74.5,
        79,
        0,
        74.5,
        79,
        0
      ],
      "indexes": [
        0,
        1,
        2,
        2,
        1,
        3
      ],
      "uv": [
        46,
        170,
        195,
        170,
        46,
        12,
        195,
        12
      ],
      "nuv": [
        0.20909090909090908,
        0.05454545454545454,
        0.8863636363636364,
        0.05454545454545454,
        0.20909090909090908,
        0.7727272727272727,
        0.8863636363636364,
        0.7727272727272727
      ],
      "minPos": {
        "x": -74.5,
        "y": -79,
        "z": 0
      },
      "maxPos": {
        "x": 74.5,
        "y": 79,
        "z": 0
      }
    },
    "texture": "81bdf9a1-d59f-474f-b792-f08d51622cf6@6c48a",
    "packable": true,
    "pixelsToUnit": 100,
    "pivot": {
      "x": 0.5,
      "y": 0.5
    },
    "meshType": 0
  }
}