{
  "__type__": "cc.SpriteFrame",
  "content": {
    "name": "1_26",
    "atlas": "",
    "rect": {
      "x": 36,
      "y": 45,
      "width": 147,
      "height": 155
    },
    "offset": {
      "x": -0.5,
      "y": -12.5
    },
    "originalSize": {
      "width": 220,
      "height": 220
    },
    "rotated": false,
    "capInsets": [
      0,
      0,
      0,
      0
    ],
    "vertices": {
      "rawPosition": [
        -73.5,
        -77.5,
        0,
        73.5,
        -77.5,
        0,
        -73.5,
        77.5,
        0,
        73.5,
        77.5,
        0
      ],
      "indexes": [
        0,
        1,
        2,
        2,
        1,
        3
      ],
      "uv": [
        36,
        175,
        183,
        175,
        36,
        20,
        183,
        20
      ],
      "nuv": [
        0.16363636363636364,
        0.09090909090909091,
        0.8318181818181818,
        0.09090909090909091,
        0.16363636363636364,
        0.7954545454545454,
        0.8318181818181818,
        0.7954545454545454
      ],
      "minPos": {
        "x": -73.5,
        "y": -77.5,
        "z": 0
      },
      "maxPos": {
        "x": 73.5,
        "y": 77.5,
        "z": 0
      }
    },
    "texture": "81e2d442-03a9-4e31-8a1a-d93e7052f4eb@6c48a",
    "packable": true,
    "pixelsToUnit": 100,
    "pivot": {
      "x": 0.5,
      "y": 0.5
    },
    "meshType": 0
  }
}