{
  "__type__": "cc.SpriteFrame",
  "content": {
    "name": "tu01-stand_59",
    "atlas": "",
    "rect": {
      "x": 20,
      "y": 63,
      "width": 151,
      "height": 150
    },
    "offset": {
      "x": -14.5,
      "y": -28
    },
    "originalSize": {
      "width": 220,
      "height": 220
    },
    "rotated": false,
    "capInsets": [
      0,
      0,
      0,
      0
    ],
    "vertices": {
      "rawPosition": [
        -75.5,
        -75,
        0,
        75.5,
        -75,
        0,
        -75.5,
        75,
        0,
        75.5,
        75,
        0
      ],
      "indexes": [
        0,
        1,
        2,
        2,
        1,
        3
      ],
      "uv": [
        20,
        157,
        171,
        157,
        20,
        7,
        171,
        7
      ],
      "nuv": [
        0.09090909090909091,
        0.031818181818181815,
        0.7772727272727272,
        0.031818181818181815,
        0.09090909090909091,
        0.7136363636363636,
        0.7772727272727272,
        0.7136363636363636
      ],
      "minPos": {
        "x": -75.5,
        "y": -75,
        "z": 0
      },
      "maxPos": {
        "x": 75.5,
        "y": 75,
        "z": 0
      }
    },
    "texture": "81f2ecf4-4b51-4454-8917-d9679693ce8b@6c48a",
    "packable": true,
    "pixelsToUnit": 100,
    "pivot": {
      "x": 0.5,
      "y": 0.5
    },
    "meshType": 0
  }
}