{
  "__type__": "cc.SpriteFrame",
  "content": {
    "name": "1_00",
    "atlas": "",
    "rect": {
      "x": 40,
      "y": 39,
      "width": 133,
      "height": 166
    },
    "offset": {
      "x": -3.5,
      "y": -12
    },
    "originalSize": {
      "width": 220,
      "height": 220
    },
    "rotated": false,
    "capInsets": [
      0,
      0,
      0,
      0
    ],
    "vertices": {
      "rawPosition": [
        -66.5,
        -83,
        0,
        66.5,
        -83,
        0,
        -66.5,
        83,
        0,
        66.5,
        83,
        0
      ],
      "indexes": [
        0,
        1,
        2,
        2,
        1,
        3
      ],
      "uv": [
        40,
        181,
        173,
        181,
        40,
        15,
        173,
        15
      ],
      "nuv": [
        0.18181818181818182,
        0.06818181818181818,
        0.7863636363636364,
        0.06818181818181818,
        0.18181818181818182,
        0.8227272727272728,
        0.7863636363636364,
        0.8227272727272728
      ],
      "minPos": {
        "x": -66.5,
        "y": -83,
        "z": 0
      },
      "maxPos": {
        "x": 66.5,
        "y": 83,
        "z": 0
      }
    },
    "texture": "7533b345-1b9e-4c8c-9b0b-aa6f9b0baf24@6c48a",
    "packable": true,
    "pixelsToUnit": 100,
    "pivot": {
      "x": 0.5,
      "y": 0.5
    },
    "meshType": 0
  }
}