{
  "__type__": "cc.SpriteFrame",
  "content": {
    "name": "1_05",
    "atlas": "",
    "rect": {
      "x": 31,
      "y": 46,
      "width": 130,
      "height": 155
    },
    "offset": {
      "x": -14,
      "y": -13.5
    },
    "originalSize": {
      "width": 220,
      "height": 220
    },
    "rotated": false,
    "capInsets": [
      0,
      0,
      0,
      0
    ],
    "vertices": {
      "rawPosition": [
        -65,
        -77.5,
        0,
        65,
        -77.5,
        0,
        -65,
        77.5,
        0,
        65,
        77.5,
        0
      ],
      "indexes": [
        0,
        1,
        2,
        2,
        1,
        3
      ],
      "uv": [
        31,
        174,
        161,
        174,
        31,
        19,
        161,
        19
      ],
      "nuv": [
        0.1409090909090909,
        0.08636363636363636,
        0.7318181818181818,
        0.08636363636363636,
        0.1409090909090909,
        0.7909090909090909,
        0.7318181818181818,
        0.7909090909090909
      ],
      "minPos": {
        "x": -65,
        "y": -77.5,
        "z": 0
      },
      "maxPos": {
        "x": 65,
        "y": 77.5,
        "z": 0
      }
    },
    "texture": "75959fe0-1c06-47f6-b9ec-a58c2c370e26@6c48a",
    "packable": true,
    "pixelsToUnit": 100,
    "pivot": {
      "x": 0.5,
      "y": 0.5
    },
    "meshType": 0
  }
}