{
  "__type__": "cc.SpriteFrame",
  "content": {
    "name": "1_004",
    "atlas": "",
    "rect": {
      "x": 192,
      "y": 71,
      "width": 139,
      "height": 134
    },
    "offset": {
      "x": 74,
      "y": 24
    },
    "originalSize": {
      "width": 375,
      "height": 324
    },
    "rotated": false,
    "capInsets": [
      0,
      0,
      0,
      0
    ],
    "vertices": {
      "rawPosition": [
        -69.5,
        -67,
        0,
        69.5,
        -67,
        0,
        -69.5,
        67,
        0,
        69.5,
        67,
        0
      ],
      "indexes": [
        0,
        1,
        2,
        2,
        1,
        3
      ],
      "uv": [
        192,
        253,
        331,
        253,
        192,
        119,
        331,
        119
      ],
      "nuv": [
        0.512,
        0.36728395061728397,
        0.8826666666666667,
        0.36728395061728397,
        0.512,
        0.7808641975308642,
        0.8826666666666667,
        0.7808641975308642
      ],
      "minPos": {
        "x": -69.5,
        "y": -67,
        "z": 0
      },
      "maxPos": {
        "x": 69.5,
        "y": 67,
        "z": 0
      }
    },
    "texture": "75f24c0d-051b-46d0-b903-00e6316ce8b2@6c48a",
    "packable": true,
    "pixelsToUnit": 100,
    "pivot": {
      "x": 0.5,
      "y": 0.5
    },
    "meshType": 0
  }
}