{
  "__type__": "cc.SpriteFrame",
  "content": {
    "name": "sit_idle_05",
    "atlas": "",
    "rect": {
      "x": 31,
      "y": 41,
      "width": 54,
      "height": 141
    },
    "offset": {
      "x": -2,
      "y": -14
    },
    "originalSize": {
      "width": 120,
      "height": 195
    },
    "rotated": false,
    "capInsets": [
      0,
      0,
      0,
      0
    ],
    "vertices": {
      "rawPosition": [
        -27,
        -70.5,
        0,
        27,
        -70.5,
        0,
        -27,
        70.5,
        0,
        27,
        70.5,
        0
      ],
      "indexes": [
        0,
        1,
        2,
        2,
        1,
        3
      ],
      "uv": [
        31,
        154,
        85,
        154,
        31,
        13,
        85,
        13
      ],
      "nuv": [
        0.25833333333333336,
        0.06666666666666667,
        0.7083333333333334,
        0.06666666666666667,
        0.25833333333333336,
        0.7897435897435897,
        0.7083333333333334,
        0.7897435897435897
      ],
      "minPos": {
        "x": -27,
        "y": -70.5,
        "z": 0
      },
      "maxPos": {
        "x": 27,
        "y": 70.5,
        "z": 0
      }
    },
    "texture": "e48c6213-0cce-4927-ae9e-e10fb5a475a0@6c48a",
    "packable": true,
    "pixelsToUnit": 100,
    "pivot": {
      "x": 0.5,
      "y": 0.5
    },
    "meshType": 0
  }
}