{
  "__type__": "cc.SpriteFrame",
  "content": {
    "name": "sit2_04",
    "atlas": "",
    "rect": {
      "x": 36,
      "y": 44,
      "width": 50,
      "height": 138
    },
    "offset": {
      "x": 1,
      "y": -15.5
    },
    "originalSize": {
      "width": 120,
      "height": 195
    },
    "rotated": false,
    "capInsets": [
      0,
      0,
      0,
      0
    ],
    "vertices": {
      "rawPosition": [
        -25,
        -69,
        0,
        25,
        -69,
        0,
        -25,
        69,
        0,
        25,
        69,
        0
      ],
      "indexes": [
        0,
        1,
        2,
        2,
        1,
        3
      ],
      "uv": [
        36,
        151,
        86,
        151,
        36,
        13,
        86,
        13
      ],
      "nuv": [
        0.3,
        0.06666666666666667,
        0.7166666666666667,
        0.06666666666666667,
        0.3,
        0.7743589743589744,
        0.7166666666666667,
        0.7743589743589744
      ],
      "minPos": {
        "x": -25,
        "y": -69,
        "z": 0
      },
      "maxPos": {
        "x": 25,
        "y": 69,
        "z": 0
      }
    },
    "texture": "e4d5fe01-eef1-4074-9096-4413d70a452e@6c48a",
    "packable": true,
    "pixelsToUnit": 100,
    "pivot": {
      "x": 0.5,
      "y": 0.5
    },
    "meshType": 0
  }
}