{
  "__type__": "cc.SpriteFrame",
  "content": {
    "name": "1_22",
    "atlas": "",
    "rect": {
      "x": 67,
      "y": 51,
      "width": 128,
      "height": 154
    },
    "offset": {
      "x": 21,
      "y": -18
    },
    "originalSize": {
      "width": 220,
      "height": 220
    },
    "rotated": false,
    "capInsets": [
      0,
      0,
      0,
      0
    ],
    "vertices": {
      "rawPosition": [
        -64,
        -77,
        0,
        64,
        -77,
        0,
        -64,
        77,
        0,
        64,
        77,
        0
      ],
      "indexes": [
        0,
        1,
        2,
        2,
        1,
        3
      ],
      "uv": [
        67,
        169,
        195,
        169,
        67,
        15,
        195,
        15
      ],
      "nuv": [
        0.30454545454545456,
        0.06818181818181818,
        0.8863636363636364,
        0.06818181818181818,
        0.30454545454545456,
        0.7681818181818182,
        0.8863636363636364,
        0.7681818181818182
      ],
      "minPos": {
        "x": -64,
        "y": -77,
        "z": 0
      },
      "maxPos": {
        "x": 64,
        "y": 77,
        "z": 0
      }
    },
    "texture": "6a855b84-4ab3-4ebe-ab23-b3f2b2abf01d@6c48a",
    "packable": true,
    "pixelsToUnit": 100,
    "pivot": {
      "x": 0.5,
      "y": 0.5
    },
    "meshType": 0
  }
}