{
  "__type__": "cc.SpriteFrame",
  "content": {
    "name": "move_16",
    "atlas": "",
    "rect": {
      "x": 47,
      "y": 24,
      "width": 46,
      "height": 159
    },
    "offset": {
      "x": 2.5,
      "y": -6
    },
    "originalSize": {
      "width": 135,
      "height": 195
    },
    "rotated": false,
    "capInsets": [
      0,
      0,
      0,
      0
    ],
    "vertices": {
      "rawPosition": [
        -23,
        -79.5,
        0,
        23,
        -79.5,
        0,
        -23,
        79.5,
        0,
        23,
        79.5,
        0
      ],
      "indexes": [
        0,
        1,
        2,
        2,
        1,
        3
      ],
      "uv": [
        47,
        171,
        93,
        171,
        47,
        12,
        93,
        12
      ],
      "nuv": [
        0.34814814814814815,
        0.06153846153846154,
        0.6888888888888889,
        0.06153846153846154,
        0.34814814814814815,
        0.8769230769230769,
        0.6888888888888889,
        0.8769230769230769
      ],
      "minPos": {
        "x": -23,
        "y": -79.5,
        "z": 0
      },
      "maxPos": {
        "x": 23,
        "y": 79.5,
        "z": 0
      }
    },
    "texture": "d2096efc-566e-4096-aedd-fe0c534e6c75@6c48a",
    "packable": true,
    "pixelsToUnit": 100,
    "pivot": {
      "x": 0.5,
      "y": 0.5
    },
    "meshType": 0
  }
}