{
  "__type__": "cc.SpriteFrame",
  "content": {
    "name": "1_023",
    "atlas": "",
    "rect": {
      "x": 79,
      "y": 104,
      "width": 193,
      "height": 181
    },
    "offset": {
      "x": -12,
      "y": -32.5
    },
    "originalSize": {
      "width": 375,
      "height": 324
    },
    "rotated": false,
    "capInsets": [
      0,
      0,
      0,
      0
    ],
    "vertices": {
      "rawPosition": [
        -96.5,
        -90.5,
        0,
        96.5,
        -90.5,
        0,
        -96.5,
        90.5,
        0,
        96.5,
        90.5,
        0
      ],
      "indexes": [
        0,
        1,
        2,
        2,
        1,
        3
      ],
      "uv": [
        79,
        220,
        272,
        220,
        79,
        39,
        272,
        39
      ],
      "nuv": [
        0.21066666666666667,
        0.12037037037037036,
        0.7253333333333334,
        0.12037037037037036,
        0.21066666666666667,
        0.6790123456790124,
        0.7253333333333334,
        0.6790123456790124
      ],
      "minPos": {
        "x": -96.5,
        "y": -90.5,
        "z": 0
      },
      "maxPos": {
        "x": 96.5,
        "y": 90.5,
        "z": 0
      }
    },
    "texture": "d27a4a9c-11b7-4353-b26f-8b880cd07233@6c48a",
    "packable": true,
    "pixelsToUnit": 100,
    "pivot": {
      "x": 0.5,
      "y": 0.5
    },
    "meshType": 0
  }
}