{
  "__type__": "cc.SpriteFrame",
  "content": {
    "name": "1_033",
    "atlas": "",
    "rect": {
      "x": 79,
      "y": 82,
      "width": 191,
      "height": 203
    },
    "offset": {
      "x": -13,
      "y": -21.5
    },
    "originalSize": {
      "width": 375,
      "height": 324
    },
    "rotated": false,
    "capInsets": [
      0,
      0,
      0,
      0
    ],
    "vertices": {
      "rawPosition": [
        -95.5,
        -101.5,
        0,
        95.5,
        -101.5,
        0,
        -95.5,
        101.5,
        0,
        95.5,
        101.5,
        0
      ],
      "indexes": [
        0,
        1,
        2,
        2,
        1,
        3
      ],
      "uv": [
        79,
        242,
        270,
        242,
        79,
        39,
        270,
        39
      ],
      "nuv": [
        0.21066666666666667,
        0.12037037037037036,
        0.72,
        0.12037037037037036,
        0.21066666666666667,
        0.7469135802469136,
        0.72,
        0.7469135802469136
      ],
      "minPos": {
        "x": -95.5,
        "y": -101.5,
        "z": 0
      },
      "maxPos": {
        "x": 95.5,
        "y": 101.5,
        "z": 0
      }
    },
    "texture": "d28831e8-99b1-4075-9bbc-36432bbbf605@6c48a",
    "packable": true,
    "pixelsToUnit": 100,
    "pivot": {
      "x": 0.5,
      "y": 0.5
    },
    "meshType": 0
  }
}