{
  "__type__": "cc.SpriteFrame",
  "content": {
    "name": "0024",
    "atlas": "",
    "rect": {
      "x": 22,
      "y": 37,
      "width": 106,
      "height": 61
    },
    "offset": {
      "x": 0,
      "y": 7.5
    },
    "originalSize": {
      "width": 150,
      "height": 150
    },
    "rotated": false,
    "capInsets": [
      0,
      0,
      0,
      0
    ],
    "vertices": {
      "rawPosition": [
        -53,
        -30.5,
        0,
        53,
        -30.5,
        0,
        -53,
        30.5,
        0,
        53,
        30.5,
        0
      ],
      "indexes": [
        0,
        1,
        2,
        2,
        1,
        3
      ],
      "uv": [
        22,
        113,
        128,
        113,
        22,
        52,
        128,
        52
      ],
      "nuv": [
        0.14666666666666667,
        0.3466666666666667,
        0.8533333333333334,
        0.3466666666666667,
        0.14666666666666667,
        0.7533333333333333,
        0.8533333333333334,
        0.7533333333333333
      ],
      "minPos": {
        "x": -53,
        "y": -30.5,
        "z": 0
      },
      "maxPos": {
        "x": 53,
        "y": 30.5,
        "z": 0
      }
    },
    "texture": "d2a579d5-dbec-4fc7-a5d8-8f070b670325@6c48a",
    "packable": true,
    "pixelsToUnit": 100,
    "pivot": {
      "x": 0.5,
      "y": 0.5
    },
    "meshType": 0
  }
}