{
  "__type__": "cc.SpriteFrame",
  "content": {
    "name": "1_08",
    "atlas": "",
    "rect": {
      "x": 33,
      "y": 46,
      "width": 158,
      "height": 160
    },
    "offset": {
      "x": 2,
      "y": -16
    },
    "originalSize": {
      "width": 220,
      "height": 220
    },
    "rotated": false,
    "capInsets": [
      0,
      0,
      0,
      0
    ],
    "vertices": {
      "rawPosition": [
        -79,
        -80,
        0,
        79,
        -80,
        0,
        -79,
        80,
        0,
        79,
        80,
        0
      ],
      "indexes": [
        0,
        1,
        2,
        2,
        1,
        3
      ],
      "uv": [
        33,
        174,
        191,
        174,
        33,
        14,
        191,
        14
      ],
      "nuv": [
        0.15,
        0.06363636363636363,
        0.8681818181818182,
        0.06363636363636363,
        0.15,
        0.7909090909090909,
        0.8681818181818182,
        0.7909090909090909
      ],
      "minPos": {
        "x": -79,
        "y": -80,
        "z": 0
      },
      "maxPos": {
        "x": 79,
        "y": 80,
        "z": 0
      }
    },
    "texture": "d2e411c4-7e53-491a-9ffa-d13d4601940c@6c48a",
    "packable": true,
    "pixelsToUnit": 100,
    "pivot": {
      "x": 0.5,
      "y": 0.5
    },
    "meshType": 0
  }
}