{
  "__type__": "cc.SpriteFrame",
  "content": {
    "name": "sit_03",
    "atlas": "",
    "rect": {
      "x": 33,
      "y": 39,
      "width": 52,
      "height": 144
    },
    "offset": {
      "x": -1,
      "y": -13.5
    },
    "originalSize": {
      "width": 120,
      "height": 195
    },
    "rotated": false,
    "capInsets": [
      0,
      0,
      0,
      0
    ],
    "vertices": {
      "rawPosition": [
        -26,
        -72,
        0,
        26,
        -72,
        0,
        -26,
        72,
        0,
        26,
        72,
        0
      ],
      "indexes": [
        0,
        1,
        2,
        2,
        1,
        3
      ],
      "uv": [
        33,
        156,
        85,
        156,
        33,
        12,
        85,
        12
      ],
      "nuv": [
        0.275,
        0.06153846153846154,
        0.7083333333333334,
        0.06153846153846154,
        0.275,
        0.8,
        0.7083333333333334,
        0.8
      ],
      "minPos": {
        "x": -26,
        "y": -72,
        "z": 0
      },
      "maxPos": {
        "x": 26,
        "y": 72,
        "z": 0
      }
    },
    "texture": "ed1d0e83-46df-4d23-9c98-b3c7b950578f@6c48a",
    "packable": true,
    "pixelsToUnit": 100,
    "pivot": {
      "x": 0.5,
      "y": 0.5
    },
    "meshType": 0
  }
}