{
  "__type__": "cc.SpriteFrame",
  "content": {
    "name": "1_12",
    "atlas": "",
    "rect": {
      "x": 45,
      "y": 47,
      "width": 136,
      "height": 154
    },
    "offset": {
      "x": 3,
      "y": -14
    },
    "originalSize": {
      "width": 220,
      "height": 220
    },
    "rotated": false,
    "capInsets": [
      0,
      0,
      0,
      0
    ],
    "vertices": {
      "rawPosition": [
        -68,
        -77,
        0,
        68,
        -77,
        0,
        -68,
        77,
        0,
        68,
        77,
        0
      ],
      "indexes": [
        0,
        1,
        2,
        2,
        1,
        3
      ],
      "uv": [
        45,
        173,
        181,
        173,
        45,
        19,
        181,
        19
      ],
      "nuv": [
        0.20454545454545456,
        0.08636363636363636,
        0.8227272727272728,
        0.08636363636363636,
        0.20454545454545456,
        0.7863636363636364,
        0.8227272727272728,
        0.7863636363636364
      ],
      "minPos": {
        "x": -68,
        "y": -77,
        "z": 0
      },
      "maxPos": {
        "x": 68,
        "y": 77,
        "z": 0
      }
    },
    "texture": "ed4360c6-e601-43b8-af1b-bd0ff809e0cf@6c48a",
    "packable": true,
    "pixelsToUnit": 100,
    "pivot": {
      "x": 0.5,
      "y": 0.5
    },
    "meshType": 0
  }
}