{
  "__type__": "cc.SpriteFrame",
  "content": {
    "name": "move_05",
    "atlas": "",
    "rect": {
      "x": 47,
      "y": 25,
      "width": 46,
      "height": 157
    },
    "offset": {
      "x": 2.5,
      "y": -6
    },
    "originalSize": {
      "width": 135,
      "height": 195
    },
    "rotated": false,
    "capInsets": [
      0,
      0,
      0,
      0
    ],
    "vertices": {
      "rawPosition": [
        -23,
        -78.5,
        0,
        23,
        -78.5,
        0,
        -23,
        78.5,
        0,
        23,
        78.5,
        0
      ],
      "indexes": [
        0,
        1,
        2,
        2,
        1,
        3
      ],
      "uv": [
        47,
        170,
        93,
        170,
        47,
        13,
        93,
        13
      ],
      "nuv": [
        0.34814814814814815,
        0.06666666666666667,
        0.6888888888888889,
        0.06666666666666667,
        0.34814814814814815,
        0.8717948717948718,
        0.6888888888888889,
        0.8717948717948718
      ],
      "minPos": {
        "x": -23,
        "y": -78.5,
        "z": 0
      },
      "maxPos": {
        "x": 23,
        "y": 78.5,
        "z": 0
      }
    },
    "texture": "ed8719ee-40ec-46c6-9c43-548910c63a18@6c48a",
    "packable": true,
    "pixelsToUnit": 100,
    "pivot": {
      "x": 0.5,
      "y": 0.5
    },
    "meshType": 0
  }
}