{
  "__type__": "cc.SpriteFrame",
  "content": {
    "name": "1_14",
    "atlas": "",
    "rect": {
      "x": 44,
      "y": 45,
      "width": 130,
      "height": 158
    },
    "offset": {
      "x": -1,
      "y": -14
    },
    "originalSize": {
      "width": 220,
      "height": 220
    },
    "rotated": false,
    "capInsets": [
      0,
      0,
      0,
      0
    ],
    "vertices": {
      "rawPosition": [
        -65,
        -79,
        0,
        65,
        -79,
        0,
        -65,
        79,
        0,
        65,
        79,
        0
      ],
      "indexes": [
        0,
        1,
        2,
        2,
        1,
        3
      ],
      "uv": [
        44,
        175,
        174,
        175,
        44,
        17,
        174,
        17
      ],
      "nuv": [
        0.2,
        0.07727272727272727,
        0.7909090909090909,
        0.07727272727272727,
        0.2,
        0.7954545454545454,
        0.7909090909090909,
        0.7954545454545454
      ],
      "minPos": {
        "x": -65,
        "y": -79,
        "z": 0
      },
      "maxPos": {
        "x": 65,
        "y": 79,
        "z": 0
      }
    },
    "texture": "edf74cd7-ca23-4fda-84ed-13f20f690ab3@6c48a",
    "packable": true,
    "pixelsToUnit": 100,
    "pivot": {
      "x": 0.5,
      "y": 0.5
    },
    "meshType": 0
  }
}