{
  "__type__": "cc.SpriteFrame",
  "content": {
    "name": "sit_08",
    "atlas": "",
    "rect": {
      "x": 31,
      "y": 50,
      "width": 52,
      "height": 134
    },
    "offset": {
      "x": -3,
      "y": -19.5
    },
    "originalSize": {
      "width": 120,
      "height": 195
    },
    "rotated": false,
    "capInsets": [
      0,
      0,
      0,
      0
    ],
    "vertices": {
      "rawPosition": [
        -26,
        -67,
        0,
        26,
        -67,
        0,
        -26,
        67,
        0,
        26,
        67,
        0
      ],
      "indexes": [
        0,
        1,
        2,
        2,
        1,
        3
      ],
      "uv": [
        31,
        145,
        83,
        145,
        31,
        11,
        83,
        11
      ],
      "nuv": [
        0.25833333333333336,
        0.05641025641025641,
        0.6916666666666667,
        0.05641025641025641,
        0.25833333333333336,
        0.7435897435897436,
        0.6916666666666667,
        0.7435897435897436
      ],
      "minPos": {
        "x": -26,
        "y": -67,
        "z": 0
      },
      "maxPos": {
        "x": 26,
        "y": 67,
        "z": 0
      }
    },
    "texture": "c50e7c57-b4c4-4bc6-aacd-1a47f3213602@6c48a",
    "packable": true,
    "pixelsToUnit": 100,
    "pivot": {
      "x": 0.5,
      "y": 0.5
    },
    "meshType": 0
  }
}