{
  "__type__": "cc.SpriteFrame",
  "content": {
    "name": "1_15",
    "atlas": "",
    "rect": {
      "x": 53,
      "y": 59,
      "width": 128,
      "height": 138
    },
    "offset": {
      "x": 7,
      "y": -18
    },
    "originalSize": {
      "width": 220,
      "height": 220
    },
    "rotated": false,
    "capInsets": [
      0,
      0,
      0,
      0
    ],
    "vertices": {
      "rawPosition": [
        -64,
        -69,
        0,
        64,
        -69,
        0,
        -64,
        69,
        0,
        64,
        69,
        0
      ],
      "indexes": [
        0,
        1,
        2,
        2,
        1,
        3
      ],
      "uv": [
        53,
        161,
        181,
        161,
        53,
        23,
        181,
        23
      ],
      "nuv": [
        0.2409090909090909,
        0.10454545454545454,
        0.8227272727272728,
        0.10454545454545454,
        0.2409090909090909,
        0.7318181818181818,
        0.8227272727272728,
        0.7318181818181818
      ],
      "minPos": {
        "x": -64,
        "y": -69,
        "z": 0
      },
      "maxPos": {
        "x": 64,
        "y": 69,
        "z": 0
      }
    },
    "texture": "c54d2793-bed7-42c6-812b-003032eb18ee@6c48a",
    "packable": true,
    "pixelsToUnit": 100,
    "pivot": {
      "x": 0.5,
      "y": 0.5
    },
    "meshType": 0
  }
}