{
  "__type__": "cc.SpriteFrame",
  "content": {
    "name": "1_49",
    "atlas": "",
    "rect": {
      "x": 34,
      "y": 42,
      "width": 142,
      "height": 164
    },
    "offset": {
      "x": -5,
      "y": -14
    },
    "originalSize": {
      "width": 220,
      "height": 220
    },
    "rotated": false,
    "capInsets": [
      0,
      0,
      0,
      0
    ],
    "vertices": {
      "rawPosition": [
        -71,
        -82,
        0,
        71,
        -82,
        0,
        -71,
        82,
        0,
        71,
        82,
        0
      ],
      "indexes": [
        0,
        1,
        2,
        2,
        1,
        3
      ],
      "uv": [
        34,
        178,
        176,
        178,
        34,
        14,
        176,
        14
      ],
      "nuv": [
        0.15454545454545454,
        0.06363636363636363,
        0.8,
        0.06363636363636363,
        0.15454545454545454,
        0.8090909090909091,
        0.8,
        0.8090909090909091
      ],
      "minPos": {
        "x": -71,
        "y": -82,
        "z": 0
      },
      "maxPos": {
        "x": 71,
        "y": 82,
        "z": 0
      }
    },
    "texture": "c550607b-0c36-4ba6-bbc8-b72e38917cbb@6c48a",
    "packable": true,
    "pixelsToUnit": 100,
    "pivot": {
      "x": 0.5,
      "y": 0.5
    },
    "meshType": 0
  }
}