{
  "__type__": "cc.SpriteFrame",
  "content": {
    "name": "move_04",
    "atlas": "",
    "rect": {
      "x": 48,
      "y": 25,
      "width": 46,
      "height": 157
    },
    "offset": {
      "x": 3.5,
      "y": -6
    },
    "originalSize": {
      "width": 135,
      "height": 195
    },
    "rotated": false,
    "capInsets": [
      0,
      0,
      0,
      0
    ],
    "vertices": {
      "rawPosition": [
        -23,
        -78.5,
        0,
        23,
        -78.5,
        0,
        -23,
        78.5,
        0,
        23,
        78.5,
        0
      ],
      "indexes": [
        0,
        1,
        2,
        2,
        1,
        3
      ],
      "uv": [
        48,
        170,
        94,
        170,
        48,
        13,
        94,
        13
      ],
      "nuv": [
        0.35555555555555557,
        0.06666666666666667,
        0.6962962962962963,
        0.06666666666666667,
        0.35555555555555557,
        0.8717948717948718,
        0.6962962962962963,
        0.8717948717948718
      ],
      "minPos": {
        "x": -23,
        "y": -78.5,
        "z": 0
      },
      "maxPos": {
        "x": 23,
        "y": 78.5,
        "z": 0
      }
    },
    "texture": "c5a3b487-c5b4-4167-a997-2c3af5ab3f81@6c48a",
    "packable": true,
    "pixelsToUnit": 100,
    "pivot": {
      "x": 0.5,
      "y": 0.5
    },
    "meshType": 0
  }
}