{
  "__type__": "cc.SpriteFrame",
  "content": {
    "name": "tu01-stand_40",
    "atlas": "",
    "rect": {
      "x": 41,
      "y": 66,
      "width": 155,
      "height": 147
    },
    "offset": {
      "x": 8.5,
      "y": -29.5
    },
    "originalSize": {
      "width": 220,
      "height": 220
    },
    "rotated": false,
    "capInsets": [
      0,
      0,
      0,
      0
    ],
    "vertices": {
      "rawPosition": [
        -77.5,
        -73.5,
        0,
        77.5,
        -73.5,
        0,
        -77.5,
        73.5,
        0,
        77.5,
        73.5,
        0
      ],
      "indexes": [
        0,
        1,
        2,
        2,
        1,
        3
      ],
      "uv": [
        41,
        154,
        196,
        154,
        41,
        7,
        196,
        7
      ],
      "nuv": [
        0.18636363636363637,
        0.031818181818181815,
        0.8909090909090909,
        0.031818181818181815,
        0.18636363636363637,
        0.7,
        0.8909090909090909,
        0.7
      ],
      "minPos": {
        "x": -77.5,
        "y": -73.5,
        "z": 0
      },
      "maxPos": {
        "x": 77.5,
        "y": 73.5,
        "z": 0
      }
    },
    "texture": "c5cf393a-4b87-46c8-81b0-b259186740c8@6c48a",
    "packable": true,
    "pixelsToUnit": 100,
    "pivot": {
      "x": 0.5,
      "y": 0.5
    },
    "meshType": 0
  }
}