{
  "__type__": "cc.SpriteFrame",
  "content": {
    "name": "1_15",
    "atlas": "",
    "rect": {
      "x": 53,
      "y": 49,
      "width": 130,
      "height": 156
    },
    "offset": {
      "x": 8,
      "y": -17
    },
    "originalSize": {
      "width": 220,
      "height": 220
    },
    "rotated": false,
    "capInsets": [
      0,
      0,
      0,
      0
    ],
    "vertices": {
      "rawPosition": [
        -65,
        -78,
        0,
        65,
        -78,
        0,
        -65,
        78,
        0,
        65,
        78,
        0
      ],
      "indexes": [
        0,
        1,
        2,
        2,
        1,
        3
      ],
      "uv": [
        53,
        171,
        183,
        171,
        53,
        15,
        183,
        15
      ],
      "nuv": [
        0.2409090909090909,
        0.06818181818181818,
        0.8318181818181818,
        0.06818181818181818,
        0.2409090909090909,
        0.7772727272727272,
        0.8318181818181818,
        0.7772727272727272
      ],
      "minPos": {
        "x": -65,
        "y": -78,
        "z": 0
      },
      "maxPos": {
        "x": 65,
        "y": 78,
        "z": 0
      }
    },
    "texture": "c5e25a21-68ca-4962-980f-7e1b8e8b2217@6c48a",
    "packable": true,
    "pixelsToUnit": 100,
    "pivot": {
      "x": 0.5,
      "y": 0.5
    },
    "meshType": 0
  }
}