{
  "__type__": "cc.SpriteFrame",
  "content": {
    "name": "move_13",
    "atlas": "",
    "rect": {
      "x": 38,
      "y": 31,
      "width": 50,
      "height": 151
    },
    "offset": {
      "x": 3,
      "y": -9
    },
    "originalSize": {
      "width": 120,
      "height": 195
    },
    "rotated": false,
    "capInsets": [
      0,
      0,
      0,
      0
    ],
    "vertices": {
      "rawPosition": [
        -25,
        -75.5,
        0,
        25,
        -75.5,
        0,
        -25,
        75.5,
        0,
        25,
        75.5,
        0
      ],
      "indexes": [
        0,
        1,
        2,
        2,
        1,
        3
      ],
      "uv": [
        38,
        164,
        88,
        164,
        38,
        13,
        88,
        13
      ],
      "nuv": [
        0.31666666666666665,
        0.06666666666666667,
        0.7333333333333333,
        0.06666666666666667,
        0.31666666666666665,
        0.841025641025641,
        0.7333333333333333,
        0.841025641025641
      ],
      "minPos": {
        "x": -25,
        "y": -75.5,
        "z": 0
      },
      "maxPos": {
        "x": 25,
        "y": 75.5,
        "z": 0
      }
    },
    "texture": "1d033edf-7c4e-4c8d-98ec-1227ab0b48e8@6c48a",
    "packable": true,
    "pixelsToUnit": 100,
    "pivot": {
      "x": 0.5,
      "y": 0.5
    },
    "meshType": 0
  }
}