{
  "__type__": "cc.SpriteFrame",
  "content": {
    "name": "1_21",
    "atlas": "",
    "rect": {
      "x": 35,
      "y": 40,
      "width": 172,
      "height": 131
    },
    "offset": {
      "x": 11,
      "y": 4.5
    },
    "originalSize": {
      "width": 220,
      "height": 220
    },
    "rotated": false,
    "capInsets": [
      0,
      0,
      0,
      0
    ],
    "vertices": {
      "rawPosition": [
        -86,
        -65.5,
        0,
        86,
        -65.5,
        0,
        -86,
        65.5,
        0,
        86,
        65.5,
        0
      ],
      "indexes": [
        0,
        1,
        2,
        2,
        1,
        3
      ],
      "uv": [
        35,
        180,
        207,
        180,
        35,
        49,
        207,
        49
      ],
      "nuv": [
        0.1590909090909091,
        0.22272727272727272,
        0.9409090909090909,
        0.22272727272727272,
        0.1590909090909091,
        0.8181818181818182,
        0.9409090909090909,
        0.8181818181818182
      ],
      "minPos": {
        "x": -86,
        "y": -65.5,
        "z": 0
      },
      "maxPos": {
        "x": 86,
        "y": 65.5,
        "z": 0
      }
    },
    "texture": "1d42105c-be9f-486f-bd7d-a0f2d441dae2@6c48a",
    "packable": true,
    "pixelsToUnit": 100,
    "pivot": {
      "x": 0.5,
      "y": 0.5
    },
    "meshType": 0
  }
}