{
  "__type__": "cc.SpriteFrame",
  "content": {
    "name": "1_31",
    "atlas": "",
    "rect": {
      "x": 40,
      "y": 46,
      "width": 144,
      "height": 160
    },
    "offset": {
      "x": 2,
      "y": -16
    },
    "originalSize": {
      "width": 220,
      "height": 220
    },
    "rotated": false,
    "capInsets": [
      0,
      0,
      0,
      0
    ],
    "vertices": {
      "rawPosition": [
        -72,
        -80,
        0,
        72,
        -80,
        0,
        -72,
        80,
        0,
        72,
        80,
        0
      ],
      "indexes": [
        0,
        1,
        2,
        2,
        1,
        3
      ],
      "uv": [
        40,
        174,
        184,
        174,
        40,
        14,
        184,
        14
      ],
      "nuv": [
        0.18181818181818182,
        0.06363636363636363,
        0.8363636363636363,
        0.06363636363636363,
        0.18181818181818182,
        0.7909090909090909,
        0.8363636363636363,
        0.7909090909090909
      ],
      "minPos": {
        "x": -72,
        "y": -80,
        "z": 0
      },
      "maxPos": {
        "x": 72,
        "y": 80,
        "z": 0
      }
    },
    "texture": "1d8a786f-192e-4251-846a-9006f3b90cdf@6c48a",
    "packable": true,
    "pixelsToUnit": 100,
    "pivot": {
      "x": 0.5,
      "y": 0.5
    },
    "meshType": 0
  }
}