{
  "__type__": "cc.SpriteFrame",
  "content": {
    "name": "1_05",
    "atlas": "",
    "rect": {
      "x": 43,
      "y": 45,
      "width": 143,
      "height": 154
    },
    "offset": {
      "x": 4.5,
      "y": -12
    },
    "originalSize": {
      "width": 220,
      "height": 220
    },
    "rotated": false,
    "capInsets": [
      0,
      0,
      0,
      0
    ],
    "vertices": {
      "rawPosition": [
        -71.5,
        -77,
        0,
        71.5,
        -77,
        0,
        -71.5,
        77,
        0,
        71.5,
        77,
        0
      ],
      "indexes": [
        0,
        1,
        2,
        2,
        1,
        3
      ],
      "uv": [
        43,
        175,
        186,
        175,
        43,
        21,
        186,
        21
      ],
      "nuv": [
        0.19545454545454546,
        0.09545454545454546,
        0.8454545454545455,
        0.09545454545454546,
        0.19545454545454546,
        0.7954545454545454,
        0.8454545454545455,
        0.7954545454545454
      ],
      "minPos": {
        "x": -71.5,
        "y": -77,
        "z": 0
      },
      "maxPos": {
        "x": 71.5,
        "y": 77,
        "z": 0
      }
    },
    "texture": "1d966ab6-3134-4941-9c69-d0396a0f326e@6c48a",
    "packable": true,
    "pixelsToUnit": 100,
    "pivot": {
      "x": 0.5,
      "y": 0.5
    },
    "meshType": 0
  }
}