{
  "__type__": "cc.SpriteFrame",
  "content": {
    "name": "1_08",
    "atlas": "",
    "rect": {
      "x": 36,
      "y": 44,
      "width": 145,
      "height": 162
    },
    "offset": {
      "x": -1.5,
      "y": -15
    },
    "originalSize": {
      "width": 220,
      "height": 220
    },
    "rotated": false,
    "capInsets": [
      0,
      0,
      0,
      0
    ],
    "vertices": {
      "rawPosition": [
        -72.5,
        -81,
        0,
        72.5,
        -81,
        0,
        -72.5,
        81,
        0,
        72.5,
        81,
        0
      ],
      "indexes": [
        0,
        1,
        2,
        2,
        1,
        3
      ],
      "uv": [
        36,
        176,
        181,
        176,
        36,
        14,
        181,
        14
      ],
      "nuv": [
        0.16363636363636364,
        0.06363636363636363,
        0.8227272727272728,
        0.06363636363636363,
        0.16363636363636364,
        0.8,
        0.8227272727272728,
        0.8
      ],
      "minPos": {
        "x": -72.5,
        "y": -81,
        "z": 0
      },
      "maxPos": {
        "x": 72.5,
        "y": 81,
        "z": 0
      }
    },
    "texture": "1dac7ee5-9c10-494c-a1b6-2b73766320d9@6c48a",
    "packable": true,
    "pixelsToUnit": 100,
    "pivot": {
      "x": 0.5,
      "y": 0.5
    },
    "meshType": 0
  }
}