{
  "__type__": "cc.SpriteFrame",
  "content": {
    "name": "1_19",
    "atlas": "",
    "rect": {
      "x": 64,
      "y": 52,
      "width": 125,
      "height": 153
    },
    "offset": {
      "x": 16.5,
      "y": -18.5
    },
    "originalSize": {
      "width": 220,
      "height": 220
    },
    "rotated": false,
    "capInsets": [
      0,
      0,
      0,
      0
    ],
    "vertices": {
      "rawPosition": [
        -62.5,
        -76.5,
        0,
        62.5,
        -76.5,
        0,
        -62.5,
        76.5,
        0,
        62.5,
        76.5,
        0
      ],
      "indexes": [
        0,
        1,
        2,
        2,
        1,
        3
      ],
      "uv": [
        64,
        168,
        189,
        168,
        64,
        15,
        189,
        15
      ],
      "nuv": [
        0.2909090909090909,
        0.06818181818181818,
        0.8590909090909091,
        0.06818181818181818,
        0.2909090909090909,
        0.7636363636363637,
        0.8590909090909091,
        0.7636363636363637
      ],
      "minPos": {
        "x": -62.5,
        "y": -76.5,
        "z": 0
      },
      "maxPos": {
        "x": 62.5,
        "y": 76.5,
        "z": 0
      }
    },
    "texture": "1ddbde99-b98b-49d1-b7ac-86d450c4e00c@6c48a",
    "packable": true,
    "pixelsToUnit": 100,
    "pivot": {
      "x": 0.5,
      "y": 0.5
    },
    "meshType": 0
  }
}