{
  "__type__": "cc.SpriteFrame",
  "content": {
    "name": "1_10",
    "atlas": "",
    "rect": {
      "x": 45,
      "y": 47,
      "width": 142,
      "height": 154
    },
    "offset": {
      "x": 6,
      "y": -14
    },
    "originalSize": {
      "width": 220,
      "height": 220
    },
    "rotated": false,
    "capInsets": [
      0,
      0,
      0,
      0
    ],
    "vertices": {
      "rawPosition": [
        -71,
        -77,
        0,
        71,
        -77,
        0,
        -71,
        77,
        0,
        71,
        77,
        0
      ],
      "indexes": [
        0,
        1,
        2,
        2,
        1,
        3
      ],
      "uv": [
        45,
        173,
        187,
        173,
        45,
        19,
        187,
        19
      ],
      "nuv": [
        0.20454545454545456,
        0.08636363636363636,
        0.85,
        0.08636363636363636,
        0.20454545454545456,
        0.7863636363636364,
        0.85,
        0.7863636363636364
      ],
      "minPos": {
        "x": -71,
        "y": -77,
        "z": 0
      },
      "maxPos": {
        "x": 71,
        "y": 77,
        "z": 0
      }
    },
    "texture": "a50fda3b-57ad-4647-9666-3c2f387a595c@6c48a",
    "packable": true,
    "pixelsToUnit": 100,
    "pivot": {
      "x": 0.5,
      "y": 0.5
    },
    "meshType": 0
  }
}