{
  "__type__": "cc.SpriteFrame",
  "content": {
    "name": "sit2_idle_06",
    "atlas": "",
    "rect": {
      "x": 39,
      "y": 40,
      "width": 67,
      "height": 146
    },
    "offset": {
      "x": 5,
      "y": -15.5
    },
    "originalSize": {
      "width": 135,
      "height": 195
    },
    "rotated": false,
    "capInsets": [
      0,
      0,
      0,
      0
    ],
    "vertices": {
      "rawPosition": [
        -33.5,
        -73,
        0,
        33.5,
        -73,
        0,
        -33.5,
        73,
        0,
        33.5,
        73,
        0
      ],
      "indexes": [
        0,
        1,
        2,
        2,
        1,
        3
      ],
      "uv": [
        39,
        155,
        106,
        155,
        39,
        9,
        106,
        9
      ],
      "nuv": [
        0.28888888888888886,
        0.046153846153846156,
        0.7851851851851852,
        0.046153846153846156,
        0.28888888888888886,
        0.7948717948717948,
        0.7851851851851852,
        0.7948717948717948
      ],
      "minPos": {
        "x": -33.5,
        "y": -73,
        "z": 0
      },
      "maxPos": {
        "x": 33.5,
        "y": 73,
        "z": 0
      }
    },
    "texture": "a55af4ad-f286-4283-8407-9db824b60ddf@6c48a",
    "packable": true,
    "pixelsToUnit": 100,
    "pivot": {
      "x": 0.5,
      "y": 0.5
    },
    "meshType": 0
  }
}