{
  "__type__": "cc.SpriteFrame",
  "content": {
    "name": "sit_07",
    "atlas": "",
    "rect": {
      "x": 31,
      "y": 51,
      "width": 54,
      "height": 133
    },
    "offset": {
      "x": -2,
      "y": -20
    },
    "originalSize": {
      "width": 120,
      "height": 195
    },
    "rotated": false,
    "capInsets": [
      0,
      0,
      0,
      0
    ],
    "vertices": {
      "rawPosition": [
        -27,
        -66.5,
        0,
        27,
        -66.5,
        0,
        -27,
        66.5,
        0,
        27,
        66.5,
        0
      ],
      "indexes": [
        0,
        1,
        2,
        2,
        1,
        3
      ],
      "uv": [
        31,
        144,
        85,
        144,
        31,
        11,
        85,
        11
      ],
      "nuv": [
        0.25833333333333336,
        0.05641025641025641,
        0.7083333333333334,
        0.05641025641025641,
        0.25833333333333336,
        0.7384615384615385,
        0.7083333333333334,
        0.7384615384615385
      ],
      "minPos": {
        "x": -27,
        "y": -66.5,
        "z": 0
      },
      "maxPos": {
        "x": 27,
        "y": 66.5,
        "z": 0
      }
    },
    "texture": "51328aea-1c15-44a6-b980-10bf94a656d1@6c48a",
    "packable": true,
    "pixelsToUnit": 100,
    "pivot": {
      "x": 0.5,
      "y": 0.5
    },
    "meshType": 0
  }
}