{
  "__type__": "cc.SpriteFrame",
  "content": {
    "name": "1_138",
    "atlas": "",
    "rect": {
      "x": 79,
      "y": 59,
      "width": 266,
      "height": 242
    },
    "offset": {
      "x": 24.5,
      "y": -18
    },
    "originalSize": {
      "width": 375,
      "height": 324
    },
    "rotated": false,
    "capInsets": [
      0,
      0,
      0,
      0
    ],
    "vertices": {
      "rawPosition": [
        -133,
        -121,
        0,
        133,
        -121,
        0,
        -133,
        121,
        0,
        133,
        121,
        0
      ],
      "indexes": [
        0,
        1,
        2,
        2,
        1,
        3
      ],
      "uv": [
        79,
        265,
        345,
        265,
        79,
        23,
        345,
        23
      ],
      "nuv": [
        0.21066666666666667,
        0.07098765432098765,
        0.92,
        0.07098765432098765,
        0.21066666666666667,
        0.8179012345679012,
        0.92,
        0.8179012345679012
      ],
      "minPos": {
        "x": -133,
        "y": -121,
        "z": 0
      },
      "maxPos": {
        "x": 133,
        "y": 121,
        "z": 0
      }
    },
    "texture": "51516dfe-6c8b-46c5-a901-de6dee31dcee@6c48a",
    "packable": true,
    "pixelsToUnit": 100,
    "pivot": {
      "x": 0.5,
      "y": 0.5
    },
    "meshType": 0
  }
}