{
  "__type__": "cc.SpriteFrame",
  "content": {
    "name": "tu01-stand_78",
    "atlas": "",
    "rect": {
      "x": 39,
      "y": 66,
      "width": 154,
      "height": 147
    },
    "offset": {
      "x": 6,
      "y": -29.5
    },
    "originalSize": {
      "width": 220,
      "height": 220
    },
    "rotated": false,
    "capInsets": [
      0,
      0,
      0,
      0
    ],
    "vertices": {
      "rawPosition": [
        -77,
        -73.5,
        0,
        77,
        -73.5,
        0,
        -77,
        73.5,
        0,
        77,
        73.5,
        0
      ],
      "indexes": [
        0,
        1,
        2,
        2,
        1,
        3
      ],
      "uv": [
        39,
        154,
        193,
        154,
        39,
        7,
        193,
        7
      ],
      "nuv": [
        0.17727272727272728,
        0.031818181818181815,
        0.8772727272727273,
        0.031818181818181815,
        0.17727272727272728,
        0.7,
        0.8772727272727273,
        0.7
      ],
      "minPos": {
        "x": -77,
        "y": -73.5,
        "z": 0
      },
      "maxPos": {
        "x": 77,
        "y": 73.5,
        "z": 0
      }
    },
    "texture": "51e079f1-dade-4480-95ea-e45f991eed30@6c48a",
    "packable": true,
    "pixelsToUnit": 100,
    "pivot": {
      "x": 0.5,
      "y": 0.5
    },
    "meshType": 0
  }
}