{
  "__type__": "cc.SpriteFrame",
  "content": {
    "name": "1_103",
    "atlas": "",
    "rect": {
      "x": 79,
      "y": 109,
      "width": 211,
      "height": 192
    },
    "offset": {
      "x": -3,
      "y": -43
    },
    "originalSize": {
      "width": 375,
      "height": 324
    },
    "rotated": false,
    "capInsets": [
      0,
      0,
      0,
      0
    ],
    "vertices": {
      "rawPosition": [
        -105.5,
        -96,
        0,
        105.5,
        -96,
        0,
        -105.5,
        96,
        0,
        105.5,
        96,
        0
      ],
      "indexes": [
        0,
        1,
        2,
        2,
        1,
        3
      ],
      "uv": [
        79,
        215,
        290,
        215,
        79,
        23,
        290,
        23
      ],
      "nuv": [
        0.21066666666666667,
        0.07098765432098765,
        0.7733333333333333,
        0.07098765432098765,
        0.21066666666666667,
        0.6635802469135802,
        0.7733333333333333,
        0.6635802469135802
      ],
      "minPos": {
        "x": -105.5,
        "y": -96,
        "z": 0
      },
      "maxPos": {
        "x": 105.5,
        "y": 96,
        "z": 0
      }
    },
    "texture": "51e14553-1148-495d-ae3c-220c170250b5@6c48a",
    "packable": true,
    "pixelsToUnit": 100,
    "pivot": {
      "x": 0.5,
      "y": 0.5
    },
    "meshType": 0
  }
}