{
  "__type__": "cc.SpriteFrame",
  "content": {
    "name": "1_001",
    "atlas": "",
    "rect": {
      "x": 201,
      "y": 57,
      "width": 145,
      "height": 125
    },
    "offset": {
      "x": 86,
      "y": 42.5
    },
    "originalSize": {
      "width": 375,
      "height": 324
    },
    "rotated": false,
    "capInsets": [
      0,
      0,
      0,
      0
    ],
    "vertices": {
      "rawPosition": [
        -72.5,
        -62.5,
        0,
        72.5,
        -62.5,
        0,
        -72.5,
        62.5,
        0,
        72.5,
        62.5,
        0
      ],
      "indexes": [
        0,
        1,
        2,
        2,
        1,
        3
      ],
      "uv": [
        201,
        267,
        346,
        267,
        201,
        142,
        346,
        142
      ],
      "nuv": [
        0.536,
        0.4382716049382716,
        0.9226666666666666,
        0.4382716049382716,
        0.536,
        0.8240740740740741,
        0.9226666666666666,
        0.8240740740740741
      ],
      "minPos": {
        "x": -72.5,
        "y": -62.5,
        "z": 0
      },
      "maxPos": {
        "x": 72.5,
        "y": 62.5,
        "z": 0
      }
    },
    "texture": "4816569a-71bf-414f-be6f-2b3879e381da@6c48a",
    "packable": true,
    "pixelsToUnit": 100,
    "pivot": {
      "x": 0.5,
      "y": 0.5
    },
    "meshType": 0
  }
}