{
  "__type__": "cc.SpriteFrame",
  "content": {
    "name": "1_34",
    "atlas": "",
    "rect": {
      "x": 44,
      "y": 48,
      "width": 149,
      "height": 160
    },
    "offset": {
      "x": 8.5,
      "y": -18
    },
    "originalSize": {
      "width": 220,
      "height": 220
    },
    "rotated": false,
    "capInsets": [
      0,
      0,
      0,
      0
    ],
    "vertices": {
      "rawPosition": [
        -74.5,
        -80,
        0,
        74.5,
        -80,
        0,
        -74.5,
        80,
        0,
        74.5,
        80,
        0
      ],
      "indexes": [
        0,
        1,
        2,
        2,
        1,
        3
      ],
      "uv": [
        44,
        172,
        193,
        172,
        44,
        12,
        193,
        12
      ],
      "nuv": [
        0.2,
        0.05454545454545454,
        0.8772727272727273,
        0.05454545454545454,
        0.2,
        0.7818181818181819,
        0.8772727272727273,
        0.7818181818181819
      ],
      "minPos": {
        "x": -74.5,
        "y": -80,
        "z": 0
      },
      "maxPos": {
        "x": 74.5,
        "y": 80,
        "z": 0
      }
    },
    "texture": "483a731a-09d2-4cfb-9e19-ad061b7ac0a0@6c48a",
    "packable": true,
    "pixelsToUnit": 100,
    "pivot": {
      "x": 0.5,
      "y": 0.5
    },
    "meshType": 0
  }
}