{
  "__type__": "cc.SpriteFrame",
  "content": {
    "name": "sit2_idle_18",
    "atlas": "",
    "rect": {
      "x": 37,
      "y": 51,
      "width": 61,
      "height": 131
    },
    "offset": {
      "x": 7.5,
      "y": -19
    },
    "originalSize": {
      "width": 120,
      "height": 195
    },
    "rotated": false,
    "capInsets": [
      0,
      0,
      0,
      0
    ],
    "vertices": {
      "rawPosition": [
        -30.5,
        -65.5,
        0,
        30.5,
        -65.5,
        0,
        -30.5,
        65.5,
        0,
        30.5,
        65.5,
        0
      ],
      "indexes": [
        0,
        1,
        2,
        2,
        1,
        3
      ],
      "uv": [
        37,
        144,
        98,
        144,
        37,
        13,
        98,
        13
      ],
      "nuv": [
        0.30833333333333335,
        0.06666666666666667,
        0.8166666666666667,
        0.06666666666666667,
        0.30833333333333335,
        0.7384615384615385,
        0.8166666666666667,
        0.7384615384615385
      ],
      "minPos": {
        "x": -30.5,
        "y": -65.5,
        "z": 0
      },
      "maxPos": {
        "x": 30.5,
        "y": 65.5,
        "z": 0
      }
    },
    "texture": "48f66a0e-80eb-45a6-b7cf-6a74c576368e@6c48a",
    "packable": true,
    "pixelsToUnit": 100,
    "pivot": {
      "x": 0.5,
      "y": 0.5
    },
    "meshType": 0
  }
}