{
  "__type__": "cc.SpriteFrame",
  "content": {
    "name": "1_33",
    "atlas": "",
    "rect": {
      "x": 50,
      "y": 58,
      "width": 132,
      "height": 139
    },
    "offset": {
      "x": 6,
      "y": -17.5
    },
    "originalSize": {
      "width": 220,
      "height": 220
    },
    "rotated": false,
    "capInsets": [
      0,
      0,
      0,
      0
    ],
    "vertices": {
      "rawPosition": [
        -66,
        -69.5,
        0,
        66,
        -69.5,
        0,
        -66,
        69.5,
        0,
        66,
        69.5,
        0
      ],
      "indexes": [
        0,
        1,
        2,
        2,
        1,
        3
      ],
      "uv": [
        50,
        162,
        182,
        162,
        50,
        23,
        182,
        23
      ],
      "nuv": [
        0.22727272727272727,
        0.10454545454545454,
        0.8272727272727273,
        0.10454545454545454,
        0.22727272727272727,
        0.7363636363636363,
        0.8272727272727273,
        0.7363636363636363
      ],
      "minPos": {
        "x": -66,
        "y": -69.5,
        "z": 0
      },
      "maxPos": {
        "x": 66,
        "y": 69.5,
        "z": 0
      }
    },
    "texture": "660181e6-2ca5-46f9-a086-2da8bd64d6b8@6c48a",
    "packable": true,
    "pixelsToUnit": 100,
    "pivot": {
      "x": 0.5,
      "y": 0.5
    },
    "meshType": 0
  }
}