{
  "__type__": "cc.SpriteFrame",
  "content": {
    "name": "1_53",
    "atlas": "",
    "rect": {
      "x": 18,
      "y": 29,
      "width": 141,
      "height": 172
    },
    "offset": {
      "x": -21.5,
      "y": -5
    },
    "originalSize": {
      "width": 220,
      "height": 220
    },
    "rotated": false,
    "capInsets": [
      0,
      0,
      0,
      0
    ],
    "vertices": {
      "rawPosition": [
        -70.5,
        -86,
        0,
        70.5,
        -86,
        0,
        -70.5,
        86,
        0,
        70.5,
        86,
        0
      ],
      "indexes": [
        0,
        1,
        2,
        2,
        1,
        3
      ],
      "uv": [
        18,
        191,
        159,
        191,
        18,
        19,
        159,
        19
      ],
      "nuv": [
        0.08181818181818182,
        0.08636363636363636,
        0.7227272727272728,
        0.08636363636363636,
        0.08181818181818182,
        0.8681818181818182,
        0.7227272727272728,
        0.8681818181818182
      ],
      "minPos": {
        "x": -70.5,
        "y": -86,
        "z": 0
      },
      "maxPos": {
        "x": 70.5,
        "y": 86,
        "z": 0
      }
    },
    "texture": "66398aca-e0ce-4802-97ca-ea7d94b51679@6c48a",
    "packable": true,
    "pixelsToUnit": 100,
    "pivot": {
      "x": 0.5,
      "y": 0.5
    },
    "meshType": 0
  }
}