{
  "__type__": "cc.SpriteFrame",
  "content": {
    "name": "1_58",
    "atlas": "",
    "rect": {
      "x": 27,
      "y": 39,
      "width": 133,
      "height": 162
    },
    "offset": {
      "x": -16.5,
      "y": -10
    },
    "originalSize": {
      "width": 220,
      "height": 220
    },
    "rotated": false,
    "capInsets": [
      0,
      0,
      0,
      0
    ],
    "vertices": {
      "rawPosition": [
        -66.5,
        -81,
        0,
        66.5,
        -81,
        0,
        -66.5,
        81,
        0,
        66.5,
        81,
        0
      ],
      "indexes": [
        0,
        1,
        2,
        2,
        1,
        3
      ],
      "uv": [
        27,
        181,
        160,
        181,
        27,
        19,
        160,
        19
      ],
      "nuv": [
        0.12272727272727273,
        0.08636363636363636,
        0.7272727272727273,
        0.08636363636363636,
        0.12272727272727273,
        0.8227272727272728,
        0.7272727272727273,
        0.8227272727272728
      ],
      "minPos": {
        "x": -66.5,
        "y": -81,
        "z": 0
      },
      "maxPos": {
        "x": 66.5,
        "y": 81,
        "z": 0
      }
    },
    "texture": "663a1e28-7777-4855-a0c4-a9a3ac4d5e36@6c48a",
    "packable": true,
    "pixelsToUnit": 100,
    "pivot": {
      "x": 0.5,
      "y": 0.5
    },
    "meshType": 0
  }
}