{
  "__type__": "cc.SpriteFrame",
  "content": {
    "name": "1_26",
    "atlas": "",
    "rect": {
      "x": 20,
      "y": 35,
      "width": 139,
      "height": 166
    },
    "offset": {
      "x": -20.5,
      "y": -8
    },
    "originalSize": {
      "width": 220,
      "height": 220
    },
    "rotated": false,
    "capInsets": [
      0,
      0,
      0,
      0
    ],
    "vertices": {
      "rawPosition": [
        -69.5,
        -83,
        0,
        69.5,
        -83,
        0,
        -69.5,
        83,
        0,
        69.5,
        83,
        0
      ],
      "indexes": [
        0,
        1,
        2,
        2,
        1,
        3
      ],
      "uv": [
        20,
        185,
        159,
        185,
        20,
        19,
        159,
        19
      ],
      "nuv": [
        0.09090909090909091,
        0.08636363636363636,
        0.7227272727272728,
        0.08636363636363636,
        0.09090909090909091,
        0.8409090909090909,
        0.7227272727272728,
        0.8409090909090909
      ],
      "minPos": {
        "x": -69.5,
        "y": -83,
        "z": 0
      },
      "maxPos": {
        "x": 69.5,
        "y": 83,
        "z": 0
      }
    },
    "texture": "665016f5-7d06-4b1a-84ae-ac176051817a@6c48a",
    "packable": true,
    "pixelsToUnit": 100,
    "pivot": {
      "x": 0.5,
      "y": 0.5
    },
    "meshType": 0
  }
}