{
  "__type__": "cc.SpriteFrame",
  "content": {
    "name": "1_06",
    "atlas": "",
    "rect": {
      "x": 40,
      "y": 40,
      "width": 136,
      "height": 165
    },
    "offset": {
      "x": -2,
      "y": -12.5
    },
    "originalSize": {
      "width": 220,
      "height": 220
    },
    "rotated": false,
    "capInsets": [
      0,
      0,
      0,
      0
    ],
    "vertices": {
      "rawPosition": [
        -68,
        -82.5,
        0,
        68,
        -82.5,
        0,
        -68,
        82.5,
        0,
        68,
        82.5,
        0
      ],
      "indexes": [
        0,
        1,
        2,
        2,
        1,
        3
      ],
      "uv": [
        40,
        180,
        176,
        180,
        40,
        15,
        176,
        15
      ],
      "nuv": [
        0.18181818181818182,
        0.06818181818181818,
        0.8,
        0.06818181818181818,
        0.18181818181818182,
        0.8181818181818182,
        0.8,
        0.8181818181818182
      ],
      "minPos": {
        "x": -68,
        "y": -82.5,
        "z": 0
      },
      "maxPos": {
        "x": 68,
        "y": 82.5,
        "z": 0
      }
    },
    "texture": "6659af08-8237-4982-924a-bfee5cbf9c16@6c48a",
    "packable": true,
    "pixelsToUnit": 100,
    "pivot": {
      "x": 0.5,
      "y": 0.5
    },
    "meshType": 0
  }
}