{
  "__type__": "cc.SpriteFrame",
  "content": {
    "name": "tu01-stand1_30",
    "atlas": "",
    "rect": {
      "x": 38,
      "y": 64,
      "width": 132,
      "height": 149
    },
    "offset": {
      "x": -6,
      "y": -28.5
    },
    "originalSize": {
      "width": 220,
      "height": 220
    },
    "rotated": false,
    "capInsets": [
      0,
      0,
      0,
      0
    ],
    "vertices": {
      "rawPosition": [
        -66,
        -74.5,
        0,
        66,
        -74.5,
        0,
        -66,
        74.5,
        0,
        66,
        74.5,
        0
      ],
      "indexes": [
        0,
        1,
        2,
        2,
        1,
        3
      ],
      "uv": [
        38,
        156,
        170,
        156,
        38,
        7,
        170,
        7
      ],
      "nuv": [
        0.17272727272727273,
        0.031818181818181815,
        0.7727272727272727,
        0.031818181818181815,
        0.17272727272727273,
        0.7090909090909091,
        0.7727272727272727,
        0.7090909090909091
      ],
      "minPos": {
        "x": -66,
        "y": -74.5,
        "z": 0
      },
      "maxPos": {
        "x": 66,
        "y": 74.5,
        "z": 0
      }
    },
    "texture": "6671d195-c67a-4767-a954-67d840772b8d@6c48a",
    "packable": true,
    "pixelsToUnit": 100,
    "pivot": {
      "x": 0.5,
      "y": 0.5
    },
    "meshType": 0
  }
}