{
  "__type__": "cc.SpriteFrame",
  "content": {
    "name": "1_126",
    "atlas": "",
    "rect": {
      "x": 79,
      "y": 90,
      "width": 191,
      "height": 211
    },
    "offset": {
      "x": -13,
      "y": -33.5
    },
    "originalSize": {
      "width": 375,
      "height": 324
    },
    "rotated": false,
    "capInsets": [
      0,
      0,
      0,
      0
    ],
    "vertices": {
      "rawPosition": [
        -95.5,
        -105.5,
        0,
        95.5,
        -105.5,
        0,
        -95.5,
        105.5,
        0,
        95.5,
        105.5,
        0
      ],
      "indexes": [
        0,
        1,
        2,
        2,
        1,
        3
      ],
      "uv": [
        79,
        234,
        270,
        234,
        79,
        23,
        270,
        23
      ],
      "nuv": [
        0.21066666666666667,
        0.07098765432098765,
        0.72,
        0.07098765432098765,
        0.21066666666666667,
        0.7222222222222222,
        0.72,
        0.7222222222222222
      ],
      "minPos": {
        "x": -95.5,
        "y": -105.5,
        "z": 0
      },
      "maxPos": {
        "x": 95.5,
        "y": 105.5,
        "z": 0
      }
    },
    "texture": "66974fec-9d42-4a4d-af89-82ef92d5989e@6c48a",
    "packable": true,
    "pixelsToUnit": 100,
    "pivot": {
      "x": 0.5,
      "y": 0.5
    },
    "meshType": 0
  }
}