{
  "__type__": "cc.SpriteFrame",
  "content": {
    "name": "1_035",
    "atlas": "",
    "rect": {
      "x": 79,
      "y": 87,
      "width": 191,
      "height": 198
    },
    "offset": {
      "x": -13,
      "y": -24
    },
    "originalSize": {
      "width": 375,
      "height": 324
    },
    "rotated": false,
    "capInsets": [
      0,
      0,
      0,
      0
    ],
    "vertices": {
      "rawPosition": [
        -95.5,
        -99,
        0,
        95.5,
        -99,
        0,
        -95.5,
        99,
        0,
        95.5,
        99,
        0
      ],
      "indexes": [
        0,
        1,
        2,
        2,
        1,
        3
      ],
      "uv": [
        79,
        237,
        270,
        237,
        79,
        39,
        270,
        39
      ],
      "nuv": [
        0.21066666666666667,
        0.12037037037037036,
        0.72,
        0.12037037037037036,
        0.21066666666666667,
        0.7314814814814815,
        0.72,
        0.7314814814814815
      ],
      "minPos": {
        "x": -95.5,
        "y": -99,
        "z": 0
      },
      "maxPos": {
        "x": 95.5,
        "y": 99,
        "z": 0
      }
    },
    "texture": "66fae691-94ef-4c2e-b463-628f61ff379d@6c48a",
    "packable": true,
    "pixelsToUnit": 100,
    "pivot": {
      "x": 0.5,
      "y": 0.5
    },
    "meshType": 0
  }
}