{
  "__type__": "cc.SpriteFrame",
  "content": {
    "name": "1_28",
    "atlas": "",
    "rect": {
      "x": 16,
      "y": 91,
      "width": 214,
      "height": 210
    },
    "offset": {
      "x": -17.5,
      "y": -30.5
    },
    "originalSize": {
      "width": 281,
      "height": 331
    },
    "rotated": false,
    "capInsets": [
      0,
      0,
      0,
      0
    ],
    "vertices": {
      "rawPosition": [
        -107,
        -105,
        0,
        107,
        -105,
        0,
        -107,
        105,
        0,
        107,
        105,
        0
      ],
      "indexes": [
        0,
        1,
        2,
        2,
        1,
        3
      ],
      "uv": [
        16,
        240,
        230,
        240,
        16,
        30,
        230,
        30
      ],
      "nuv": [
        0.05693950177935943,
        0.09063444108761329,
        0.8185053380782918,
        0.09063444108761329,
        0.05693950177935943,
        0.7250755287009063,
        0.8185053380782918,
        0.7250755287009063
      ],
      "minPos": {
        "x": -107,
        "y": -105,
        "z": 0
      },
      "maxPos": {
        "x": 107,
        "y": 105,
        "z": 0
      }
    },
    "texture": "403f275a-1e87-4a11-91db-a618e22a1832@6c48a",
    "packable": true,
    "pixelsToUnit": 100,
    "pivot": {
      "x": 0.5,
      "y": 0.5
    },
    "meshType": 0
  }
}