{
  "__type__": "cc.SpriteFrame",
  "content": {
    "name": "1_10",
    "atlas": "",
    "rect": {
      "x": 22,
      "y": 24,
      "width": 152,
      "height": 134
    },
    "offset": {
      "x": -12,
      "y": 19
    },
    "originalSize": {
      "width": 220,
      "height": 220
    },
    "rotated": false,
    "capInsets": [
      0,
      0,
      0,
      0
    ],
    "vertices": {
      "rawPosition": [
        -76,
        -67,
        0,
        76,
        -67,
        0,
        -76,
        67,
        0,
        76,
        67,
        0
      ],
      "indexes": [
        0,
        1,
        2,
        2,
        1,
        3
      ],
      "uv": [
        22,
        196,
        174,
        196,
        22,
        62,
        174,
        62
      ],
      "nuv": [
        0.1,
        0.2818181818181818,
        0.7909090909090909,
        0.2818181818181818,
        0.1,
        0.8909090909090909,
        0.7909090909090909,
        0.8909090909090909
      ],
      "minPos": {
        "x": -76,
        "y": -67,
        "z": 0
      },
      "maxPos": {
        "x": 76,
        "y": 67,
        "z": 0
      }
    },
    "texture": "4044ba0b-78d8-4ce1-b95e-c8cf9ad5227d@6c48a",
    "packable": true,
    "pixelsToUnit": 100,
    "pivot": {
      "x": 0.5,
      "y": 0.5
    },
    "meshType": 0
  }
}