{
  "__type__": "cc.SpriteFrame",
  "content": {
    "name": "sit2_02",
    "atlas": "",
    "rect": {
      "x": 36,
      "y": 35,
      "width": 48,
      "height": 147
    },
    "offset": {
      "x": 0,
      "y": -11
    },
    "originalSize": {
      "width": 120,
      "height": 195
    },
    "rotated": false,
    "capInsets": [
      0,
      0,
      0,
      0
    ],
    "vertices": {
      "rawPosition": [
        -24,
        -73.5,
        0,
        24,
        -73.5,
        0,
        -24,
        73.5,
        0,
        24,
        73.5,
        0
      ],
      "indexes": [
        0,
        1,
        2,
        2,
        1,
        3
      ],
      "uv": [
        36,
        160,
        84,
        160,
        36,
        13,
        84,
        13
      ],
      "nuv": [
        0.3,
        0.06666666666666667,
        0.7,
        0.06666666666666667,
        0.3,
        0.8205128205128205,
        0.7,
        0.8205128205128205
      ],
      "minPos": {
        "x": -24,
        "y": -73.5,
        "z": 0
      },
      "maxPos": {
        "x": 24,
        "y": 73.5,
        "z": 0
      }
    },
    "texture": "40750d2b-3cae-497b-b7be-99699ec68c82@6c48a",
    "packable": true,
    "pixelsToUnit": 100,
    "pivot": {
      "x": 0.5,
      "y": 0.5
    },
    "meshType": 0
  }
}