{
  "__type__": "cc.SpriteFrame",
  "content": {
    "name": "tu01-stand1_03",
    "atlas": "",
    "rect": {
      "x": 38,
      "y": 66,
      "width": 152,
      "height": 147
    },
    "offset": {
      "x": 4,
      "y": -29.5
    },
    "originalSize": {
      "width": 220,
      "height": 220
    },
    "rotated": false,
    "capInsets": [
      0,
      0,
      0,
      0
    ],
    "vertices": {
      "rawPosition": [
        -76,
        -73.5,
        0,
        76,
        -73.5,
        0,
        -76,
        73.5,
        0,
        76,
        73.5,
        0
      ],
      "indexes": [
        0,
        1,
        2,
        2,
        1,
        3
      ],
      "uv": [
        38,
        154,
        190,
        154,
        38,
        7,
        190,
        7
      ],
      "nuv": [
        0.17272727272727273,
        0.031818181818181815,
        0.8636363636363636,
        0.031818181818181815,
        0.17272727272727273,
        0.7,
        0.8636363636363636,
        0.7
      ],
      "minPos": {
        "x": -76,
        "y": -73.5,
        "z": 0
      },
      "maxPos": {
        "x": 76,
        "y": 73.5,
        "z": 0
      }
    },
    "texture": "408bb852-81cd-44a3-915c-041165944d9c@6c48a",
    "packable": true,
    "pixelsToUnit": 100,
    "pivot": {
      "x": 0.5,
      "y": 0.5
    },
    "meshType": 0
  }
}