{
  "__type__": "cc.SpriteFrame",
  "content": {
    "name": "1_131",
    "atlas": "",
    "rect": {
      "x": 46,
      "y": 73,
      "width": 241,
      "height": 228
    },
    "offset": {
      "x": -21,
      "y": -25
    },
    "originalSize": {
      "width": 375,
      "height": 324
    },
    "rotated": false,
    "capInsets": [
      0,
      0,
      0,
      0
    ],
    "vertices": {
      "rawPosition": [
        -120.5,
        -114,
        0,
        120.5,
        -114,
        0,
        -120.5,
        114,
        0,
        120.5,
        114,
        0
      ],
      "indexes": [
        0,
        1,
        2,
        2,
        1,
        3
      ],
      "uv": [
        46,
        251,
        287,
        251,
        46,
        23,
        287,
        23
      ],
      "nuv": [
        0.12266666666666666,
        0.07098765432098765,
        0.7653333333333333,
        0.07098765432098765,
        0.12266666666666666,
        0.7746913580246914,
        0.7653333333333333,
        0.7746913580246914
      ],
      "minPos": {
        "x": -120.5,
        "y": -114,
        "z": 0
      },
      "maxPos": {
        "x": 120.5,
        "y": 114,
        "z": 0
      }
    },
    "texture": "165939c9-d705-4f2f-bf40-f871b1fafb53@6c48a",
    "packable": true,
    "pixelsToUnit": 100,
    "pivot": {
      "x": 0.5,
      "y": 0.5
    },
    "meshType": 0
  }
}