{
  "__type__": "cc.SpriteFrame",
  "content": {
    "name": "1_34",
    "atlas": "",
    "rect": {
      "x": 34,
      "y": 50,
      "width": 139,
      "height": 152
    },
    "offset": {
      "x": -6.5,
      "y": -16
    },
    "originalSize": {
      "width": 220,
      "height": 220
    },
    "rotated": false,
    "capInsets": [
      0,
      0,
      0,
      0
    ],
    "vertices": {
      "rawPosition": [
        -69.5,
        -76,
        0,
        69.5,
        -76,
        0,
        -69.5,
        76,
        0,
        69.5,
        76,
        0
      ],
      "indexes": [
        0,
        1,
        2,
        2,
        1,
        3
      ],
      "uv": [
        34,
        170,
        173,
        170,
        34,
        18,
        173,
        18
      ],
      "nuv": [
        0.15454545454545454,
        0.08181818181818182,
        0.7863636363636364,
        0.08181818181818182,
        0.15454545454545454,
        0.7727272727272727,
        0.7863636363636364,
        0.7727272727272727
      ],
      "minPos": {
        "x": -69.5,
        "y": -76,
        "z": 0
      },
      "maxPos": {
        "x": 69.5,
        "y": 76,
        "z": 0
      }
    },
    "texture": "16628631-9bba-4f9f-b866-c4b7d1dabc3f@6c48a",
    "packable": true,
    "pixelsToUnit": 100,
    "pivot": {
      "x": 0.5,
      "y": 0.5
    },
    "meshType": 0
  }
}