{
  "__type__": "cc.SpriteFrame",
  "content": {
    "name": "tu01-stand1_06",
    "atlas": "",
    "rect": {
      "x": 32,
      "y": 66,
      "width": 149,
      "height": 147
    },
    "offset": {
      "x": -3.5,
      "y": -29.5
    },
    "originalSize": {
      "width": 220,
      "height": 220
    },
    "rotated": false,
    "capInsets": [
      0,
      0,
      0,
      0
    ],
    "vertices": {
      "rawPosition": [
        -74.5,
        -73.5,
        0,
        74.5,
        -73.5,
        0,
        -74.5,
        73.5,
        0,
        74.5,
        73.5,
        0
      ],
      "indexes": [
        0,
        1,
        2,
        2,
        1,
        3
      ],
      "uv": [
        32,
        154,
        181,
        154,
        32,
        7,
        181,
        7
      ],
      "nuv": [
        0.14545454545454545,
        0.031818181818181815,
        0.8227272727272728,
        0.031818181818181815,
        0.14545454545454545,
        0.7,
        0.8227272727272728,
        0.7
      ],
      "minPos": {
        "x": -74.5,
        "y": -73.5,
        "z": 0
      },
      "maxPos": {
        "x": 74.5,
        "y": 73.5,
        "z": 0
      }
    },
    "texture": "16a42b3d-c3ad-40f2-baa6-a371a2911f5d@6c48a",
    "packable": true,
    "pixelsToUnit": 100,
    "pivot": {
      "x": 0.5,
      "y": 0.5
    },
    "meshType": 0
  }
}