{
  "__type__": "cc.SpriteFrame",
  "content": {
    "name": "1_29",
    "atlas": "",
    "rect": {
      "x": 62,
      "y": 45,
      "width": 136,
      "height": 160
    },
    "offset": {
      "x": 20,
      "y": -15
    },
    "originalSize": {
      "width": 220,
      "height": 220
    },
    "rotated": false,
    "capInsets": [
      0,
      0,
      0,
      0
    ],
    "vertices": {
      "rawPosition": [
        -68,
        -80,
        0,
        68,
        -80,
        0,
        -68,
        80,
        0,
        68,
        80,
        0
      ],
      "indexes": [
        0,
        1,
        2,
        2,
        1,
        3
      ],
      "uv": [
        62,
        175,
        198,
        175,
        62,
        15,
        198,
        15
      ],
      "nuv": [
        0.2818181818181818,
        0.06818181818181818,
        0.9,
        0.06818181818181818,
        0.2818181818181818,
        0.7954545454545454,
        0.9,
        0.7954545454545454
      ],
      "minPos": {
        "x": -68,
        "y": -80,
        "z": 0
      },
      "maxPos": {
        "x": 68,
        "y": 80,
        "z": 0
      }
    },
    "texture": "3529bb3b-d046-4c51-b556-f3d77af531d7@6c48a",
    "packable": true,
    "pixelsToUnit": 100,
    "pivot": {
      "x": 0.5,
      "y": 0.5
    },
    "meshType": 0
  }
}