{
  "__type__": "cc.SpriteFrame",
  "content": {
    "name": "1_38",
    "atlas": "",
    "rect": {
      "x": 30,
      "y": 60,
      "width": 213,
      "height": 250
    },
    "offset": {
      "x": -4,
      "y": -19.5
    },
    "originalSize": {
      "width": 281,
      "height": 331
    },
    "rotated": false,
    "capInsets": [
      0,
      0,
      0,
      0
    ],
    "vertices": {
      "rawPosition": [
        -106.5,
        -125,
        0,
        106.5,
        -125,
        0,
        -106.5,
        125,
        0,
        106.5,
        125,
        0
      ],
      "indexes": [
        0,
        1,
        2,
        2,
        1,
        3
      ],
      "uv": [
        30,
        271,
        243,
        271,
        30,
        21,
        243,
        21
      ],
      "nuv": [
        0.10676156583629894,
        0.0634441087613293,
        0.8647686832740213,
        0.0634441087613293,
        0.10676156583629894,
        0.8187311178247734,
        0.8647686832740213,
        0.8187311178247734
      ],
      "minPos": {
        "x": -106.5,
        "y": -125,
        "z": 0
      },
      "maxPos": {
        "x": 106.5,
        "y": 125,
        "z": 0
      }
    },
    "texture": "3543482a-641b-4352-a592-248c3aea8213@6c48a",
    "packable": true,
    "pixelsToUnit": 100,
    "pivot": {
      "x": 0.5,
      "y": 0.5
    },
    "meshType": 0
  }
}