{
  "__type__": "cc.SpriteFrame",
  "content": {
    "name": "1_43",
    "atlas": "",
    "rect": {
      "x": 35,
      "y": 48,
      "width": 134,
      "height": 153
    },
    "offset": {
      "x": -8,
      "y": -14.5
    },
    "originalSize": {
      "width": 220,
      "height": 220
    },
    "rotated": false,
    "capInsets": [
      0,
      0,
      0,
      0
    ],
    "vertices": {
      "rawPosition": [
        -67,
        -76.5,
        0,
        67,
        -76.5,
        0,
        -67,
        76.5,
        0,
        67,
        76.5,
        0
      ],
      "indexes": [
        0,
        1,
        2,
        2,
        1,
        3
      ],
      "uv": [
        35,
        172,
        169,
        172,
        35,
        19,
        169,
        19
      ],
      "nuv": [
        0.1590909090909091,
        0.08636363636363636,
        0.7681818181818182,
        0.08636363636363636,
        0.1590909090909091,
        0.7818181818181819,
        0.7681818181818182,
        0.7818181818181819
      ],
      "minPos": {
        "x": -67,
        "y": -76.5,
        "z": 0
      },
      "maxPos": {
        "x": 67,
        "y": 76.5,
        "z": 0
      }
    },
    "texture": "355ea1d4-8d15-4973-817f-de413cebfe07@6c48a",
    "packable": true,
    "pixelsToUnit": 100,
    "pivot": {
      "x": 0.5,
      "y": 0.5
    },
    "meshType": 0
  }
}