{
  "__type__": "cc.SpriteFrame",
  "content": {
    "name": "1_32",
    "atlas": "",
    "rect": {
      "x": 25,
      "y": 56,
      "width": 216,
      "height": 257
    },
    "offset": {
      "x": -7.5,
      "y": -19
    },
    "originalSize": {
      "width": 281,
      "height": 331
    },
    "rotated": false,
    "capInsets": [
      0,
      0,
      0,
      0
    ],
    "vertices": {
      "rawPosition": [
        -108,
        -128.5,
        0,
        108,
        -128.5,
        0,
        -108,
        128.5,
        0,
        108,
        128.5,
        0
      ],
      "indexes": [
        0,
        1,
        2,
        2,
        1,
        3
      ],
      "uv": [
        25,
        275,
        241,
        275,
        25,
        18,
        241,
        18
      ],
      "nuv": [
        0.08896797153024912,
        0.054380664652567974,
        0.8576512455516014,
        0.054380664652567974,
        0.08896797153024912,
        0.8308157099697885,
        0.8576512455516014,
        0.8308157099697885
      ],
      "minPos": {
        "x": -108,
        "y": -128.5,
        "z": 0
      },
      "maxPos": {
        "x": 108,
        "y": 128.5,
        "z": 0
      }
    },
    "texture": "3581b732-8837-41f7-94b4-4af1bde4fd8a@6c48a",
    "packable": true,
    "pixelsToUnit": 100,
    "pivot": {
      "x": 0.5,
      "y": 0.5
    },
    "meshType": 0
  }
}