{
  "__type__": "cc.SpriteFrame",
  "content": {
    "name": "1_24",
    "atlas": "",
    "rect": {
      "x": 46,
      "y": 47,
      "width": 139,
      "height": 159
    },
    "offset": {
      "x": 5.5,
      "y": -16.5
    },
    "originalSize": {
      "width": 220,
      "height": 220
    },
    "rotated": false,
    "capInsets": [
      0,
      0,
      0,
      0
    ],
    "vertices": {
      "rawPosition": [
        -69.5,
        -79.5,
        0,
        69.5,
        -79.5,
        0,
        -69.5,
        79.5,
        0,
        69.5,
        79.5,
        0
      ],
      "indexes": [
        0,
        1,
        2,
        2,
        1,
        3
      ],
      "uv": [
        46,
        173,
        185,
        173,
        46,
        14,
        185,
        14
      ],
      "nuv": [
        0.20909090909090908,
        0.06363636363636363,
        0.8409090909090909,
        0.06363636363636363,
        0.20909090909090908,
        0.7863636363636364,
        0.8409090909090909,
        0.7863636363636364
      ],
      "minPos": {
        "x": -69.5,
        "y": -79.5,
        "z": 0
      },
      "maxPos": {
        "x": 69.5,
        "y": 79.5,
        "z": 0
      }
    },
    "texture": "501b2678-1028-47b8-b4c3-d99a1de0f323@6c48a",
    "packable": true,
    "pixelsToUnit": 100,
    "pivot": {
      "x": 0.5,
      "y": 0.5
    },
    "meshType": 0
  }
}