{
  "__type__": "cc.SpriteFrame",
  "content": {
    "name": "move_00",
    "atlas": "",
    "rect": {
      "x": 32,
      "y": 27,
      "width": 53,
      "height": 157
    },
    "offset": {
      "x": -1.5,
      "y": -8
    },
    "originalSize": {
      "width": 120,
      "height": 195
    },
    "rotated": false,
    "capInsets": [
      0,
      0,
      0,
      0
    ],
    "vertices": {
      "rawPosition": [
        -26.5,
        -78.5,
        0,
        26.5,
        -78.5,
        0,
        -26.5,
        78.5,
        0,
        26.5,
        78.5,
        0
      ],
      "indexes": [
        0,
        1,
        2,
        2,
        1,
        3
      ],
      "uv": [
        32,
        168,
        85,
        168,
        32,
        11,
        85,
        11
      ],
      "nuv": [
        0.26666666666666666,
        0.05641025641025641,
        0.7083333333333334,
        0.05641025641025641,
        0.26666666666666666,
        0.8615384615384616,
        0.7083333333333334,
        0.8615384615384616
      ],
      "minPos": {
        "x": -26.5,
        "y": -78.5,
        "z": 0
      },
      "maxPos": {
        "x": 26.5,
        "y": 78.5,
        "z": 0
      }
    },
    "texture": "5024cb4d-e9e8-4cb9-9831-6ebe654593e5@6c48a",
    "packable": true,
    "pixelsToUnit": 100,
    "pivot": {
      "x": 0.5,
      "y": 0.5
    },
    "meshType": 0
  }
}