{
  "__type__": "cc.SpriteFrame",
  "content": {
    "name": "1_36",
    "atlas": "",
    "rect": {
      "x": 42,
      "y": 48,
      "width": 145,
      "height": 160
    },
    "offset": {
      "x": 4.5,
      "y": -18
    },
    "originalSize": {
      "width": 220,
      "height": 220
    },
    "rotated": false,
    "capInsets": [
      0,
      0,
      0,
      0
    ],
    "vertices": {
      "rawPosition": [
        -72.5,
        -80,
        0,
        72.5,
        -80,
        0,
        -72.5,
        80,
        0,
        72.5,
        80,
        0
      ],
      "indexes": [
        0,
        1,
        2,
        2,
        1,
        3
      ],
      "uv": [
        42,
        172,
        187,
        172,
        42,
        12,
        187,
        12
      ],
      "nuv": [
        0.19090909090909092,
        0.05454545454545454,
        0.85,
        0.05454545454545454,
        0.19090909090909092,
        0.7818181818181819,
        0.85,
        0.7818181818181819
      ],
      "minPos": {
        "x": -72.5,
        "y": -80,
        "z": 0
      },
      "maxPos": {
        "x": 72.5,
        "y": 80,
        "z": 0
      }
    },
    "texture": "504e1dec-abe3-4b01-a131-645820b48d24@6c48a",
    "packable": true,
    "pixelsToUnit": 100,
    "pivot": {
      "x": 0.5,
      "y": 0.5
    },
    "meshType": 0
  }
}