{
  "__type__": "cc.SpriteFrame",
  "content": {
    "name": "1_10",
    "atlas": "",
    "rect": {
      "x": 41,
      "y": 48,
      "width": 138,
      "height": 153
    },
    "offset": {
      "x": 0,
      "y": -14.5
    },
    "originalSize": {
      "width": 220,
      "height": 220
    },
    "rotated": false,
    "capInsets": [
      0,
      0,
      0,
      0
    ],
    "vertices": {
      "rawPosition": [
        -69,
        -76.5,
        0,
        69,
        -76.5,
        0,
        -69,
        76.5,
        0,
        69,
        76.5,
        0
      ],
      "indexes": [
        0,
        1,
        2,
        2,
        1,
        3
      ],
      "uv": [
        41,
        172,
        179,
        172,
        41,
        19,
        179,
        19
      ],
      "nuv": [
        0.18636363636363637,
        0.08636363636363636,
        0.8136363636363636,
        0.08636363636363636,
        0.18636363636363637,
        0.7818181818181819,
        0.8136363636363636,
        0.7818181818181819
      ],
      "minPos": {
        "x": -69,
        "y": -76.5,
        "z": 0
      },
      "maxPos": {
        "x": 69,
        "y": 76.5,
        "z": 0
      }
    },
    "texture": "50692c61-84f9-4cfe-9176-9d969f0730f5@6c48a",
    "packable": true,
    "pixelsToUnit": 100,
    "pivot": {
      "x": 0.5,
      "y": 0.5
    },
    "meshType": 0
  }
}