{
  "__type__": "cc.SpriteFrame",
  "content": {
    "name": "sit_00",
    "atlas": "",
    "rect": {
      "x": 32,
      "y": 27,
      "width": 52,
      "height": 156
    },
    "offset": {
      "x": -2,
      "y": -7.5
    },
    "originalSize": {
      "width": 120,
      "height": 195
    },
    "rotated": false,
    "capInsets": [
      0,
      0,
      0,
      0
    ],
    "vertices": {
      "rawPosition": [
        -26,
        -78,
        0,
        26,
        -78,
        0,
        -26,
        78,
        0,
        26,
        78,
        0
      ],
      "indexes": [
        0,
        1,
        2,
        2,
        1,
        3
      ],
      "uv": [
        32,
        168,
        84,
        168,
        32,
        12,
        84,
        12
      ],
      "nuv": [
        0.26666666666666666,
        0.06153846153846154,
        0.7,
        0.06153846153846154,
        0.26666666666666666,
        0.8615384615384616,
        0.7,
        0.8615384615384616
      ],
      "minPos": {
        "x": -26,
        "y": -78,
        "z": 0
      },
      "maxPos": {
        "x": 26,
        "y": 78,
        "z": 0
      }
    },
    "texture": "a139030c-68bc-4219-b14f-0a43a9625e2f@6c48a",
    "packable": true,
    "pixelsToUnit": 100,
    "pivot": {
      "x": 0.5,
      "y": 0.5
    },
    "meshType": 0
  }
}