{
  "__type__": "cc.SpriteFrame",
  "content": {
    "name": "tu01-stand1_75",
    "atlas": "",
    "rect": {
      "x": 32,
      "y": 69,
      "width": 138,
      "height": 144
    },
    "offset": {
      "x": -9,
      "y": -31
    },
    "originalSize": {
      "width": 220,
      "height": 220
    },
    "rotated": false,
    "capInsets": [
      0,
      0,
      0,
      0
    ],
    "vertices": {
      "rawPosition": [
        -69,
        -72,
        0,
        69,
        -72,
        0,
        -69,
        72,
        0,
        69,
        72,
        0
      ],
      "indexes": [
        0,
        1,
        2,
        2,
        1,
        3
      ],
      "uv": [
        32,
        151,
        170,
        151,
        32,
        7,
        170,
        7
      ],
      "nuv": [
        0.14545454545454545,
        0.031818181818181815,
        0.7727272727272727,
        0.031818181818181815,
        0.14545454545454545,
        0.6863636363636364,
        0.7727272727272727,
        0.6863636363636364
      ],
      "minPos": {
        "x": -69,
        "y": -72,
        "z": 0
      },
      "maxPos": {
        "x": 69,
        "y": 72,
        "z": 0
      }
    },
    "texture": "a15da188-4001-4bca-bfba-f9c457b79c1d@6c48a",
    "packable": true,
    "pixelsToUnit": 100,
    "pivot": {
      "x": 0.5,
      "y": 0.5
    },
    "meshType": 0
  }
}