{
  "__type__": "cc.SpriteFrame",
  "content": {
    "name": "1_130",
    "atlas": "",
    "rect": {
      "x": 61,
      "y": 77,
      "width": 216,
      "height": 224
    },
    "offset": {
      "x": -18.5,
      "y": -27
    },
    "originalSize": {
      "width": 375,
      "height": 324
    },
    "rotated": false,
    "capInsets": [
      0,
      0,
      0,
      0
    ],
    "vertices": {
      "rawPosition": [
        -108,
        -112,
        0,
        108,
        -112,
        0,
        -108,
        112,
        0,
        108,
        112,
        0
      ],
      "indexes": [
        0,
        1,
        2,
        2,
        1,
        3
      ],
      "uv": [
        61,
        247,
        277,
        247,
        61,
        23,
        277,
        23
      ],
      "nuv": [
        0.16266666666666665,
        0.07098765432098765,
        0.7386666666666667,
        0.07098765432098765,
        0.16266666666666665,
        0.7623456790123457,
        0.7386666666666667,
        0.7623456790123457
      ],
      "minPos": {
        "x": -108,
        "y": -112,
        "z": 0
      },
      "maxPos": {
        "x": 108,
        "y": 112,
        "z": 0
      }
    },
    "texture": "a1933076-0547-40ba-9a8f-2822f9a769ad@6c48a",
    "packable": true,
    "pixelsToUnit": 100,
    "pivot": {
      "x": 0.5,
      "y": 0.5
    },
    "meshType": 0
  }
}