{
  "__type__": "cc.SpriteFrame",
  "content": {
    "name": "1_01",
    "atlas": "",
    "rect": {
      "x": 36,
      "y": 51,
      "width": 139,
      "height": 151
    },
    "offset": {
      "x": -4.5,
      "y": -16.5
    },
    "originalSize": {
      "width": 220,
      "height": 220
    },
    "rotated": false,
    "capInsets": [
      0,
      0,
      0,
      0
    ],
    "vertices": {
      "rawPosition": [
        -69.5,
        -75.5,
        0,
        69.5,
        -75.5,
        0,
        -69.5,
        75.5,
        0,
        69.5,
        75.5,
        0
      ],
      "indexes": [
        0,
        1,
        2,
        2,
        1,
        3
      ],
      "uv": [
        36,
        169,
        175,
        169,
        36,
        18,
        175,
        18
      ],
      "nuv": [
        0.16363636363636364,
        0.08181818181818182,
        0.7954545454545454,
        0.08181818181818182,
        0.16363636363636364,
        0.7681818181818182,
        0.7954545454545454,
        0.7681818181818182
      ],
      "minPos": {
        "x": -69.5,
        "y": -75.5,
        "z": 0
      },
      "maxPos": {
        "x": 69.5,
        "y": 75.5,
        "z": 0
      }
    },
    "texture": "a1c87fdd-a057-4364-9e6b-9f45a553f7e5@6c48a",
    "packable": true,
    "pixelsToUnit": 100,
    "pivot": {
      "x": 0.5,
      "y": 0.5
    },
    "meshType": 0
  }
}