{
  "__type__": "cc.SpriteFrame",
  "content": {
    "name": "1_04",
    "atlas": "",
    "rect": {
      "x": 47,
      "y": 57,
      "width": 128,
      "height": 139
    },
    "offset": {
      "x": 1,
      "y": -16.5
    },
    "originalSize": {
      "width": 220,
      "height": 220
    },
    "rotated": false,
    "capInsets": [
      0,
      0,
      0,
      0
    ],
    "vertices": {
      "rawPosition": [
        -64,
        -69.5,
        0,
        64,
        -69.5,
        0,
        -64,
        69.5,
        0,
        64,
        69.5,
        0
      ],
      "indexes": [
        0,
        1,
        2,
        2,
        1,
        3
      ],
      "uv": [
        47,
        163,
        175,
        163,
        47,
        24,
        175,
        24
      ],
      "nuv": [
        0.21363636363636362,
        0.10909090909090909,
        0.7954545454545454,
        0.10909090909090909,
        0.21363636363636362,
        0.740909090909091,
        0.7954545454545454,
        0.740909090909091
      ],
      "minPos": {
        "x": -64,
        "y": -69.5,
        "z": 0
      },
      "maxPos": {
        "x": 64,
        "y": 69.5,
        "z": 0
      }
    },
    "texture": "a1ff2057-e70a-493c-b038-f0812578ede4@6c48a",
    "packable": true,
    "pixelsToUnit": 100,
    "pivot": {
      "x": 0.5,
      "y": 0.5
    },
    "meshType": 0
  }
}