{
  "__type__": "cc.SpriteFrame",
  "content": {
    "name": "1_25",
    "atlas": "",
    "rect": {
      "x": 38,
      "y": 34,
      "width": 177,
      "height": 122
    },
    "offset": {
      "x": 16.5,
      "y": 15
    },
    "originalSize": {
      "width": 220,
      "height": 220
    },
    "rotated": false,
    "capInsets": [
      0,
      0,
      0,
      0
    ],
    "vertices": {
      "rawPosition": [
        -88.5,
        -61,
        0,
        88.5,
        -61,
        0,
        -88.5,
        61,
        0,
        88.5,
        61,
        0
      ],
      "indexes": [
        0,
        1,
        2,
        2,
        1,
        3
      ],
      "uv": [
        38,
        186,
        215,
        186,
        38,
        64,
        215,
        64
      ],
      "nuv": [
        0.17272727272727273,
        0.2909090909090909,
        0.9772727272727273,
        0.2909090909090909,
        0.17272727272727273,
        0.8454545454545455,
        0.9772727272727273,
        0.8454545454545455
      ],
      "minPos": {
        "x": -88.5,
        "y": -61,
        "z": 0
      },
      "maxPos": {
        "x": 88.5,
        "y": 61,
        "z": 0
      }
    },
    "texture": "af1142da-6269-43e0-8564-a58d4144675d@6c48a",
    "packable": true,
    "pixelsToUnit": 100,
    "pivot": {
      "x": 0.5,
      "y": 0.5
    },
    "meshType": 0
  }
}