{
  "__type__": "cc.SpriteFrame",
  "content": {
    "name": "tu01-stand_56",
    "atlas": "",
    "rect": {
      "x": 27,
      "y": 63,
      "width": 151,
      "height": 150
    },
    "offset": {
      "x": -7.5,
      "y": -28
    },
    "originalSize": {
      "width": 220,
      "height": 220
    },
    "rotated": false,
    "capInsets": [
      0,
      0,
      0,
      0
    ],
    "vertices": {
      "rawPosition": [
        -75.5,
        -75,
        0,
        75.5,
        -75,
        0,
        -75.5,
        75,
        0,
        75.5,
        75,
        0
      ],
      "indexes": [
        0,
        1,
        2,
        2,
        1,
        3
      ],
      "uv": [
        27,
        157,
        178,
        157,
        27,
        7,
        178,
        7
      ],
      "nuv": [
        0.12272727272727273,
        0.031818181818181815,
        0.8090909090909091,
        0.031818181818181815,
        0.12272727272727273,
        0.7136363636363636,
        0.8090909090909091,
        0.7136363636363636
      ],
      "minPos": {
        "x": -75.5,
        "y": -75,
        "z": 0
      },
      "maxPos": {
        "x": 75.5,
        "y": 75,
        "z": 0
      }
    },
    "texture": "af69edce-a7b4-460c-a3a6-3523f4a5bb13@6c48a",
    "packable": true,
    "pixelsToUnit": 100,
    "pivot": {
      "x": 0.5,
      "y": 0.5
    },
    "meshType": 0
  }
}