{
  "__type__": "cc.SpriteFrame",
  "content": {
    "name": "1_025",
    "atlas": "",
    "rect": {
      "x": 79,
      "y": 83,
      "width": 212,
      "height": 202
    },
    "offset": {
      "x": -2.5,
      "y": -22
    },
    "originalSize": {
      "width": 375,
      "height": 324
    },
    "rotated": false,
    "capInsets": [
      0,
      0,
      0,
      0
    ],
    "vertices": {
      "rawPosition": [
        -106,
        -101,
        0,
        106,
        -101,
        0,
        -106,
        101,
        0,
        106,
        101,
        0
      ],
      "indexes": [
        0,
        1,
        2,
        2,
        1,
        3
      ],
      "uv": [
        79,
        241,
        291,
        241,
        79,
        39,
        291,
        39
      ],
      "nuv": [
        0.21066666666666667,
        0.12037037037037036,
        0.776,
        0.12037037037037036,
        0.21066666666666667,
        0.7438271604938271,
        0.776,
        0.7438271604938271
      ],
      "minPos": {
        "x": -106,
        "y": -101,
        "z": 0
      },
      "maxPos": {
        "x": 106,
        "y": 101,
        "z": 0
      }
    },
    "texture": "af9a74ce-8123-471a-a430-844bde8ed1e5@6c48a",
    "packable": true,
    "pixelsToUnit": 100,
    "pivot": {
      "x": 0.5,
      "y": 0.5
    },
    "meshType": 0
  }
}