{
  "__type__": "cc.SpriteFrame",
  "content": {
    "name": "1_16",
    "atlas": "",
    "rect": {
      "x": 53,
      "y": 59,
      "width": 129,
      "height": 138
    },
    "offset": {
      "x": 7.5,
      "y": -18
    },
    "originalSize": {
      "width": 220,
      "height": 220
    },
    "rotated": false,
    "capInsets": [
      0,
      0,
      0,
      0
    ],
    "vertices": {
      "rawPosition": [
        -64.5,
        -69,
        0,
        64.5,
        -69,
        0,
        -64.5,
        69,
        0,
        64.5,
        69,
        0
      ],
      "indexes": [
        0,
        1,
        2,
        2,
        1,
        3
      ],
      "uv": [
        53,
        161,
        182,
        161,
        53,
        23,
        182,
        23
      ],
      "nuv": [
        0.2409090909090909,
        0.10454545454545454,
        0.8272727272727273,
        0.10454545454545454,
        0.2409090909090909,
        0.7318181818181818,
        0.8272727272727273,
        0.7318181818181818
      ],
      "minPos": {
        "x": -64.5,
        "y": -69,
        "z": 0
      },
      "maxPos": {
        "x": 64.5,
        "y": 69,
        "z": 0
      }
    },
    "texture": "afe58306-69e7-4524-8007-e9608d25d678@6c48a",
    "packable": true,
    "pixelsToUnit": 100,
    "pivot": {
      "x": 0.5,
      "y": 0.5
    },
    "meshType": 0
  }
}