{
  "__type__": "cc.SpriteFrame",
  "content": {
    "name": "1_07",
    "atlas": "",
    "rect": {
      "x": 46,
      "y": 45,
      "width": 129,
      "height": 129
    },
    "offset": {
      "x": 0.5,
      "y": 0.5
    },
    "originalSize": {
      "width": 220,
      "height": 220
    },
    "rotated": false,
    "capInsets": [
      0,
      0,
      0,
      0
    ],
    "vertices": {
      "rawPosition": [
        -64.5,
        -64.5,
        0,
        64.5,
        -64.5,
        0,
        -64.5,
        64.5,
        0,
        64.5,
        64.5,
        0
      ],
      "indexes": [
        0,
        1,
        2,
        2,
        1,
        3
      ],
      "uv": [
        46,
        175,
        175,
        175,
        46,
        46,
        175,
        46
      ],
      "nuv": [
        0.20909090909090908,
        0.20909090909090908,
        0.7954545454545454,
        0.20909090909090908,
        0.20909090909090908,
        0.7954545454545454,
        0.7954545454545454,
        0.7954545454545454
      ],
      "minPos": {
        "x": -64.5,
        "y": -64.5,
        "z": 0
      },
      "maxPos": {
        "x": 64.5,
        "y": 64.5,
        "z": 0
      }
    },
    "texture": "bc252b38-84e9-434e-9866-8d85353cfc47@6c48a",
    "packable": true,
    "pixelsToUnit": 100,
    "pivot": {
      "x": 0.5,
      "y": 0.5
    },
    "meshType": 0
  }
}