{
  "__type__": "cc.SpriteFrame",
  "content": {
    "name": "sit2_idle_13",
    "atlas": "",
    "rect": {
      "x": 24,
      "y": 42,
      "width": 66,
      "height": 142
    },
    "offset": {
      "x": -3,
      "y": -15.5
    },
    "originalSize": {
      "width": 120,
      "height": 195
    },
    "rotated": false,
    "capInsets": [
      0,
      0,
      0,
      0
    ],
    "vertices": {
      "rawPosition": [
        -33,
        -71,
        0,
        33,
        -71,
        0,
        -33,
        71,
        0,
        33,
        71,
        0
      ],
      "indexes": [
        0,
        1,
        2,
        2,
        1,
        3
      ],
      "uv": [
        24,
        153,
        90,
        153,
        24,
        11,
        90,
        11
      ],
      "nuv": [
        0.2,
        0.05641025641025641,
        0.75,
        0.05641025641025641,
        0.2,
        0.7846153846153846,
        0.75,
        0.7846153846153846
      ],
      "minPos": {
        "x": -33,
        "y": -71,
        "z": 0
      },
      "maxPos": {
        "x": 33,
        "y": 71,
        "z": 0
      }
    },
    "texture": "bc2c7319-104b-4c94-973e-1fcdbffcb1c5@6c48a",
    "packable": true,
    "pixelsToUnit": 100,
    "pivot": {
      "x": 0.5,
      "y": 0.5
    },
    "meshType": 0
  }
}