{
  "__type__": "cc.SpriteFrame",
  "content": {
    "name": "sit2_idle_00",
    "atlas": "",
    "rect": {
      "x": 24,
      "y": 42,
      "width": 65,
      "height": 142
    },
    "offset": {
      "x": -3.5,
      "y": -15.5
    },
    "originalSize": {
      "width": 120,
      "height": 195
    },
    "rotated": false,
    "capInsets": [
      0,
      0,
      0,
      0
    ],
    "vertices": {
      "rawPosition": [
        -32.5,
        -71,
        0,
        32.5,
        -71,
        0,
        -32.5,
        71,
        0,
        32.5,
        71,
        0
      ],
      "indexes": [
        0,
        1,
        2,
        2,
        1,
        3
      ],
      "uv": [
        24,
        153,
        89,
        153,
        24,
        11,
        89,
        11
      ],
      "nuv": [
        0.2,
        0.05641025641025641,
        0.7416666666666667,
        0.05641025641025641,
        0.2,
        0.7846153846153846,
        0.7416666666666667,
        0.7846153846153846
      ],
      "minPos": {
        "x": -32.5,
        "y": -71,
        "z": 0
      },
      "maxPos": {
        "x": 32.5,
        "y": 71,
        "z": 0
      }
    },
    "texture": "12199b4c-ca99-42c3-aecb-699cdba67a01@6c48a",
    "packable": true,
    "pixelsToUnit": 100,
    "pivot": {
      "x": 0.5,
      "y": 0.5
    },
    "meshType": 0
  }
}