{
  "__type__": "cc.SpriteFrame",
  "content": {
    "name": "1_146",
    "atlas": "",
    "rect": {
      "x": 79,
      "y": 111,
      "width": 209,
      "height": 190
    },
    "offset": {
      "x": -4,
      "y": -44
    },
    "originalSize": {
      "width": 375,
      "height": 324
    },
    "rotated": false,
    "capInsets": [
      0,
      0,
      0,
      0
    ],
    "vertices": {
      "rawPosition": [
        -104.5,
        -95,
        0,
        104.5,
        -95,
        0,
        -104.5,
        95,
        0,
        104.5,
        95,
        0
      ],
      "indexes": [
        0,
        1,
        2,
        2,
        1,
        3
      ],
      "uv": [
        79,
        213,
        288,
        213,
        79,
        23,
        288,
        23
      ],
      "nuv": [
        0.21066666666666667,
        0.07098765432098765,
        0.768,
        0.07098765432098765,
        0.21066666666666667,
        0.6574074074074074,
        0.768,
        0.6574074074074074
      ],
      "minPos": {
        "x": -104.5,
        "y": -95,
        "z": 0
      },
      "maxPos": {
        "x": 104.5,
        "y": 95,
        "z": 0
      }
    },
    "texture": "126e41ec-2c4f-4816-9849-6c43f14ccf09@6c48a",
    "packable": true,
    "pixelsToUnit": 100,
    "pivot": {
      "x": 0.5,
      "y": 0.5
    },
    "meshType": 0
  }
}