{
  "__type__": "cc.SpriteFrame",
  "content": {
    "name": "tu01-stand1_31",
    "atlas": "",
    "rect": {
      "x": 40,
      "y": 63,
      "width": 130,
      "height": 150
    },
    "offset": {
      "x": -5,
      "y": -28
    },
    "originalSize": {
      "width": 220,
      "height": 220
    },
    "rotated": false,
    "capInsets": [
      0,
      0,
      0,
      0
    ],
    "vertices": {
      "rawPosition": [
        -65,
        -75,
        0,
        65,
        -75,
        0,
        -65,
        75,
        0,
        65,
        75,
        0
      ],
      "indexes": [
        0,
        1,
        2,
        2,
        1,
        3
      ],
      "uv": [
        40,
        157,
        170,
        157,
        40,
        7,
        170,
        7
      ],
      "nuv": [
        0.18181818181818182,
        0.031818181818181815,
        0.7727272727272727,
        0.031818181818181815,
        0.18181818181818182,
        0.7136363636363636,
        0.7727272727272727,
        0.7136363636363636
      ],
      "minPos": {
        "x": -65,
        "y": -75,
        "z": 0
      },
      "maxPos": {
        "x": 65,
        "y": 75,
        "z": 0
      }
    },
    "texture": "128e741a-4b46-4232-b501-d74cb97f0fba@6c48a",
    "packable": true,
    "pixelsToUnit": 100,
    "pivot": {
      "x": 0.5,
      "y": 0.5
    },
    "meshType": 0
  }
}