{
  "__type__": "cc.SpriteFrame",
  "content": {
    "name": "1_20",
    "atlas": "",
    "rect": {
      "x": 35,
      "y": 42,
      "width": 169,
      "height": 127
    },
    "offset": {
      "x": 9.5,
      "y": 4.5
    },
    "originalSize": {
      "width": 220,
      "height": 220
    },
    "rotated": false,
    "capInsets": [
      0,
      0,
      0,
      0
    ],
    "vertices": {
      "rawPosition": [
        -84.5,
        -63.5,
        0,
        84.5,
        -63.5,
        0,
        -84.5,
        63.5,
        0,
        84.5,
        63.5,
        0
      ],
      "indexes": [
        0,
        1,
        2,
        2,
        1,
        3
      ],
      "uv": [
        35,
        178,
        204,
        178,
        35,
        51,
        204,
        51
      ],
      "nuv": [
        0.1590909090909091,
        0.2318181818181818,
        0.9272727272727272,
        0.2318181818181818,
        0.1590909090909091,
        0.8090909090909091,
        0.9272727272727272,
        0.8090909090909091
      ],
      "minPos": {
        "x": -84.5,
        "y": -63.5,
        "z": 0
      },
      "maxPos": {
        "x": 84.5,
        "y": 63.5,
        "z": 0
      }
    },
    "texture": "12ad26e5-b1bd-453e-8225-b4ba684dabfb@6c48a",
    "packable": true,
    "pixelsToUnit": 100,
    "pivot": {
      "x": 0.5,
      "y": 0.5
    },
    "meshType": 0
  }
}