{
  "__type__": "cc.SpriteFrame",
  "content": {
    "name": "1_26",
    "atlas": "",
    "rect": {
      "x": 37,
      "y": 44,
      "width": 141,
      "height": 162
    },
    "offset": {
      "x": -2.5,
      "y": -15
    },
    "originalSize": {
      "width": 220,
      "height": 220
    },
    "rotated": false,
    "capInsets": [
      0,
      0,
      0,
      0
    ],
    "vertices": {
      "rawPosition": [
        -70.5,
        -81,
        0,
        70.5,
        -81,
        0,
        -70.5,
        81,
        0,
        70.5,
        81,
        0
      ],
      "indexes": [
        0,
        1,
        2,
        2,
        1,
        3
      ],
      "uv": [
        37,
        176,
        178,
        176,
        37,
        14,
        178,
        14
      ],
      "nuv": [
        0.16818181818181818,
        0.06363636363636363,
        0.8090909090909091,
        0.06363636363636363,
        0.16818181818181818,
        0.8,
        0.8090909090909091,
        0.8
      ],
      "minPos": {
        "x": -70.5,
        "y": -81,
        "z": 0
      },
      "maxPos": {
        "x": 70.5,
        "y": 81,
        "z": 0
      }
    },
    "texture": "12ec1c8c-65de-4fe4-afbd-e1c50a2b48d8@6c48a",
    "packable": true,
    "pixelsToUnit": 100,
    "pivot": {
      "x": 0.5,
      "y": 0.5
    },
    "meshType": 0
  }
}