{
  "__type__": "cc.SpriteFrame",
  "content": {
    "name": "1_16",
    "atlas": "",
    "rect": {
      "x": 40,
      "y": 55,
      "width": 129,
      "height": 141
    },
    "offset": {
      "x": -5.5,
      "y": -15.5
    },
    "originalSize": {
      "width": 220,
      "height": 220
    },
    "rotated": false,
    "capInsets": [
      0,
      0,
      0,
      0
    ],
    "vertices": {
      "rawPosition": [
        -64.5,
        -70.5,
        0,
        64.5,
        -70.5,
        0,
        -64.5,
        70.5,
        0,
        64.5,
        70.5,
        0
      ],
      "indexes": [
        0,
        1,
        2,
        2,
        1,
        3
      ],
      "uv": [
        40,
        165,
        169,
        165,
        40,
        24,
        169,
        24
      ],
      "nuv": [
        0.18181818181818182,
        0.10909090909090909,
        0.7681818181818182,
        0.10909090909090909,
        0.18181818181818182,
        0.75,
        0.7681818181818182,
        0.75
      ],
      "minPos": {
        "x": -64.5,
        "y": -70.5,
        "z": 0
      },
      "maxPos": {
        "x": 64.5,
        "y": 70.5,
        "z": 0
      }
    },
    "texture": "ce0a5f09-ac05-4966-8b32-c41dbb506051@6c48a",
    "packable": true,
    "pixelsToUnit": 100,
    "pivot": {
      "x": 0.5,
      "y": 0.5
    },
    "meshType": 0
  }
}