{
  "__type__": "cc.SpriteFrame",
  "content": {
    "name": "1_29",
    "atlas": "",
    "rect": {
      "x": 14,
      "y": 82,
      "width": 218,
      "height": 222
    },
    "offset": {
      "x": -17.5,
      "y": -27.5
    },
    "originalSize": {
      "width": 281,
      "height": 331
    },
    "rotated": false,
    "capInsets": [
      0,
      0,
      0,
      0
    ],
    "vertices": {
      "rawPosition": [
        -109,
        -111,
        0,
        109,
        -111,
        0,
        -109,
        111,
        0,
        109,
        111,
        0
      ],
      "indexes": [
        0,
        1,
        2,
        2,
        1,
        3
      ],
      "uv": [
        14,
        249,
        232,
        249,
        14,
        27,
        232,
        27
      ],
      "nuv": [
        0.0498220640569395,
        0.08157099697885196,
        0.8256227758007118,
        0.08157099697885196,
        0.0498220640569395,
        0.7522658610271903,
        0.8256227758007118,
        0.7522658610271903
      ],
      "minPos": {
        "x": -109,
        "y": -111,
        "z": 0
      },
      "maxPos": {
        "x": 109,
        "y": 111,
        "z": 0
      }
    },
    "texture": "ce7bde85-6a14-4cdd-8fd1-a07d1c5fc6e6@6c48a",
    "packable": true,
    "pixelsToUnit": 100,
    "pivot": {
      "x": 0.5,
      "y": 0.5
    },
    "meshType": 0
  }
}