{
  "__type__": "cc.SpriteFrame",
  "content": {
    "name": "tu01-stand1_66",
    "atlas": "",
    "rect": {
      "x": 41,
      "y": 63,
      "width": 129,
      "height": 150
    },
    "offset": {
      "x": -4.5,
      "y": -28
    },
    "originalSize": {
      "width": 220,
      "height": 220
    },
    "rotated": false,
    "capInsets": [
      0,
      0,
      0,
      0
    ],
    "vertices": {
      "rawPosition": [
        -64.5,
        -75,
        0,
        64.5,
        -75,
        0,
        -64.5,
        75,
        0,
        64.5,
        75,
        0
      ],
      "indexes": [
        0,
        1,
        2,
        2,
        1,
        3
      ],
      "uv": [
        41,
        157,
        170,
        157,
        41,
        7,
        170,
        7
      ],
      "nuv": [
        0.18636363636363637,
        0.031818181818181815,
        0.7727272727272727,
        0.031818181818181815,
        0.18636363636363637,
        0.7136363636363636,
        0.7727272727272727,
        0.7136363636363636
      ],
      "minPos": {
        "x": -64.5,
        "y": -75,
        "z": 0
      },
      "maxPos": {
        "x": 64.5,
        "y": 75,
        "z": 0
      }
    },
    "texture": "ce83aea1-6994-40c9-97f4-ff263156a05e@6c48a",
    "packable": true,
    "pixelsToUnit": 100,
    "pivot": {
      "x": 0.5,
      "y": 0.5
    },
    "meshType": 0
  }
}