{
  "__type__": "cc.SpriteFrame",
  "content": {
    "name": "1_27",
    "atlas": "",
    "rect": {
      "x": 16,
      "y": 96,
      "width": 213,
      "height": 206
    },
    "offset": {
      "x": -18,
      "y": -33.5
    },
    "originalSize": {
      "width": 281,
      "height": 331
    },
    "rotated": false,
    "capInsets": [
      0,
      0,
      0,
      0
    ],
    "vertices": {
      "rawPosition": [
        -106.5,
        -103,
        0,
        106.5,
        -103,
        0,
        -106.5,
        103,
        0,
        106.5,
        103,
        0
      ],
      "indexes": [
        0,
        1,
        2,
        2,
        1,
        3
      ],
      "uv": [
        16,
        235,
        229,
        235,
        16,
        29,
        229,
        29
      ],
      "nuv": [
        0.05693950177935943,
        0.08761329305135952,
        0.8149466192170819,
        0.08761329305135952,
        0.05693950177935943,
        0.7099697885196374,
        0.8149466192170819,
        0.7099697885196374
      ],
      "minPos": {
        "x": -106.5,
        "y": -103,
        "z": 0
      },
      "maxPos": {
        "x": 106.5,
        "y": 103,
        "z": 0
      }
    },
    "texture": "cea206b7-929f-4016-8315-d7b7e5212049@6c48a",
    "packable": true,
    "pixelsToUnit": 100,
    "pivot": {
      "x": 0.5,
      "y": 0.5
    },
    "meshType": 0
  }
}