{
  "__type__": "cc.SpriteFrame",
  "content": {
    "name": "1_29",
    "atlas": "",
    "rect": {
      "x": 61,
      "y": 43,
      "width": 141,
      "height": 162
    },
    "offset": {
      "x": 21.5,
      "y": -14
    },
    "originalSize": {
      "width": 220,
      "height": 220
    },
    "rotated": false,
    "capInsets": [
      0,
      0,
      0,
      0
    ],
    "vertices": {
      "rawPosition": [
        -70.5,
        -81,
        0,
        70.5,
        -81,
        0,
        -70.5,
        81,
        0,
        70.5,
        81,
        0
      ],
      "indexes": [
        0,
        1,
        2,
        2,
        1,
        3
      ],
      "uv": [
        61,
        177,
        202,
        177,
        61,
        15,
        202,
        15
      ],
      "nuv": [
        0.2772727272727273,
        0.06818181818181818,
        0.9181818181818182,
        0.06818181818181818,
        0.2772727272727273,
        0.8045454545454546,
        0.9181818181818182,
        0.8045454545454546
      ],
      "minPos": {
        "x": -70.5,
        "y": -81,
        "z": 0
      },
      "maxPos": {
        "x": 70.5,
        "y": 81,
        "z": 0
      }
    },
    "texture": "ceaa4001-a8d4-4722-8ba6-cdf487dd888d@6c48a",
    "packable": true,
    "pixelsToUnit": 100,
    "pivot": {
      "x": 0.5,
      "y": 0.5
    },
    "meshType": 0
  }
}