{
  "__type__": "cc.SpriteFrame",
  "content": {
    "name": "1_37",
    "atlas": "",
    "rect": {
      "x": 41,
      "y": 48,
      "width": 145,
      "height": 160
    },
    "offset": {
      "x": 3.5,
      "y": -18
    },
    "originalSize": {
      "width": 220,
      "height": 220
    },
    "rotated": false,
    "capInsets": [
      0,
      0,
      0,
      0
    ],
    "vertices": {
      "rawPosition": [
        -72.5,
        -80,
        0,
        72.5,
        -80,
        0,
        -72.5,
        80,
        0,
        72.5,
        80,
        0
      ],
      "indexes": [
        0,
        1,
        2,
        2,
        1,
        3
      ],
      "uv": [
        41,
        172,
        186,
        172,
        41,
        12,
        186,
        12
      ],
      "nuv": [
        0.18636363636363637,
        0.05454545454545454,
        0.8454545454545455,
        0.05454545454545454,
        0.18636363636363637,
        0.7818181818181819,
        0.8454545454545455,
        0.7818181818181819
      ],
      "minPos": {
        "x": -72.5,
        "y": -80,
        "z": 0
      },
      "maxPos": {
        "x": 72.5,
        "y": 80,
        "z": 0
      }
    },
    "texture": "cec30e34-8664-49f7-be3d-aae3a3ad24fc@6c48a",
    "packable": true,
    "pixelsToUnit": 100,
    "pivot": {
      "x": 0.5,
      "y": 0.5
    },
    "meshType": 0
  }
}