{
  "__type__": "cc.SpriteFrame",
  "content": {
    "name": "1_26",
    "atlas": "",
    "rect": {
      "x": 49,
      "y": 54,
      "width": 135,
      "height": 148
    },
    "offset": {
      "x": 6.5,
      "y": -18
    },
    "originalSize": {
      "width": 220,
      "height": 220
    },
    "rotated": false,
    "capInsets": [
      0,
      0,
      0,
      0
    ],
    "vertices": {
      "rawPosition": [
        -67.5,
        -74,
        0,
        67.5,
        -74,
        0,
        -67.5,
        74,
        0,
        67.5,
        74,
        0
      ],
      "indexes": [
        0,
        1,
        2,
        2,
        1,
        3
      ],
      "uv": [
        49,
        166,
        184,
        166,
        49,
        18,
        184,
        18
      ],
      "nuv": [
        0.22272727272727272,
        0.08181818181818182,
        0.8363636363636363,
        0.08181818181818182,
        0.22272727272727272,
        0.7545454545454545,
        0.8363636363636363,
        0.7545454545454545
      ],
      "minPos": {
        "x": -67.5,
        "y": -74,
        "z": 0
      },
      "maxPos": {
        "x": 67.5,
        "y": 74,
        "z": 0
      }
    },
    "texture": "cecb4ef0-d077-4092-a153-8ca85c11dc25@6c48a",
    "packable": true,
    "pixelsToUnit": 100,
    "pivot": {
      "x": 0.5,
      "y": 0.5
    },
    "meshType": 0
  }
}