{
  "__type__": "cc.SpriteFrame",
  "content": {
    "name": "1_50",
    "atlas": "",
    "rect": {
      "x": 41,
      "y": 50,
      "width": 138,
      "height": 152
    },
    "offset": {
      "x": 0,
      "y": -16
    },
    "originalSize": {
      "width": 220,
      "height": 220
    },
    "rotated": false,
    "capInsets": [
      0,
      0,
      0,
      0
    ],
    "vertices": {
      "rawPosition": [
        -69,
        -76,
        0,
        69,
        -76,
        0,
        -69,
        76,
        0,
        69,
        76,
        0
      ],
      "indexes": [
        0,
        1,
        2,
        2,
        1,
        3
      ],
      "uv": [
        41,
        170,
        179,
        170,
        41,
        18,
        179,
        18
      ],
      "nuv": [
        0.18636363636363637,
        0.08181818181818182,
        0.8136363636363636,
        0.08181818181818182,
        0.18636363636363637,
        0.7727272727272727,
        0.8136363636363636,
        0.7727272727272727
      ],
      "minPos": {
        "x": -69,
        "y": -76,
        "z": 0
      },
      "maxPos": {
        "x": 69,
        "y": 76,
        "z": 0
      }
    },
    "texture": "cefd7182-2bcd-4f80-951d-cd0a8f3456e1@6c48a",
    "packable": true,
    "pixelsToUnit": 100,
    "pivot": {
      "x": 0.5,
      "y": 0.5
    },
    "meshType": 0
  }
}