{
  "__type__": "cc.SpriteFrame",
  "content": {
    "name": "1_19",
    "atlas": "",
    "rect": {
      "x": 55,
      "y": 59,
      "width": 129,
      "height": 138
    },
    "offset": {
      "x": 9.5,
      "y": -18
    },
    "originalSize": {
      "width": 220,
      "height": 220
    },
    "rotated": false,
    "capInsets": [
      0,
      0,
      0,
      0
    ],
    "vertices": {
      "rawPosition": [
        -64.5,
        -69,
        0,
        64.5,
        -69,
        0,
        -64.5,
        69,
        0,
        64.5,
        69,
        0
      ],
      "indexes": [
        0,
        1,
        2,
        2,
        1,
        3
      ],
      "uv": [
        55,
        161,
        184,
        161,
        55,
        23,
        184,
        23
      ],
      "nuv": [
        0.25,
        0.10454545454545454,
        0.8363636363636363,
        0.10454545454545454,
        0.25,
        0.7318181818181818,
        0.8363636363636363,
        0.7318181818181818
      ],
      "minPos": {
        "x": -64.5,
        "y": -69,
        "z": 0
      },
      "maxPos": {
        "x": 64.5,
        "y": 69,
        "z": 0
      }
    },
    "texture": "5a6bbb66-9894-473c-a8e6-667466e2d381@6c48a",
    "packable": true,
    "pixelsToUnit": 100,
    "pivot": {
      "x": 0.5,
      "y": 0.5
    },
    "meshType": 0
  }
}