{
  "__type__": "cc.SpriteFrame",
  "content": {
    "name": "1_57",
    "atlas": "",
    "rect": {
      "x": 10,
      "y": 83,
      "width": 151,
      "height": 56
    },
    "offset": {
      "x": -24.5,
      "y": -1
    },
    "originalSize": {
      "width": 220,
      "height": 220
    },
    "rotated": false,
    "capInsets": [
      0,
      0,
      0,
      0
    ],
    "vertices": {
      "rawPosition": [
        -75.5,
        -28,
        0,
        75.5,
        -28,
        0,
        -75.5,
        28,
        0,
        75.5,
        28,
        0
      ],
      "indexes": [
        0,
        1,
        2,
        2,
        1,
        3
      ],
      "uv": [
        10,
        137,
        161,
        137,
        10,
        81,
        161,
        81
      ],
      "nuv": [
        0.045454545454545456,
        0.36818181818181817,
        0.7318181818181818,
        0.36818181818181817,
        0.045454545454545456,
        0.6227272727272727,
        0.7318181818181818,
        0.6227272727272727
      ],
      "minPos": {
        "x": -75.5,
        "y": -28,
        "z": 0
      },
      "maxPos": {
        "x": 75.5,
        "y": 28,
        "z": 0
      }
    },
    "texture": "5a858588-0d38-4da9-ab13-3891163f6852@6c48a",
    "packable": true,
    "pixelsToUnit": 100,
    "pivot": {
      "x": 0.5,
      "y": 0.5
    },
    "meshType": 0
  }
}