{
  "__type__": "cc.SpriteFrame",
  "content": {
    "name": "tu01-stand_12",
    "atlas": "",
    "rect": {
      "x": 36,
      "y": 64,
      "width": 153,
      "height": 149
    },
    "offset": {
      "x": 2.5,
      "y": -28.5
    },
    "originalSize": {
      "width": 220,
      "height": 220
    },
    "rotated": false,
    "capInsets": [
      0,
      0,
      0,
      0
    ],
    "vertices": {
      "rawPosition": [
        -76.5,
        -74.5,
        0,
        76.5,
        -74.5,
        0,
        -76.5,
        74.5,
        0,
        76.5,
        74.5,
        0
      ],
      "indexes": [
        0,
        1,
        2,
        2,
        1,
        3
      ],
      "uv": [
        36,
        156,
        189,
        156,
        36,
        7,
        189,
        7
      ],
      "nuv": [
        0.16363636363636364,
        0.031818181818181815,
        0.8590909090909091,
        0.031818181818181815,
        0.16363636363636364,
        0.7090909090909091,
        0.8590909090909091,
        0.7090909090909091
      ],
      "minPos": {
        "x": -76.5,
        "y": -74.5,
        "z": 0
      },
      "maxPos": {
        "x": 76.5,
        "y": 74.5,
        "z": 0
      }
    },
    "texture": "5af1016f-ac6d-4a96-8358-1058d17cd732@6c48a",
    "packable": true,
    "pixelsToUnit": 100,
    "pivot": {
      "x": 0.5,
      "y": 0.5
    },
    "meshType": 0
  }
}