{
  "__type__": "cc.SpriteFrame",
  "content": {
    "name": "1_18",
    "atlas": "",
    "rect": {
      "x": 47,
      "y": 50,
      "width": 149,
      "height": 158
    },
    "offset": {
      "x": 11.5,
      "y": -19
    },
    "originalSize": {
      "width": 220,
      "height": 220
    },
    "rotated": false,
    "capInsets": [
      0,
      0,
      0,
      0
    ],
    "vertices": {
      "rawPosition": [
        -74.5,
        -79,
        0,
        74.5,
        -79,
        0,
        -74.5,
        79,
        0,
        74.5,
        79,
        0
      ],
      "indexes": [
        0,
        1,
        2,
        2,
        1,
        3
      ],
      "uv": [
        47,
        170,
        196,
        170,
        47,
        12,
        196,
        12
      ],
      "nuv": [
        0.21363636363636362,
        0.05454545454545454,
        0.8909090909090909,
        0.05454545454545454,
        0.21363636363636362,
        0.7727272727272727,
        0.8909090909090909,
        0.7727272727272727
      ],
      "minPos": {
        "x": -74.5,
        "y": -79,
        "z": 0
      },
      "maxPos": {
        "x": 74.5,
        "y": 79,
        "z": 0
      }
    },
    "texture": "5af6ceae-cfa6-42f0-9dd2-f2c10cb18b2d@6c48a",
    "packable": true,
    "pixelsToUnit": 100,
    "pivot": {
      "x": 0.5,
      "y": 0.5
    },
    "meshType": 0
  }
}