{
  "__type__": "cc.SpriteFrame",
  "content": {
    "name": "move_06",
    "atlas": "",
    "rect": {
      "x": 45,
      "y": 22,
      "width": 49,
      "height": 162
    },
    "offset": {
      "x": 9.5,
      "y": -5.5
    },
    "originalSize": {
      "width": 120,
      "height": 195
    },
    "rotated": false,
    "capInsets": [
      0,
      0,
      0,
      0
    ],
    "vertices": {
      "rawPosition": [
        -24.5,
        -81,
        0,
        24.5,
        -81,
        0,
        -24.5,
        81,
        0,
        24.5,
        81,
        0
      ],
      "indexes": [
        0,
        1,
        2,
        2,
        1,
        3
      ],
      "uv": [
        45,
        173,
        94,
        173,
        45,
        11,
        94,
        11
      ],
      "nuv": [
        0.375,
        0.05641025641025641,
        0.7833333333333333,
        0.05641025641025641,
        0.375,
        0.8871794871794871,
        0.7833333333333333,
        0.8871794871794871
      ],
      "minPos": {
        "x": -24.5,
        "y": -81,
        "z": 0
      },
      "maxPos": {
        "x": 24.5,
        "y": 81,
        "z": 0
      }
    },
    "texture": "e0720af1-423e-440a-9ac4-c4289b75cbd9@6c48a",
    "packable": true,
    "pixelsToUnit": 100,
    "pivot": {
      "x": 0.5,
      "y": 0.5
    },
    "meshType": 0
  }
}