{
  "__type__": "cc.SpriteFrame",
  "content": {
    "name": "1_19",
    "atlas": "",
    "rect": {
      "x": 56,
      "y": 49,
      "width": 139,
      "height": 159
    },
    "offset": {
      "x": 15.5,
      "y": -18.5
    },
    "originalSize": {
      "width": 220,
      "height": 220
    },
    "rotated": false,
    "capInsets": [
      0,
      0,
      0,
      0
    ],
    "vertices": {
      "rawPosition": [
        -69.5,
        -79.5,
        0,
        69.5,
        -79.5,
        0,
        -69.5,
        79.5,
        0,
        69.5,
        79.5,
        0
      ],
      "indexes": [
        0,
        1,
        2,
        2,
        1,
        3
      ],
      "uv": [
        56,
        171,
        195,
        171,
        56,
        12,
        195,
        12
      ],
      "nuv": [
        0.2545454545454545,
        0.05454545454545454,
        0.8863636363636364,
        0.05454545454545454,
        0.2545454545454545,
        0.7772727272727272,
        0.8863636363636364,
        0.7772727272727272
      ],
      "minPos": {
        "x": -69.5,
        "y": -79.5,
        "z": 0
      },
      "maxPos": {
        "x": 69.5,
        "y": 79.5,
        "z": 0
      }
    },
    "texture": "e0a539f3-7878-48d1-b04f-8a44e96e5816@6c48a",
    "packable": true,
    "pixelsToUnit": 100,
    "pivot": {
      "x": 0.5,
      "y": 0.5
    },
    "meshType": 0
  }
}