{
  "__type__": "cc.SpriteFrame",
  "content": {
    "name": "1_37",
    "atlas": "",
    "rect": {
      "x": 43,
      "y": 39,
      "width": 132,
      "height": 166
    },
    "offset": {
      "x": -1,
      "y": -12
    },
    "originalSize": {
      "width": 220,
      "height": 220
    },
    "rotated": false,
    "capInsets": [
      0,
      0,
      0,
      0
    ],
    "vertices": {
      "rawPosition": [
        -66,
        -83,
        0,
        66,
        -83,
        0,
        -66,
        83,
        0,
        66,
        83,
        0
      ],
      "indexes": [
        0,
        1,
        2,
        2,
        1,
        3
      ],
      "uv": [
        43,
        181,
        175,
        181,
        43,
        15,
        175,
        15
      ],
      "nuv": [
        0.19545454545454546,
        0.06818181818181818,
        0.7954545454545454,
        0.06818181818181818,
        0.19545454545454546,
        0.8227272727272728,
        0.7954545454545454,
        0.8227272727272728
      ],
      "minPos": {
        "x": -66,
        "y": -83,
        "z": 0
      },
      "maxPos": {
        "x": 66,
        "y": 83,
        "z": 0
      }
    },
    "texture": "e0e22d67-d574-4048-b467-8c59406729ea@6c48a",
    "packable": true,
    "pixelsToUnit": 100,
    "pivot": {
      "x": 0.5,
      "y": 0.5
    },
    "meshType": 0
  }
}