{
  "__type__": "cc.SpriteFrame",
  "content": {
    "name": "tu01-stand1_88",
    "atlas": "",
    "rect": {
      "x": 28,
      "y": 64,
      "width": 179,
      "height": 149
    },
    "offset": {
      "x": 7.5,
      "y": -28.5
    },
    "originalSize": {
      "width": 220,
      "height": 220
    },
    "rotated": false,
    "capInsets": [
      0,
      0,
      0,
      0
    ],
    "vertices": {
      "rawPosition": [
        -89.5,
        -74.5,
        0,
        89.5,
        -74.5,
        0,
        -89.5,
        74.5,
        0,
        89.5,
        74.5,
        0
      ],
      "indexes": [
        0,
        1,
        2,
        2,
        1,
        3
      ],
      "uv": [
        28,
        156,
        207,
        156,
        28,
        7,
        207,
        7
      ],
      "nuv": [
        0.12727272727272726,
        0.031818181818181815,
        0.9409090909090909,
        0.031818181818181815,
        0.12727272727272726,
        0.7090909090909091,
        0.9409090909090909,
        0.7090909090909091
      ],
      "minPos": {
        "x": -89.5,
        "y": -74.5,
        "z": 0
      },
      "maxPos": {
        "x": 89.5,
        "y": 74.5,
        "z": 0
      }
    },
    "texture": "e0e598df-e6cb-4a46-97cf-98a6adbe96e2@6c48a",
    "packable": true,
    "pixelsToUnit": 100,
    "pivot": {
      "x": 0.5,
      "y": 0.5
    },
    "meshType": 0
  }
}