{
  "__type__": "cc.SpriteFrame",
  "content": {
    "name": "1_37",
    "atlas": "",
    "rect": {
      "x": 31,
      "y": 46,
      "width": 156,
      "height": 160
    },
    "offset": {
      "x": -1,
      "y": -16
    },
    "originalSize": {
      "width": 220,
      "height": 220
    },
    "rotated": false,
    "capInsets": [
      0,
      0,
      0,
      0
    ],
    "vertices": {
      "rawPosition": [
        -78,
        -80,
        0,
        78,
        -80,
        0,
        -78,
        80,
        0,
        78,
        80,
        0
      ],
      "indexes": [
        0,
        1,
        2,
        2,
        1,
        3
      ],
      "uv": [
        31,
        174,
        187,
        174,
        31,
        14,
        187,
        14
      ],
      "nuv": [
        0.1409090909090909,
        0.06363636363636363,
        0.85,
        0.06363636363636363,
        0.1409090909090909,
        0.7909090909090909,
        0.85,
        0.7909090909090909
      ],
      "minPos": {
        "x": -78,
        "y": -80,
        "z": 0
      },
      "maxPos": {
        "x": 78,
        "y": 80,
        "z": 0
      }
    },
    "texture": "b304db41-a72d-4fae-8d69-aed365905f0f@6c48a",
    "packable": true,
    "pixelsToUnit": 100,
    "pivot": {
      "x": 0.5,
      "y": 0.5
    },
    "meshType": 0
  }
}