{
  "__type__": "cc.SpriteFrame",
  "content": {
    "name": "1_22",
    "atlas": "",
    "rect": {
      "x": 45,
      "y": 48,
      "width": 147,
      "height": 153
    },
    "offset": {
      "x": 8.5,
      "y": -14.5
    },
    "originalSize": {
      "width": 220,
      "height": 220
    },
    "rotated": false,
    "capInsets": [
      0,
      0,
      0,
      0
    ],
    "vertices": {
      "rawPosition": [
        -73.5,
        -76.5,
        0,
        73.5,
        -76.5,
        0,
        -73.5,
        76.5,
        0,
        73.5,
        76.5,
        0
      ],
      "indexes": [
        0,
        1,
        2,
        2,
        1,
        3
      ],
      "uv": [
        45,
        172,
        192,
        172,
        45,
        19,
        192,
        19
      ],
      "nuv": [
        0.20454545454545456,
        0.08636363636363636,
        0.8727272727272727,
        0.08636363636363636,
        0.20454545454545456,
        0.7818181818181819,
        0.8727272727272727,
        0.7818181818181819
      ],
      "minPos": {
        "x": -73.5,
        "y": -76.5,
        "z": 0
      },
      "maxPos": {
        "x": 73.5,
        "y": 76.5,
        "z": 0
      }
    },
    "texture": "b3aabdb4-707f-428d-a5b2-086b95f445ef@6c48a",
    "packable": true,
    "pixelsToUnit": 100,
    "pivot": {
      "x": 0.5,
      "y": 0.5
    },
    "meshType": 0
  }
}