{
  "__type__": "cc.SpriteFrame",
  "content": {
    "name": "0014",
    "atlas": "",
    "rect": {
      "x": 20,
      "y": 42,
      "width": 110,
      "height": 62
    },
    "offset": {
      "x": 0,
      "y": 2
    },
    "originalSize": {
      "width": 150,
      "height": 150
    },
    "rotated": false,
    "capInsets": [
      0,
      0,
      0,
      0
    ],
    "vertices": {
      "rawPosition": [
        -55,
        -31,
        0,
        55,
        -31,
        0,
        -55,
        31,
        0,
        55,
        31,
        0
      ],
      "indexes": [
        0,
        1,
        2,
        2,
        1,
        3
      ],
      "uv": [
        20,
        108,
        130,
        108,
        20,
        46,
        130,
        46
      ],
      "nuv": [
        0.13333333333333333,
        0.30666666666666664,
        0.8666666666666667,
        0.30666666666666664,
        0.13333333333333333,
        0.72,
        0.8666666666666667,
        0.72
      ],
      "minPos": {
        "x": -55,
        "y": -31,
        "z": 0
      },
      "maxPos": {
        "x": 55,
        "y": 31,
        "z": 0
      }
    },
    "texture": "b3db7ee5-fa44-4290-82fa-da4ce30a9994@6c48a",
    "packable": true,
    "pixelsToUnit": 100,
    "pivot": {
      "x": 0.5,
      "y": 0.5
    },
    "meshType": 0
  }
}