{
  "__type__": "cc.SpriteFrame",
  "content": {
    "name": "1_35",
    "atlas": "",
    "rect": {
      "x": 17,
      "y": 16,
      "width": 190,
      "height": 185
    },
    "offset": {
      "x": 2,
      "y": 1.5
    },
    "originalSize": {
      "width": 220,
      "height": 220
    },
    "rotated": false,
    "capInsets": [
      0,
      0,
      0,
      0
    ],
    "vertices": {
      "rawPosition": [
        -95,
        -92.5,
        0,
        95,
        -92.5,
        0,
        -95,
        92.5,
        0,
        95,
        92.5,
        0
      ],
      "indexes": [
        0,
        1,
        2,
        2,
        1,
        3
      ],
      "uv": [
        17,
        204,
        207,
        204,
        17,
        19,
        207,
        19
      ],
      "nuv": [
        0.07727272727272727,
        0.08636363636363636,
        0.9409090909090909,
        0.08636363636363636,
        0.07727272727272727,
        0.9272727272727272,
        0.9409090909090909,
        0.9272727272727272
      ],
      "minPos": {
        "x": -95,
        "y": -92.5,
        "z": 0
      },
      "maxPos": {
        "x": 95,
        "y": 92.5,
        "z": 0
      }
    },
    "texture": "e53b61ca-844e-465c-a294-b8290293a7e4@6c48a",
    "packable": true,
    "pixelsToUnit": 100,
    "pivot": {
      "x": 0.5,
      "y": 0.5
    },
    "meshType": 0
  }
}