{
  "__type__": "cc.SpriteFrame",
  "content": {
    "name": "sit_01",
    "atlas": "",
    "rect": {
      "x": 34,
      "y": 31,
      "width": 51,
      "height": 152
    },
    "offset": {
      "x": -0.5,
      "y": -9.5
    },
    "originalSize": {
      "width": 120,
      "height": 195
    },
    "rotated": false,
    "capInsets": [
      0,
      0,
      0,
      0
    ],
    "vertices": {
      "rawPosition": [
        -25.5,
        -76,
        0,
        25.5,
        -76,
        0,
        -25.5,
        76,
        0,
        25.5,
        76,
        0
      ],
      "indexes": [
        0,
        1,
        2,
        2,
        1,
        3
      ],
      "uv": [
        34,
        164,
        85,
        164,
        34,
        12,
        85,
        12
      ],
      "nuv": [
        0.2833333333333333,
        0.06153846153846154,
        0.7083333333333334,
        0.06153846153846154,
        0.2833333333333333,
        0.841025641025641,
        0.7083333333333334,
        0.841025641025641
      ],
      "minPos": {
        "x": -25.5,
        "y": -76,
        "z": 0
      },
      "maxPos": {
        "x": 25.5,
        "y": 76,
        "z": 0
      }
    },
    "texture": "e55dde3e-7820-4ea0-b47a-88a7ebba39bd@6c48a",
    "packable": true,
    "pixelsToUnit": 100,
    "pivot": {
      "x": 0.5,
      "y": 0.5
    },
    "meshType": 0
  }
}