{
  "__type__": "cc.SpriteFrame",
  "content": {
    "name": "1_58",
    "atlas": "",
    "rect": {
      "x": 9,
      "y": 83,
      "width": 152,
      "height": 56
    },
    "offset": {
      "x": -25,
      "y": -1
    },
    "originalSize": {
      "width": 220,
      "height": 220
    },
    "rotated": false,
    "capInsets": [
      0,
      0,
      0,
      0
    ],
    "vertices": {
      "rawPosition": [
        -76,
        -28,
        0,
        76,
        -28,
        0,
        -76,
        28,
        0,
        76,
        28,
        0
      ],
      "indexes": [
        0,
        1,
        2,
        2,
        1,
        3
      ],
      "uv": [
        9,
        137,
        161,
        137,
        9,
        81,
        161,
        81
      ],
      "nuv": [
        0.04090909090909091,
        0.36818181818181817,
        0.7318181818181818,
        0.36818181818181817,
        0.04090909090909091,
        0.6227272727272727,
        0.7318181818181818,
        0.6227272727272727
      ],
      "minPos": {
        "x": -76,
        "y": -28,
        "z": 0
      },
      "maxPos": {
        "x": 76,
        "y": 28,
        "z": 0
      }
    },
    "texture": "e5698422-ef8a-4d71-b425-5de5add442e6@6c48a",
    "packable": true,
    "pixelsToUnit": 100,
    "pivot": {
      "x": 0.5,
      "y": 0.5
    },
    "meshType": 0
  }
}