{
  "__type__": "cc.SpriteFrame",
  "content": {
    "name": "sit2_00",
    "atlas": "",
    "rect": {
      "x": 24,
      "y": 22,
      "width": 53,
      "height": 162
    },
    "offset": {
      "x": -9.5,
      "y": -5.5
    },
    "originalSize": {
      "width": 120,
      "height": 195
    },
    "rotated": false,
    "capInsets": [
      0,
      0,
      0,
      0
    ],
    "vertices": {
      "rawPosition": [
        -26.5,
        -81,
        0,
        26.5,
        -81,
        0,
        -26.5,
        81,
        0,
        26.5,
        81,
        0
      ],
      "indexes": [
        0,
        1,
        2,
        2,
        1,
        3
      ],
      "uv": [
        24,
        173,
        77,
        173,
        24,
        11,
        77,
        11
      ],
      "nuv": [
        0.2,
        0.05641025641025641,
        0.6416666666666667,
        0.05641025641025641,
        0.2,
        0.8871794871794871,
        0.6416666666666667,
        0.8871794871794871
      ],
      "minPos": {
        "x": -26.5,
        "y": -81,
        "z": 0
      },
      "maxPos": {
        "x": 26.5,
        "y": 81,
        "z": 0
      }
    },
    "texture": "e5b4f219-dafc-4d01-860c-feb434130072@6c48a",
    "packable": true,
    "pixelsToUnit": 100,
    "pivot": {
      "x": 0.5,
      "y": 0.5
    },
    "meshType": 0
  }
}