{
  "__type__": "cc.SpriteFrame",
  "content": {
    "name": "1_15",
    "atlas": "",
    "rect": {
      "x": 10,
      "y": 29,
      "width": 149,
      "height": 172
    },
    "offset": {
      "x": -25.5,
      "y": -5
    },
    "originalSize": {
      "width": 220,
      "height": 220
    },
    "rotated": false,
    "capInsets": [
      0,
      0,
      0,
      0
    ],
    "vertices": {
      "rawPosition": [
        -74.5,
        -86,
        0,
        74.5,
        -86,
        0,
        -74.5,
        86,
        0,
        74.5,
        86,
        0
      ],
      "indexes": [
        0,
        1,
        2,
        2,
        1,
        3
      ],
      "uv": [
        10,
        191,
        159,
        191,
        10,
        19,
        159,
        19
      ],
      "nuv": [
        0.045454545454545456,
        0.08636363636363636,
        0.7227272727272728,
        0.08636363636363636,
        0.045454545454545456,
        0.8681818181818182,
        0.7227272727272728,
        0.8681818181818182
      ],
      "minPos": {
        "x": -74.5,
        "y": -86,
        "z": 0
      },
      "maxPos": {
        "x": 74.5,
        "y": 86,
        "z": 0
      }
    },
    "texture": "4b22c533-cfe0-4a34-8407-a981deac60d0@6c48a",
    "packable": true,
    "pixelsToUnit": 100,
    "pivot": {
      "x": 0.5,
      "y": 0.5
    },
    "meshType": 0
  }
}