{
  "__type__": "cc.SpriteFrame",
  "content": {
    "name": "1_27",
    "atlas": "",
    "rect": {
      "x": 30,
      "y": 46,
      "width": 146,
      "height": 160
    },
    "offset": {
      "x": -7,
      "y": -16
    },
    "originalSize": {
      "width": 220,
      "height": 220
    },
    "rotated": false,
    "capInsets": [
      0,
      0,
      0,
      0
    ],
    "vertices": {
      "rawPosition": [
        -73,
        -80,
        0,
        73,
        -80,
        0,
        -73,
        80,
        0,
        73,
        80,
        0
      ],
      "indexes": [
        0,
        1,
        2,
        2,
        1,
        3
      ],
      "uv": [
        30,
        174,
        176,
        174,
        30,
        14,
        176,
        14
      ],
      "nuv": [
        0.13636363636363635,
        0.06363636363636363,
        0.8,
        0.06363636363636363,
        0.13636363636363635,
        0.7909090909090909,
        0.8,
        0.7909090909090909
      ],
      "minPos": {
        "x": -73,
        "y": -80,
        "z": 0
      },
      "maxPos": {
        "x": 73,
        "y": 80,
        "z": 0
      }
    },
    "texture": "4b3c80b0-fbfb-44ef-96f6-2216eab71d1e@6c48a",
    "packable": true,
    "pixelsToUnit": 100,
    "pivot": {
      "x": 0.5,
      "y": 0.5
    },
    "meshType": 0
  }
}