{
  "__type__": "cc.SpriteFrame",
  "content": {
    "name": "sit_05",
    "atlas": "",
    "rect": {
      "x": 33,
      "y": 44,
      "width": 52,
      "height": 138
    },
    "offset": {
      "x": -1,
      "y": -15.5
    },
    "originalSize": {
      "width": 120,
      "height": 195
    },
    "rotated": false,
    "capInsets": [
      0,
      0,
      0,
      0
    ],
    "vertices": {
      "rawPosition": [
        -26,
        -69,
        0,
        26,
        -69,
        0,
        -26,
        69,
        0,
        26,
        69,
        0
      ],
      "indexes": [
        0,
        1,
        2,
        2,
        1,
        3
      ],
      "uv": [
        33,
        151,
        85,
        151,
        33,
        13,
        85,
        13
      ],
      "nuv": [
        0.275,
        0.06666666666666667,
        0.7083333333333334,
        0.06666666666666667,
        0.275,
        0.7743589743589744,
        0.7083333333333334,
        0.7743589743589744
      ],
      "minPos": {
        "x": -26,
        "y": -69,
        "z": 0
      },
      "maxPos": {
        "x": 26,
        "y": 69,
        "z": 0
      }
    },
    "texture": "4b4ff610-e954-4d2c-b6fb-25e417197975@6c48a",
    "packable": true,
    "pixelsToUnit": 100,
    "pivot": {
      "x": 0.5,
      "y": 0.5
    },
    "meshType": 0
  }
}