{
  "__type__": "cc.SpriteFrame",
  "content": {
    "name": "1_056",
    "atlas": "",
    "rect": {
      "x": 79,
      "y": 104,
      "width": 217,
      "height": 181
    },
    "offset": {
      "x": 0,
      "y": -32.5
    },
    "originalSize": {
      "width": 375,
      "height": 324
    },
    "rotated": false,
    "capInsets": [
      0,
      0,
      0,
      0
    ],
    "vertices": {
      "rawPosition": [
        -108.5,
        -90.5,
        0,
        108.5,
        -90.5,
        0,
        -108.5,
        90.5,
        0,
        108.5,
        90.5,
        0
      ],
      "indexes": [
        0,
        1,
        2,
        2,
        1,
        3
      ],
      "uv": [
        79,
        220,
        296,
        220,
        79,
        39,
        296,
        39
      ],
      "nuv": [
        0.21066666666666667,
        0.12037037037037036,
        0.7893333333333333,
        0.12037037037037036,
        0.21066666666666667,
        0.6790123456790124,
        0.7893333333333333,
        0.6790123456790124
      ],
      "minPos": {
        "x": -108.5,
        "y": -90.5,
        "z": 0
      },
      "maxPos": {
        "x": 108.5,
        "y": 90.5,
        "z": 0
      }
    },
    "texture": "4b560462-1b42-4649-930d-45e414ef5247@6c48a",
    "packable": true,
    "pixelsToUnit": 100,
    "pivot": {
      "x": 0.5,
      "y": 0.5
    },
    "meshType": 0
  }
}