{
  "__type__": "cc.SpriteFrame",
  "content": {
    "name": "1_01",
    "atlas": "",
    "rect": {
      "x": 38,
      "y": 47,
      "width": 139,
      "height": 154
    },
    "offset": {
      "x": -2.5,
      "y": -14
    },
    "originalSize": {
      "width": 220,
      "height": 220
    },
    "rotated": false,
    "capInsets": [
      0,
      0,
      0,
      0
    ],
    "vertices": {
      "rawPosition": [
        -69.5,
        -77,
        0,
        69.5,
        -77,
        0,
        -69.5,
        77,
        0,
        69.5,
        77,
        0
      ],
      "indexes": [
        0,
        1,
        2,
        2,
        1,
        3
      ],
      "uv": [
        38,
        173,
        177,
        173,
        38,
        19,
        177,
        19
      ],
      "nuv": [
        0.17272727272727273,
        0.08636363636363636,
        0.8045454545454546,
        0.08636363636363636,
        0.17272727272727273,
        0.7863636363636364,
        0.8045454545454546,
        0.7863636363636364
      ],
      "minPos": {
        "x": -69.5,
        "y": -77,
        "z": 0
      },
      "maxPos": {
        "x": 69.5,
        "y": 77,
        "z": 0
      }
    },
    "texture": "4b6a7993-40d0-4b7e-a895-37beb6fe969b@6c48a",
    "packable": true,
    "pixelsToUnit": 100,
    "pivot": {
      "x": 0.5,
      "y": 0.5
    },
    "meshType": 0
  }
}