{
  "__type__": "cc.SpriteFrame",
  "content": {
    "name": "idle_00",
    "atlas": "",
    "rect": {
      "x": 29,
      "y": 25,
      "width": 52,
      "height": 157
    },
    "offset": {
      "x": -5,
      "y": -6
    },
    "originalSize": {
      "width": 120,
      "height": 195
    },
    "rotated": false,
    "capInsets": [
      0,
      0,
      0,
      0
    ],
    "vertices": {
      "rawPosition": [
        -26,
        -78.5,
        0,
        26,
        -78.5,
        0,
        -26,
        78.5,
        0,
        26,
        78.5,
        0
      ],
      "indexes": [
        0,
        1,
        2,
        2,
        1,
        3
      ],
      "uv": [
        29,
        170,
        81,
        170,
        29,
        13,
        81,
        13
      ],
      "nuv": [
        0.24166666666666667,
        0.06666666666666667,
        0.675,
        0.06666666666666667,
        0.24166666666666667,
        0.8717948717948718,
        0.675,
        0.8717948717948718
      ],
      "minPos": {
        "x": -26,
        "y": -78.5,
        "z": 0
      },
      "maxPos": {
        "x": 26,
        "y": 78.5,
        "z": 0
      }
    },
    "texture": "4b98626c-5d4d-467e-8322-1214a7491fd8@6c48a",
    "packable": true,
    "pixelsToUnit": 100,
    "pivot": {
      "x": 0.5,
      "y": 0.5
    },
    "meshType": 0
  }
}