{
  "__type__": "cc.SpriteFrame",
  "content": {
    "name": "1_28",
    "atlas": "",
    "rect": {
      "x": 64,
      "y": 46,
      "width": 135,
      "height": 159
    },
    "offset": {
      "x": 21.5,
      "y": -15.5
    },
    "originalSize": {
      "width": 220,
      "height": 220
    },
    "rotated": false,
    "capInsets": [
      0,
      0,
      0,
      0
    ],
    "vertices": {
      "rawPosition": [
        -67.5,
        -79.5,
        0,
        67.5,
        -79.5,
        0,
        -67.5,
        79.5,
        0,
        67.5,
        79.5,
        0
      ],
      "indexes": [
        0,
        1,
        2,
        2,
        1,
        3
      ],
      "uv": [
        64,
        174,
        199,
        174,
        64,
        15,
        199,
        15
      ],
      "nuv": [
        0.2909090909090909,
        0.06818181818181818,
        0.9045454545454545,
        0.06818181818181818,
        0.2909090909090909,
        0.7909090909090909,
        0.9045454545454545,
        0.7909090909090909
      ],
      "minPos": {
        "x": -67.5,
        "y": -79.5,
        "z": 0
      },
      "maxPos": {
        "x": 67.5,
        "y": 79.5,
        "z": 0
      }
    },
    "texture": "4ba6e114-fa29-44b0-a7ee-57b05fabca01@6c48a",
    "packable": true,
    "pixelsToUnit": 100,
    "pivot": {
      "x": 0.5,
      "y": 0.5
    },
    "meshType": 0
  }
}