{
  "__type__": "cc.SpriteFrame",
  "content": {
    "name": "tu01-stand1_02",
    "atlas": "",
    "rect": {
      "x": 39,
      "y": 67,
      "width": 154,
      "height": 146
    },
    "offset": {
      "x": 6,
      "y": -30
    },
    "originalSize": {
      "width": 220,
      "height": 220
    },
    "rotated": false,
    "capInsets": [
      0,
      0,
      0,
      0
    ],
    "vertices": {
      "rawPosition": [
        -77,
        -73,
        0,
        77,
        -73,
        0,
        -77,
        73,
        0,
        77,
        73,
        0
      ],
      "indexes": [
        0,
        1,
        2,
        2,
        1,
        3
      ],
      "uv": [
        39,
        153,
        193,
        153,
        39,
        7,
        193,
        7
      ],
      "nuv": [
        0.17727272727272728,
        0.031818181818181815,
        0.8772727272727273,
        0.031818181818181815,
        0.17727272727272728,
        0.6954545454545454,
        0.8772727272727273,
        0.6954545454545454
      ],
      "minPos": {
        "x": -77,
        "y": -73,
        "z": 0
      },
      "maxPos": {
        "x": 77,
        "y": 73,
        "z": 0
      }
    },
    "texture": "4bfb5add-f411-45f6-9a0a-6afa09437ea8@6c48a",
    "packable": true,
    "pixelsToUnit": 100,
    "pivot": {
      "x": 0.5,
      "y": 0.5
    },
    "meshType": 0
  }
}