{
  "__type__": "cc.SpriteFrame",
  "content": {
    "name": "1_13",
    "atlas": "",
    "rect": {
      "x": 13,
      "y": 11,
      "width": 171,
      "height": 150
    },
    "offset": {
      "x": -11.5,
      "y": 24
    },
    "originalSize": {
      "width": 220,
      "height": 220
    },
    "rotated": false,
    "capInsets": [
      0,
      0,
      0,
      0
    ],
    "vertices": {
      "rawPosition": [
        -85.5,
        -75,
        0,
        85.5,
        -75,
        0,
        -85.5,
        75,
        0,
        85.5,
        75,
        0
      ],
      "indexes": [
        0,
        1,
        2,
        2,
        1,
        3
      ],
      "uv": [
        13,
        209,
        184,
        209,
        13,
        59,
        184,
        59
      ],
      "nuv": [
        0.05909090909090909,
        0.2681818181818182,
        0.8363636363636363,
        0.2681818181818182,
        0.05909090909090909,
        0.95,
        0.8363636363636363,
        0.95
      ],
      "minPos": {
        "x": -85.5,
        "y": -75,
        "z": 0
      },
      "maxPos": {
        "x": 85.5,
        "y": 75,
        "z": 0
      }
    },
    "texture": "340dfb06-7127-4af1-b9fd-bb159911bc26@6c48a",
    "packable": true,
    "pixelsToUnit": 100,
    "pivot": {
      "x": 0.5,
      "y": 0.5
    },
    "meshType": 0
  }
}