{
  "__type__": "cc.SpriteFrame",
  "content": {
    "name": "1_24",
    "atlas": "",
    "rect": {
      "x": 67,
      "y": 46,
      "width": 134,
      "height": 159
    },
    "offset": {
      "x": 24,
      "y": -15.5
    },
    "originalSize": {
      "width": 220,
      "height": 220
    },
    "rotated": false,
    "capInsets": [
      0,
      0,
      0,
      0
    ],
    "vertices": {
      "rawPosition": [
        -67,
        -79.5,
        0,
        67,
        -79.5,
        0,
        -67,
        79.5,
        0,
        67,
        79.5,
        0
      ],
      "indexes": [
        0,
        1,
        2,
        2,
        1,
        3
      ],
      "uv": [
        67,
        174,
        201,
        174,
        67,
        15,
        201,
        15
      ],
      "nuv": [
        0.30454545454545456,
        0.06818181818181818,
        0.9136363636363637,
        0.06818181818181818,
        0.30454545454545456,
        0.7909090909090909,
        0.9136363636363637,
        0.7909090909090909
      ],
      "minPos": {
        "x": -67,
        "y": -79.5,
        "z": 0
      },
      "maxPos": {
        "x": 67,
        "y": 79.5,
        "z": 0
      }
    },
    "texture": "3417cb3b-f280-43bd-a78f-73af80d0bae9@6c48a",
    "packable": true,
    "pixelsToUnit": 100,
    "pivot": {
      "x": 0.5,
      "y": 0.5
    },
    "meshType": 0
  }
}