{
  "__type__": "cc.SpriteFrame",
  "content": {
    "name": "move_05",
    "atlas": "",
    "rect": {
      "x": 31,
      "y": 25,
      "width": 47,
      "height": 159
    },
    "offset": {
      "x": -5.5,
      "y": -7
    },
    "originalSize": {
      "width": 120,
      "height": 195
    },
    "rotated": false,
    "capInsets": [
      0,
      0,
      0,
      0
    ],
    "vertices": {
      "rawPosition": [
        -23.5,
        -79.5,
        0,
        23.5,
        -79.5,
        0,
        -23.5,
        79.5,
        0,
        23.5,
        79.5,
        0
      ],
      "indexes": [
        0,
        1,
        2,
        2,
        1,
        3
      ],
      "uv": [
        31,
        170,
        78,
        170,
        31,
        11,
        78,
        11
      ],
      "nuv": [
        0.25833333333333336,
        0.05641025641025641,
        0.65,
        0.05641025641025641,
        0.25833333333333336,
        0.8717948717948718,
        0.65,
        0.8717948717948718
      ],
      "minPos": {
        "x": -23.5,
        "y": -79.5,
        "z": 0
      },
      "maxPos": {
        "x": 23.5,
        "y": 79.5,
        "z": 0
      }
    },
    "texture": "34605090-eed8-4820-bd80-2d8fad4a014b@6c48a",
    "packable": true,
    "pixelsToUnit": 100,
    "pivot": {
      "x": 0.5,
      "y": 0.5
    },
    "meshType": 0
  }
}