{
  "__type__": "cc.SpriteFrame",
  "content": {
    "name": "1_053",
    "atlas": "",
    "rect": {
      "x": 79,
      "y": 89,
      "width": 233,
      "height": 196
    },
    "offset": {
      "x": 8,
      "y": -25
    },
    "originalSize": {
      "width": 375,
      "height": 324
    },
    "rotated": false,
    "capInsets": [
      0,
      0,
      0,
      0
    ],
    "vertices": {
      "rawPosition": [
        -116.5,
        -98,
        0,
        116.5,
        -98,
        0,
        -116.5,
        98,
        0,
        116.5,
        98,
        0
      ],
      "indexes": [
        0,
        1,
        2,
        2,
        1,
        3
      ],
      "uv": [
        79,
        235,
        312,
        235,
        79,
        39,
        312,
        39
      ],
      "nuv": [
        0.21066666666666667,
        0.12037037037037036,
        0.832,
        0.12037037037037036,
        0.21066666666666667,
        0.7253086419753086,
        0.832,
        0.7253086419753086
      ],
      "minPos": {
        "x": -116.5,
        "y": -98,
        "z": 0
      },
      "maxPos": {
        "x": 116.5,
        "y": 98,
        "z": 0
      }
    },
    "texture": "34eb3e59-39a5-4b4e-8b3b-e6d85ebc77ee@6c48a",
    "packable": true,
    "pixelsToUnit": 100,
    "pivot": {
      "x": 0.5,
      "y": 0.5
    },
    "meshType": 0
  }
}