{
  "__type__": "cc.SpriteFrame",
  "content": {
    "name": "1_06",
    "atlas": "",
    "rect": {
      "x": 34,
      "y": 45,
      "width": 146,
      "height": 161
    },
    "offset": {
      "x": -3,
      "y": -15.5
    },
    "originalSize": {
      "width": 220,
      "height": 220
    },
    "rotated": false,
    "capInsets": [
      0,
      0,
      0,
      0
    ],
    "vertices": {
      "rawPosition": [
        -73,
        -80.5,
        0,
        73,
        -80.5,
        0,
        -73,
        80.5,
        0,
        73,
        80.5,
        0
      ],
      "indexes": [
        0,
        1,
        2,
        2,
        1,
        3
      ],
      "uv": [
        34,
        175,
        180,
        175,
        34,
        14,
        180,
        14
      ],
      "nuv": [
        0.15454545454545454,
        0.06363636363636363,
        0.8181818181818182,
        0.06363636363636363,
        0.15454545454545454,
        0.7954545454545454,
        0.8181818181818182,
        0.7954545454545454
      ],
      "minPos": {
        "x": -73,
        "y": -80.5,
        "z": 0
      },
      "maxPos": {
        "x": 73,
        "y": 80.5,
        "z": 0
      }
    },
    "texture": "9b096e18-142d-4e63-82c4-912677ed9d18@6c48a",
    "packable": true,
    "pixelsToUnit": 100,
    "pivot": {
      "x": 0.5,
      "y": 0.5
    },
    "meshType": 0
  }
}