{
  "__type__": "cc.SpriteFrame",
  "content": {
    "name": "1_30",
    "atlas": "",
    "rect": {
      "x": 53,
      "y": 48,
      "width": 141,
      "height": 160
    },
    "offset": {
      "x": 13.5,
      "y": -18
    },
    "originalSize": {
      "width": 220,
      "height": 220
    },
    "rotated": false,
    "capInsets": [
      0,
      0,
      0,
      0
    ],
    "vertices": {
      "rawPosition": [
        -70.5,
        -80,
        0,
        70.5,
        -80,
        0,
        -70.5,
        80,
        0,
        70.5,
        80,
        0
      ],
      "indexes": [
        0,
        1,
        2,
        2,
        1,
        3
      ],
      "uv": [
        53,
        172,
        194,
        172,
        53,
        12,
        194,
        12
      ],
      "nuv": [
        0.2409090909090909,
        0.05454545454545454,
        0.8818181818181818,
        0.05454545454545454,
        0.2409090909090909,
        0.7818181818181819,
        0.8818181818181818,
        0.7818181818181819
      ],
      "minPos": {
        "x": -70.5,
        "y": -80,
        "z": 0
      },
      "maxPos": {
        "x": 70.5,
        "y": 80,
        "z": 0
      }
    },
    "texture": "9b792b63-c816-467d-939f-5f66864d549d@6c48a",
    "packable": true,
    "pixelsToUnit": 100,
    "pivot": {
      "x": 0.5,
      "y": 0.5
    },
    "meshType": 0
  }
}