{
  "__type__": "cc.SpriteFrame",
  "content": {
    "name": "1_25",
    "atlas": "",
    "rect": {
      "x": 19,
      "y": 34,
      "width": 140,
      "height": 167
    },
    "offset": {
      "x": -21,
      "y": -7.5
    },
    "originalSize": {
      "width": 220,
      "height": 220
    },
    "rotated": false,
    "capInsets": [
      0,
      0,
      0,
      0
    ],
    "vertices": {
      "rawPosition": [
        -70,
        -83.5,
        0,
        70,
        -83.5,
        0,
        -70,
        83.5,
        0,
        70,
        83.5,
        0
      ],
      "indexes": [
        0,
        1,
        2,
        2,
        1,
        3
      ],
      "uv": [
        19,
        186,
        159,
        186,
        19,
        19,
        159,
        19
      ],
      "nuv": [
        0.08636363636363636,
        0.08636363636363636,
        0.7227272727272728,
        0.08636363636363636,
        0.08636363636363636,
        0.8454545454545455,
        0.7227272727272728,
        0.8454545454545455
      ],
      "minPos": {
        "x": -70,
        "y": -83.5,
        "z": 0
      },
      "maxPos": {
        "x": 70,
        "y": 83.5,
        "z": 0
      }
    },
    "texture": "9bd6a7ba-ff35-41ca-9e8d-ef99cdd00100@6c48a",
    "packable": true,
    "pixelsToUnit": 100,
    "pivot": {
      "x": 0.5,
      "y": 0.5
    },
    "meshType": 0
  }
}