{
  "__type__": "cc.SpriteFrame",
  "content": {
    "name": "1_07",
    "atlas": "",
    "rect": {
      "x": 25,
      "y": 41,
      "width": 134,
      "height": 160
    },
    "offset": {
      "x": -18,
      "y": -11
    },
    "originalSize": {
      "width": 220,
      "height": 220
    },
    "rotated": false,
    "capInsets": [
      0,
      0,
      0,
      0
    ],
    "vertices": {
      "rawPosition": [
        -67,
        -80,
        0,
        67,
        -80,
        0,
        -67,
        80,
        0,
        67,
        80,
        0
      ],
      "indexes": [
        0,
        1,
        2,
        2,
        1,
        3
      ],
      "uv": [
        25,
        179,
        159,
        179,
        25,
        19,
        159,
        19
      ],
      "nuv": [
        0.11363636363636363,
        0.08636363636363636,
        0.7227272727272728,
        0.08636363636363636,
        0.11363636363636363,
        0.8136363636363636,
        0.7227272727272728,
        0.8136363636363636
      ],
      "minPos": {
        "x": -67,
        "y": -80,
        "z": 0
      },
      "maxPos": {
        "x": 67,
        "y": 80,
        "z": 0
      }
    },
    "texture": "cd6322b4-96ed-491b-aae2-bacfb09bd606@6c48a",
    "packable": true,
    "pixelsToUnit": 100,
    "pivot": {
      "x": 0.5,
      "y": 0.5
    },
    "meshType": 0
  }
}