{
  "__type__": "cc.SpriteFrame",
  "content": {
    "name": "1_22",
    "atlas": "",
    "rect": {
      "x": 14,
      "y": 32,
      "width": 145,
      "height": 169
    },
    "offset": {
      "x": -23.5,
      "y": -6.5
    },
    "originalSize": {
      "width": 220,
      "height": 220
    },
    "rotated": false,
    "capInsets": [
      0,
      0,
      0,
      0
    ],
    "vertices": {
      "rawPosition": [
        -72.5,
        -84.5,
        0,
        72.5,
        -84.5,
        0,
        -72.5,
        84.5,
        0,
        72.5,
        84.5,
        0
      ],
      "indexes": [
        0,
        1,
        2,
        2,
        1,
        3
      ],
      "uv": [
        14,
        188,
        159,
        188,
        14,
        19,
        159,
        19
      ],
      "nuv": [
        0.06363636363636363,
        0.08636363636363636,
        0.7227272727272728,
        0.08636363636363636,
        0.06363636363636363,
        0.8545454545454545,
        0.7227272727272728,
        0.8545454545454545
      ],
      "minPos": {
        "x": -72.5,
        "y": -84.5,
        "z": 0
      },
      "maxPos": {
        "x": 72.5,
        "y": 84.5,
        "z": 0
      }
    },
    "texture": "cd99fe92-a5f3-44b2-8c22-e260067ece3b@6c48a",
    "packable": true,
    "pixelsToUnit": 100,
    "pivot": {
      "x": 0.5,
      "y": 0.5
    },
    "meshType": 0
  }
}