{
  "__type__": "cc.SpriteFrame",
  "content": {
    "name": "move_02",
    "atlas": "",
    "rect": {
      "x": 38,
      "y": 31,
      "width": 55,
      "height": 151
    },
    "offset": {
      "x": 5.5,
      "y": -9
    },
    "originalSize": {
      "width": 120,
      "height": 195
    },
    "rotated": false,
    "capInsets": [
      0,
      0,
      0,
      0
    ],
    "vertices": {
      "rawPosition": [
        -27.5,
        -75.5,
        0,
        27.5,
        -75.5,
        0,
        -27.5,
        75.5,
        0,
        27.5,
        75.5,
        0
      ],
      "indexes": [
        0,
        1,
        2,
        2,
        1,
        3
      ],
      "uv": [
        38,
        164,
        93,
        164,
        38,
        13,
        93,
        13
      ],
      "nuv": [
        0.31666666666666665,
        0.06666666666666667,
        0.775,
        0.06666666666666667,
        0.31666666666666665,
        0.841025641025641,
        0.775,
        0.841025641025641
      ],
      "minPos": {
        "x": -27.5,
        "y": -75.5,
        "z": 0
      },
      "maxPos": {
        "x": 27.5,
        "y": 75.5,
        "z": 0
      }
    },
    "texture": "cdc72ef1-b19b-4a28-8949-ec48a0b70afd@6c48a",
    "packable": true,
    "pixelsToUnit": 100,
    "pivot": {
      "x": 0.5,
      "y": 0.5
    },
    "meshType": 0
  }
}