{
  "__type__": "cc.SpriteFrame",
  "content": {
    "name": "1_093",
    "atlas": "",
    "rect": {
      "x": 0,
      "y": 61,
      "width": 342,
      "height": 240
    },
    "offset": {
      "x": -16.5,
      "y": -19
    },
    "originalSize": {
      "width": 375,
      "height": 324
    },
    "rotated": false,
    "capInsets": [
      0,
      0,
      0,
      0
    ],
    "vertices": {
      "rawPosition": [
        -171,
        -120,
        0,
        171,
        -120,
        0,
        -171,
        120,
        0,
        171,
        120,
        0
      ],
      "indexes": [
        0,
        1,
        2,
        2,
        1,
        3
      ],
      "uv": [
        0,
        263,
        342,
        263,
        0,
        23,
        342,
        23
      ],
      "nuv": [
        0,
        0.07098765432098765,
        0.912,
        0.07098765432098765,
        0,
        0.8117283950617284,
        0.912,
        0.8117283950617284
      ],
      "minPos": {
        "x": -171,
        "y": -120,
        "z": 0
      },
      "maxPos": {
        "x": 171,
        "y": 120,
        "z": 0
      }
    },
    "texture": "ad4d13d3-f9f8-478c-8ade-33d60b8727d6@6c48a",
    "packable": true,
    "pixelsToUnit": 100,
    "pivot": {
      "x": 0.5,
      "y": 0.5
    },
    "meshType": 0
  }
}