{
  "__type__": "cc.SpriteFrame",
  "content": {
    "name": "0043",
    "atlas": "",
    "rect": {
      "x": 20,
      "y": 40,
      "width": 110,
      "height": 65
    },
    "offset": {
      "x": 0,
      "y": 2.5
    },
    "originalSize": {
      "width": 150,
      "height": 150
    },
    "rotated": false,
    "capInsets": [
      0,
      0,
      0,
      0
    ],
    "vertices": {
      "rawPosition": [
        -55,
        -32.5,
        0,
        55,
        -32.5,
        0,
        -55,
        32.5,
        0,
        55,
        32.5,
        0
      ],
      "indexes": [
        0,
        1,
        2,
        2,
        1,
        3
      ],
      "uv": [
        20,
        110,
        130,
        110,
        20,
        45,
        130,
        45
      ],
      "nuv": [
        0.13333333333333333,
        0.3,
        0.8666666666666667,
        0.3,
        0.13333333333333333,
        0.7333333333333333,
        0.8666666666666667,
        0.7333333333333333
      ],
      "minPos": {
        "x": -55,
        "y": -32.5,
        "z": 0
      },
      "maxPos": {
        "x": 55,
        "y": 32.5,
        "z": 0
      }
    },
    "texture": "ad6e2255-62db-4a70-b299-177a69593339@6c48a",
    "packable": true,
    "pixelsToUnit": 100,
    "pivot": {
      "x": 0.5,
      "y": 0.5
    },
    "meshType": 0
  }
}