{
  "__type__": "cc.SpriteFrame",
  "content": {
    "name": "1_19",
    "atlas": "",
    "rect": {
      "x": 45,
      "y": 55,
      "width": 137,
      "height": 147
    },
    "offset": {
      "x": 3.5,
      "y": -18.5
    },
    "originalSize": {
      "width": 220,
      "height": 220
    },
    "rotated": false,
    "capInsets": [
      0,
      0,
      0,
      0
    ],
    "vertices": {
      "rawPosition": [
        -68.5,
        -73.5,
        0,
        68.5,
        -73.5,
        0,
        -68.5,
        73.5,
        0,
        68.5,
        73.5,
        0
      ],
      "indexes": [
        0,
        1,
        2,
        2,
        1,
        3
      ],
      "uv": [
        45,
        165,
        182,
        165,
        45,
        18,
        182,
        18
      ],
      "nuv": [
        0.20454545454545456,
        0.08181818181818182,
        0.8272727272727273,
        0.08181818181818182,
        0.20454545454545456,
        0.75,
        0.8272727272727273,
        0.75
      ],
      "minPos": {
        "x": -68.5,
        "y": -73.5,
        "z": 0
      },
      "maxPos": {
        "x": 68.5,
        "y": 73.5,
        "z": 0
      }
    },
    "texture": "ad8834e9-daa3-4f95-9a36-f1a466545b90@6c48a",
    "packable": true,
    "pixelsToUnit": 100,
    "pivot": {
      "x": 0.5,
      "y": 0.5
    },
    "meshType": 0
  }
}