{
  "__type__": "cc.SpriteFrame",
  "content": {
    "name": "1_30",
    "atlas": "",
    "rect": {
      "x": 22,
      "y": 36,
      "width": 137,
      "height": 165
    },
    "offset": {
      "x": -19.5,
      "y": -8.5
    },
    "originalSize": {
      "width": 220,
      "height": 220
    },
    "rotated": false,
    "capInsets": [
      0,
      0,
      0,
      0
    ],
    "vertices": {
      "rawPosition": [
        -68.5,
        -82.5,
        0,
        68.5,
        -82.5,
        0,
        -68.5,
        82.5,
        0,
        68.5,
        82.5,
        0
      ],
      "indexes": [
        0,
        1,
        2,
        2,
        1,
        3
      ],
      "uv": [
        22,
        184,
        159,
        184,
        22,
        19,
        159,
        19
      ],
      "nuv": [
        0.1,
        0.08636363636363636,
        0.7227272727272728,
        0.08636363636363636,
        0.1,
        0.8363636363636363,
        0.7227272727272728,
        0.8363636363636363
      ],
      "minPos": {
        "x": -68.5,
        "y": -82.5,
        "z": 0
      },
      "maxPos": {
        "x": 68.5,
        "y": 82.5,
        "z": 0
      }
    },
    "texture": "ada97b9f-a6c3-4089-84ce-dbd4242ab5a2@6c48a",
    "packable": true,
    "pixelsToUnit": 100,
    "pivot": {
      "x": 0.5,
      "y": 0.5
    },
    "meshType": 0
  }
}