{
  "__type__": "cc.SpriteFrame",
  "content": {
    "name": "1_33",
    "atlas": "",
    "rect": {
      "x": 48,
      "y": 48,
      "width": 143,
      "height": 160
    },
    "offset": {
      "x": 9.5,
      "y": -18
    },
    "originalSize": {
      "width": 220,
      "height": 220
    },
    "rotated": false,
    "capInsets": [
      0,
      0,
      0,
      0
    ],
    "vertices": {
      "rawPosition": [
        -71.5,
        -80,
        0,
        71.5,
        -80,
        0,
        -71.5,
        80,
        0,
        71.5,
        80,
        0
      ],
      "indexes": [
        0,
        1,
        2,
        2,
        1,
        3
      ],
      "uv": [
        48,
        172,
        191,
        172,
        48,
        12,
        191,
        12
      ],
      "nuv": [
        0.21818181818181817,
        0.05454545454545454,
        0.8681818181818182,
        0.05454545454545454,
        0.21818181818181817,
        0.7818181818181819,
        0.8681818181818182,
        0.7818181818181819
      ],
      "minPos": {
        "x": -71.5,
        "y": -80,
        "z": 0
      },
      "maxPos": {
        "x": 71.5,
        "y": 80,
        "z": 0
      }
    },
    "texture": "c9238e8e-d723-4c89-ad2f-1d392fcb3313@6c48a",
    "packable": true,
    "pixelsToUnit": 100,
    "pivot": {
      "x": 0.5,
      "y": 0.5
    },
    "meshType": 0
  }
}