{
  "__type__": "cc.SpriteFrame",
  "content": {
    "name": "1_45",
    "atlas": "",
    "rect": {
      "x": 30,
      "y": 42,
      "width": 134,
      "height": 159
    },
    "offset": {
      "x": -13,
      "y": -11.5
    },
    "originalSize": {
      "width": 220,
      "height": 220
    },
    "rotated": false,
    "capInsets": [
      0,
      0,
      0,
      0
    ],
    "vertices": {
      "rawPosition": [
        -67,
        -79.5,
        0,
        67,
        -79.5,
        0,
        -67,
        79.5,
        0,
        67,
        79.5,
        0
      ],
      "indexes": [
        0,
        1,
        2,
        2,
        1,
        3
      ],
      "uv": [
        30,
        178,
        164,
        178,
        30,
        19,
        164,
        19
      ],
      "nuv": [
        0.13636363636363635,
        0.08636363636363636,
        0.7454545454545455,
        0.08636363636363636,
        0.13636363636363635,
        0.8090909090909091,
        0.7454545454545455,
        0.8090909090909091
      ],
      "minPos": {
        "x": -67,
        "y": -79.5,
        "z": 0
      },
      "maxPos": {
        "x": 67,
        "y": 79.5,
        "z": 0
      }
    },
    "texture": "c943aa6e-daa2-42ce-ae63-bf2d91811eb8@6c48a",
    "packable": true,
    "pixelsToUnit": 100,
    "pivot": {
      "x": 0.5,
      "y": 0.5
    },
    "meshType": 0
  }
}