{
  "__type__": "cc.SpriteFrame",
  "content": {
    "name": "tu01-stand1_04",
    "atlas": "",
    "rect": {
      "x": 36,
      "y": 66,
      "width": 152,
      "height": 147
    },
    "offset": {
      "x": 2,
      "y": -29.5
    },
    "originalSize": {
      "width": 220,
      "height": 220
    },
    "rotated": false,
    "capInsets": [
      0,
      0,
      0,
      0
    ],
    "vertices": {
      "rawPosition": [
        -76,
        -73.5,
        0,
        76,
        -73.5,
        0,
        -76,
        73.5,
        0,
        76,
        73.5,
        0
      ],
      "indexes": [
        0,
        1,
        2,
        2,
        1,
        3
      ],
      "uv": [
        36,
        154,
        188,
        154,
        36,
        7,
        188,
        7
      ],
      "nuv": [
        0.16363636363636364,
        0.031818181818181815,
        0.8545454545454545,
        0.031818181818181815,
        0.16363636363636364,
        0.7,
        0.8545454545454545,
        0.7
      ],
      "minPos": {
        "x": -76,
        "y": -73.5,
        "z": 0
      },
      "maxPos": {
        "x": 76,
        "y": 73.5,
        "z": 0
      }
    },
    "texture": "c9446665-e3c2-41a3-8577-60c891d7a6ab@6c48a",
    "packable": true,
    "pixelsToUnit": 100,
    "pivot": {
      "x": 0.5,
      "y": 0.5
    },
    "meshType": 0
  }
}