{
  "__type__": "cc.SpriteFrame",
  "content": {
    "name": "1_12",
    "atlas": "",
    "rect": {
      "x": 38,
      "y": 48,
      "width": 152,
      "height": 160
    },
    "offset": {
      "x": 4,
      "y": -18
    },
    "originalSize": {
      "width": 220,
      "height": 220
    },
    "rotated": false,
    "capInsets": [
      0,
      0,
      0,
      0
    ],
    "vertices": {
      "rawPosition": [
        -76,
        -80,
        0,
        76,
        -80,
        0,
        -76,
        80,
        0,
        76,
        80,
        0
      ],
      "indexes": [
        0,
        1,
        2,
        2,
        1,
        3
      ],
      "uv": [
        38,
        172,
        190,
        172,
        38,
        12,
        190,
        12
      ],
      "nuv": [
        0.17272727272727273,
        0.05454545454545454,
        0.8636363636363636,
        0.05454545454545454,
        0.17272727272727273,
        0.7818181818181819,
        0.8636363636363636,
        0.7818181818181819
      ],
      "minPos": {
        "x": -76,
        "y": -80,
        "z": 0
      },
      "maxPos": {
        "x": 76,
        "y": 80,
        "z": 0
      }
    },
    "texture": "c9acd6ef-2280-430d-92aa-ac97f48dc38e@6c48a",
    "packable": true,
    "pixelsToUnit": 100,
    "pivot": {
      "x": 0.5,
      "y": 0.5
    },
    "meshType": 0
  }
}