{
  "__type__": "cc.SpriteFrame",
  "content": {
    "name": "1_143",
    "atlas": "",
    "rect": {
      "x": 79,
      "y": 90,
      "width": 232,
      "height": 211
    },
    "offset": {
      "x": 7.5,
      "y": -33.5
    },
    "originalSize": {
      "width": 375,
      "height": 324
    },
    "rotated": false,
    "capInsets": [
      0,
      0,
      0,
      0
    ],
    "vertices": {
      "rawPosition": [
        -116,
        -105.5,
        0,
        116,
        -105.5,
        0,
        -116,
        105.5,
        0,
        116,
        105.5,
        0
      ],
      "indexes": [
        0,
        1,
        2,
        2,
        1,
        3
      ],
      "uv": [
        79,
        234,
        311,
        234,
        79,
        23,
        311,
        23
      ],
      "nuv": [
        0.21066666666666667,
        0.07098765432098765,
        0.8293333333333334,
        0.07098765432098765,
        0.21066666666666667,
        0.7222222222222222,
        0.8293333333333334,
        0.7222222222222222
      ],
      "minPos": {
        "x": -116,
        "y": -105.5,
        "z": 0
      },
      "maxPos": {
        "x": 116,
        "y": 105.5,
        "z": 0
      }
    },
    "texture": "2804f819-a87c-48ad-bb9f-919b2dc02e2f@6c48a",
    "packable": true,
    "pixelsToUnit": 100,
    "pivot": {
      "x": 0.5,
      "y": 0.5
    },
    "meshType": 0
  }
}