{
  "__type__": "cc.SpriteFrame",
  "content": {
    "name": "sit_idle_14",
    "atlas": "",
    "rect": {
      "x": 25,
      "y": 47,
      "width": 69,
      "height": 135
    },
    "offset": {
      "x": -0.5,
      "y": -17
    },
    "originalSize": {
      "width": 120,
      "height": 195
    },
    "rotated": false,
    "capInsets": [
      0,
      0,
      0,
      0
    ],
    "vertices": {
      "rawPosition": [
        -34.5,
        -67.5,
        0,
        34.5,
        -67.5,
        0,
        -34.5,
        67.5,
        0,
        34.5,
        67.5,
        0
      ],
      "indexes": [
        0,
        1,
        2,
        2,
        1,
        3
      ],
      "uv": [
        25,
        148,
        94,
        148,
        25,
        13,
        94,
        13
      ],
      "nuv": [
        0.20833333333333334,
        0.06666666666666667,
        0.7833333333333333,
        0.06666666666666667,
        0.20833333333333334,
        0.7589743589743589,
        0.7833333333333333,
        0.7589743589743589
      ],
      "minPos": {
        "x": -34.5,
        "y": -67.5,
        "z": 0
      },
      "maxPos": {
        "x": 34.5,
        "y": 67.5,
        "z": 0
      }
    },
    "texture": "28234697-3a87-4de0-a9ad-5f8c31ea558e@6c48a",
    "packable": true,
    "pixelsToUnit": 100,
    "pivot": {
      "x": 0.5,
      "y": 0.5
    },
    "meshType": 0
  }
}