{
  "__type__": "cc.SpriteFrame",
  "content": {
    "name": "1_044",
    "atlas": "",
    "rect": {
      "x": 34,
      "y": 56,
      "width": 306,
      "height": 229
    },
    "offset": {
      "x": -0.5,
      "y": -8.5
    },
    "originalSize": {
      "width": 375,
      "height": 324
    },
    "rotated": false,
    "capInsets": [
      0,
      0,
      0,
      0
    ],
    "vertices": {
      "rawPosition": [
        -153,
        -114.5,
        0,
        153,
        -114.5,
        0,
        -153,
        114.5,
        0,
        153,
        114.5,
        0
      ],
      "indexes": [
        0,
        1,
        2,
        2,
        1,
        3
      ],
      "uv": [
        34,
        268,
        340,
        268,
        34,
        39,
        340,
        39
      ],
      "nuv": [
        0.09066666666666667,
        0.12037037037037036,
        0.9066666666666666,
        0.12037037037037036,
        0.09066666666666667,
        0.8271604938271605,
        0.9066666666666666,
        0.8271604938271605
      ],
      "minPos": {
        "x": -153,
        "y": -114.5,
        "z": 0
      },
      "maxPos": {
        "x": 153,
        "y": 114.5,
        "z": 0
      }
    },
    "texture": "283aef9f-cda6-4f9b-829e-9752dcd8f1e1@6c48a",
    "packable": true,
    "pixelsToUnit": 100,
    "pivot": {
      "x": 0.5,
      "y": 0.5
    },
    "meshType": 0
  }
}