{
  "__type__": "cc.SpriteFrame",
  "content": {
    "name": "1_12",
    "atlas": "",
    "rect": {
      "x": 38,
      "y": 46,
      "width": 152,
      "height": 160
    },
    "offset": {
      "x": 4,
      "y": -16
    },
    "originalSize": {
      "width": 220,
      "height": 220
    },
    "rotated": false,
    "capInsets": [
      0,
      0,
      0,
      0
    ],
    "vertices": {
      "rawPosition": [
        -76,
        -80,
        0,
        76,
        -80,
        0,
        -76,
        80,
        0,
        76,
        80,
        0
      ],
      "indexes": [
        0,
        1,
        2,
        2,
        1,
        3
      ],
      "uv": [
        38,
        174,
        190,
        174,
        38,
        14,
        190,
        14
      ],
      "nuv": [
        0.17272727272727273,
        0.06363636363636363,
        0.8636363636363636,
        0.06363636363636363,
        0.17272727272727273,
        0.7909090909090909,
        0.8636363636363636,
        0.7909090909090909
      ],
      "minPos": {
        "x": -76,
        "y": -80,
        "z": 0
      },
      "maxPos": {
        "x": 76,
        "y": 80,
        "z": 0
      }
    },
    "texture": "2858e002-e754-425f-b3e7-6fb1a79463c4@6c48a",
    "packable": true,
    "pixelsToUnit": 100,
    "pivot": {
      "x": 0.5,
      "y": 0.5
    },
    "meshType": 0
  }
}