{
  "__type__": "cc.SpriteFrame",
  "content": {
    "name": "sit_idle_19",
    "atlas": "",
    "rect": {
      "x": 29,
      "y": 47,
      "width": 53,
      "height": 137
    },
    "offset": {
      "x": -4.5,
      "y": -18
    },
    "originalSize": {
      "width": 120,
      "height": 195
    },
    "rotated": false,
    "capInsets": [
      0,
      0,
      0,
      0
    ],
    "vertices": {
      "rawPosition": [
        -26.5,
        -68.5,
        0,
        26.5,
        -68.5,
        0,
        -26.5,
        68.5,
        0,
        26.5,
        68.5,
        0
      ],
      "indexes": [
        0,
        1,
        2,
        2,
        1,
        3
      ],
      "uv": [
        29,
        148,
        82,
        148,
        29,
        11,
        82,
        11
      ],
      "nuv": [
        0.24166666666666667,
        0.05641025641025641,
        0.6833333333333333,
        0.05641025641025641,
        0.24166666666666667,
        0.7589743589743589,
        0.6833333333333333,
        0.7589743589743589
      ],
      "minPos": {
        "x": -26.5,
        "y": -68.5,
        "z": 0
      },
      "maxPos": {
        "x": 26.5,
        "y": 68.5,
        "z": 0
      }
    },
    "texture": "286ed542-9c5a-4594-b534-b79a868db71e@6c48a",
    "packable": true,
    "pixelsToUnit": 100,
    "pivot": {
      "x": 0.5,
      "y": 0.5
    },
    "meshType": 0
  }
}