{
  "__type__": "cc.SpriteFrame",
  "content": {
    "name": "1_00",
    "atlas": "",
    "rect": {
      "x": 75,
      "y": 88,
      "width": 52,
      "height": 58
    },
    "offset": {
      "x": -9,
      "y": -7
    },
    "originalSize": {
      "width": 220,
      "height": 220
    },
    "rotated": false,
    "capInsets": [
      0,
      0,
      0,
      0
    ],
    "vertices": {
      "rawPosition": [
        -26,
        -29,
        0,
        26,
        -29,
        0,
        -26,
        29,
        0,
        26,
        29,
        0
      ],
      "indexes": [
        0,
        1,
        2,
        2,
        1,
        3
      ],
      "uv": [
        75,
        132,
        127,
        132,
        75,
        74,
        127,
        74
      ],
      "nuv": [
        0.3409090909090909,
        0.33636363636363636,
        0.5772727272727273,
        0.33636363636363636,
        0.3409090909090909,
        0.6,
        0.5772727272727273,
        0.6
      ],
      "minPos": {
        "x": -26,
        "y": -29,
        "z": 0
      },
      "maxPos": {
        "x": 26,
        "y": 29,
        "z": 0
      }
    },
    "texture": "2882df49-c6e7-4f59-869a-bf10c04fe195@6c48a",
    "packable": true,
    "pixelsToUnit": 100,
    "pivot": {
      "x": 0.5,
      "y": 0.5
    },
    "meshType": 0
  }
}