{
  "__type__": "cc.SpriteFrame",
  "content": {
    "name": "1_083",
    "atlas": "",
    "rect": {
      "x": 67,
      "y": 80,
      "width": 203,
      "height": 221
    },
    "offset": {
      "x": -19,
      "y": -28.5
    },
    "originalSize": {
      "width": 375,
      "height": 324
    },
    "rotated": false,
    "capInsets": [
      0,
      0,
      0,
      0
    ],
    "vertices": {
      "rawPosition": [
        -101.5,
        -110.5,
        0,
        101.5,
        -110.5,
        0,
        -101.5,
        110.5,
        0,
        101.5,
        110.5,
        0
      ],
      "indexes": [
        0,
        1,
        2,
        2,
        1,
        3
      ],
      "uv": [
        67,
        244,
        270,
        244,
        67,
        23,
        270,
        23
      ],
      "nuv": [
        0.17866666666666667,
        0.07098765432098765,
        0.72,
        0.07098765432098765,
        0.17866666666666667,
        0.7530864197530864,
        0.72,
        0.7530864197530864
      ],
      "minPos": {
        "x": -101.5,
        "y": -110.5,
        "z": 0
      },
      "maxPos": {
        "x": 101.5,
        "y": 110.5,
        "z": 0
      }
    },
    "texture": "289eb70a-5119-4336-9379-0a38e13e4964@6c48a",
    "packable": true,
    "pixelsToUnit": 100,
    "pivot": {
      "x": 0.5,
      "y": 0.5
    },
    "meshType": 0
  }
}