{
  "__type__": "cc.SpriteFrame",
  "content": {
    "name": "1_01",
    "atlas": "",
    "rect": {
      "x": 79,
      "y": 78,
      "width": 63,
      "height": 63
    },
    "offset": {
      "x": 0.5,
      "y": 0.5
    },
    "originalSize": {
      "width": 220,
      "height": 220
    },
    "rotated": false,
    "capInsets": [
      0,
      0,
      0,
      0
    ],
    "vertices": {
      "rawPosition": [
        -31.5,
        -31.5,
        0,
        31.5,
        -31.5,
        0,
        -31.5,
        31.5,
        0,
        31.5,
        31.5,
        0
      ],
      "indexes": [
        0,
        1,
        2,
        2,
        1,
        3
      ],
      "uv": [
        79,
        142,
        142,
        142,
        79,
        79,
        142,
        79
      ],
      "nuv": [
        0.35909090909090907,
        0.35909090909090907,
        0.6454545454545455,
        0.35909090909090907,
        0.35909090909090907,
        0.6454545454545455,
        0.6454545454545455,
        0.6454545454545455
      ],
      "minPos": {
        "x": -31.5,
        "y": -31.5,
        "z": 0
      },
      "maxPos": {
        "x": 31.5,
        "y": 31.5,
        "z": 0
      }
    },
    "texture": "28d06062-eae9-43ea-b35b-52c4a1fc6c96@6c48a",
    "packable": true,
    "pixelsToUnit": 100,
    "pivot": {
      "x": 0.5,
      "y": 0.5
    },
    "meshType": 0
  }
}