{
  "__type__": "cc.SpriteFrame",
  "content": {
    "name": "1_24",
    "atlas": "",
    "rect": {
      "x": 52,
      "y": 49,
      "width": 148,
      "height": 159
    },
    "offset": {
      "x": 16,
      "y": -18.5
    },
    "originalSize": {
      "width": 220,
      "height": 220
    },
    "rotated": false,
    "capInsets": [
      0,
      0,
      0,
      0
    ],
    "vertices": {
      "rawPosition": [
        -74,
        -79.5,
        0,
        74,
        -79.5,
        0,
        -74,
        79.5,
        0,
        74,
        79.5,
        0
      ],
      "indexes": [
        0,
        1,
        2,
        2,
        1,
        3
      ],
      "uv": [
        52,
        171,
        200,
        171,
        52,
        12,
        200,
        12
      ],
      "nuv": [
        0.23636363636363636,
        0.05454545454545454,
        0.9090909090909091,
        0.05454545454545454,
        0.23636363636363636,
        0.7772727272727272,
        0.9090909090909091,
        0.7772727272727272
      ],
      "minPos": {
        "x": -74,
        "y": -79.5,
        "z": 0
      },
      "maxPos": {
        "x": 74,
        "y": 79.5,
        "z": 0
      }
    },
    "texture": "28f99fda-6cf0-4e53-9f9d-38f1a168f9df@6c48a",
    "packable": true,
    "pixelsToUnit": 100,
    "pivot": {
      "x": 0.5,
      "y": 0.5
    },
    "meshType": 0
  }
}