{
  "__type__": "cc.SpriteFrame",
  "content": {
    "name": "1_169",
    "atlas": "",
    "rect": {
      "x": 79,
      "y": 87,
      "width": 191,
      "height": 214
    },
    "offset": {
      "x": -13,
      "y": -32
    },
    "originalSize": {
      "width": 375,
      "height": 324
    },
    "rotated": false,
    "capInsets": [
      0,
      0,
      0,
      0
    ],
    "vertices": {
      "rawPosition": [
        -95.5,
        -107,
        0,
        95.5,
        -107,
        0,
        -95.5,
        107,
        0,
        95.5,
        107,
        0
      ],
      "indexes": [
        0,
        1,
        2,
        2,
        1,
        3
      ],
      "uv": [
        79,
        237,
        270,
        237,
        79,
        23,
        270,
        23
      ],
      "nuv": [
        0.21066666666666667,
        0.07098765432098765,
        0.72,
        0.07098765432098765,
        0.21066666666666667,
        0.7314814814814815,
        0.72,
        0.7314814814814815
      ],
      "minPos": {
        "x": -95.5,
        "y": -107,
        "z": 0
      },
      "maxPos": {
        "x": 95.5,
        "y": 107,
        "z": 0
      }
    },
    "texture": "a91b7d74-bae7-48f5-a37a-8e8a17ca5e55@6c48a",
    "packable": true,
    "pixelsToUnit": 100,
    "pivot": {
      "x": 0.5,
      "y": 0.5
    },
    "meshType": 0
  }
}