{
  "__type__": "cc.SpriteFrame",
  "content": {
    "name": "1_23",
    "atlas": "",
    "rect": {
      "x": 68,
      "y": 51,
      "width": 128,
      "height": 154
    },
    "offset": {
      "x": 22,
      "y": -18
    },
    "originalSize": {
      "width": 220,
      "height": 220
    },
    "rotated": false,
    "capInsets": [
      0,
      0,
      0,
      0
    ],
    "vertices": {
      "rawPosition": [
        -64,
        -77,
        0,
        64,
        -77,
        0,
        -64,
        77,
        0,
        64,
        77,
        0
      ],
      "indexes": [
        0,
        1,
        2,
        2,
        1,
        3
      ],
      "uv": [
        68,
        169,
        196,
        169,
        68,
        15,
        196,
        15
      ],
      "nuv": [
        0.3090909090909091,
        0.06818181818181818,
        0.8909090909090909,
        0.06818181818181818,
        0.3090909090909091,
        0.7681818181818182,
        0.8909090909090909,
        0.7681818181818182
      ],
      "minPos": {
        "x": -64,
        "y": -77,
        "z": 0
      },
      "maxPos": {
        "x": 64,
        "y": 77,
        "z": 0
      }
    },
    "texture": "a958315c-71fe-448a-896c-ee745427e8b4@6c48a",
    "packable": true,
    "pixelsToUnit": 100,
    "pivot": {
      "x": 0.5,
      "y": 0.5
    },
    "meshType": 0
  }
}