{
  "__type__": "cc.SpriteFrame",
  "content": {
    "name": "1_27",
    "atlas": "",
    "rect": {
      "x": 36,
      "y": 44,
      "width": 141,
      "height": 162
    },
    "offset": {
      "x": -3.5,
      "y": -15
    },
    "originalSize": {
      "width": 220,
      "height": 220
    },
    "rotated": false,
    "capInsets": [
      0,
      0,
      0,
      0
    ],
    "vertices": {
      "rawPosition": [
        -70.5,
        -81,
        0,
        70.5,
        -81,
        0,
        -70.5,
        81,
        0,
        70.5,
        81,
        0
      ],
      "indexes": [
        0,
        1,
        2,
        2,
        1,
        3
      ],
      "uv": [
        36,
        176,
        177,
        176,
        36,
        14,
        177,
        14
      ],
      "nuv": [
        0.16363636363636364,
        0.06363636363636363,
        0.8045454545454546,
        0.06363636363636363,
        0.16363636363636364,
        0.8,
        0.8045454545454546,
        0.8
      ],
      "minPos": {
        "x": -70.5,
        "y": -81,
        "z": 0
      },
      "maxPos": {
        "x": 70.5,
        "y": 81,
        "z": 0
      }
    },
    "texture": "a9d6b273-ffba-4ad0-8b1f-fb86d7f61059@6c48a",
    "packable": true,
    "pixelsToUnit": 100,
    "pivot": {
      "x": 0.5,
      "y": 0.5
    },
    "meshType": 0
  }
}