{
  "__type__": "cc.SpriteFrame",
  "content": {
    "name": "sit2_00",
    "atlas": "",
    "rect": {
      "x": 33,
      "y": 27,
      "width": 49,
      "height": 155
    },
    "offset": {
      "x": -2.5,
      "y": -7
    },
    "originalSize": {
      "width": 120,
      "height": 195
    },
    "rotated": false,
    "capInsets": [
      0,
      0,
      0,
      0
    ],
    "vertices": {
      "rawPosition": [
        -24.5,
        -77.5,
        0,
        24.5,
        -77.5,
        0,
        -24.5,
        77.5,
        0,
        24.5,
        77.5,
        0
      ],
      "indexes": [
        0,
        1,
        2,
        2,
        1,
        3
      ],
      "uv": [
        33,
        168,
        82,
        168,
        33,
        13,
        82,
        13
      ],
      "nuv": [
        0.275,
        0.06666666666666667,
        0.6833333333333333,
        0.06666666666666667,
        0.275,
        0.8615384615384616,
        0.6833333333333333,
        0.8615384615384616
      ],
      "minPos": {
        "x": -24.5,
        "y": -77.5,
        "z": 0
      },
      "maxPos": {
        "x": 24.5,
        "y": 77.5,
        "z": 0
      }
    },
    "texture": "f473ed61-f6ed-48f4-82ea-0946fbbaa2b3@6c48a",
    "packable": true,
    "pixelsToUnit": 100,
    "pivot": {
      "x": 0.5,
      "y": 0.5
    },
    "meshType": 0
  }
}