{
  "__type__": "cc.SpriteFrame",
  "content": {
    "name": "1_18",
    "atlas": "",
    "rect": {
      "x": 49,
      "y": 50,
      "width": 135,
      "height": 152
    },
    "offset": {
      "x": 6.5,
      "y": -16
    },
    "originalSize": {
      "width": 220,
      "height": 220
    },
    "rotated": false,
    "capInsets": [
      0,
      0,
      0,
      0
    ],
    "vertices": {
      "rawPosition": [
        -67.5,
        -76,
        0,
        67.5,
        -76,
        0,
        -67.5,
        76,
        0,
        67.5,
        76,
        0
      ],
      "indexes": [
        0,
        1,
        2,
        2,
        1,
        3
      ],
      "uv": [
        49,
        170,
        184,
        170,
        49,
        18,
        184,
        18
      ],
      "nuv": [
        0.22272727272727272,
        0.08181818181818182,
        0.8363636363636363,
        0.08181818181818182,
        0.22272727272727272,
        0.7727272727272727,
        0.8363636363636363,
        0.7727272727272727
      ],
      "minPos": {
        "x": -67.5,
        "y": -76,
        "z": 0
      },
      "maxPos": {
        "x": 67.5,
        "y": 76,
        "z": 0
      }
    },
    "texture": "f4a231f2-630c-4728-a4ba-29114a8f523d@6c48a",
    "packable": true,
    "pixelsToUnit": 100,
    "pivot": {
      "x": 0.5,
      "y": 0.5
    },
    "meshType": 0
  }
}