{
  "__type__": "cc.SpriteFrame",
  "content": {
    "name": "1_33",
    "atlas": "",
    "rect": {
      "x": 38,
      "y": 46,
      "width": 146,
      "height": 160
    },
    "offset": {
      "x": 1,
      "y": -16
    },
    "originalSize": {
      "width": 220,
      "height": 220
    },
    "rotated": false,
    "capInsets": [
      0,
      0,
      0,
      0
    ],
    "vertices": {
      "rawPosition": [
        -73,
        -80,
        0,
        73,
        -80,
        0,
        -73,
        80,
        0,
        73,
        80,
        0
      ],
      "indexes": [
        0,
        1,
        2,
        2,
        1,
        3
      ],
      "uv": [
        38,
        174,
        184,
        174,
        38,
        14,
        184,
        14
      ],
      "nuv": [
        0.17272727272727273,
        0.06363636363636363,
        0.8363636363636363,
        0.06363636363636363,
        0.17272727272727273,
        0.7909090909090909,
        0.8363636363636363,
        0.7909090909090909
      ],
      "minPos": {
        "x": -73,
        "y": -80,
        "z": 0
      },
      "maxPos": {
        "x": 73,
        "y": 80,
        "z": 0
      }
    },
    "texture": "f4b4c81e-3a56-4fda-b139-84bfef63db0b@6c48a",
    "packable": true,
    "pixelsToUnit": 100,
    "pivot": {
      "x": 0.5,
      "y": 0.5
    },
    "meshType": 0
  }
}