{
  "__type__": "cc.SpriteFrame",
  "content": {
    "name": "1_045",
    "atlas": "",
    "rect": {
      "x": 25,
      "y": 53,
      "width": 326,
      "height": 232
    },
    "offset": {
      "x": 0.5,
      "y": -7
    },
    "originalSize": {
      "width": 375,
      "height": 324
    },
    "rotated": false,
    "capInsets": [
      0,
      0,
      0,
      0
    ],
    "vertices": {
      "rawPosition": [
        -163,
        -116,
        0,
        163,
        -116,
        0,
        -163,
        116,
        0,
        163,
        116,
        0
      ],
      "indexes": [
        0,
        1,
        2,
        2,
        1,
        3
      ],
      "uv": [
        25,
        271,
        351,
        271,
        25,
        39,
        351,
        39
      ],
      "nuv": [
        0.06666666666666667,
        0.12037037037037036,
        0.936,
        0.12037037037037036,
        0.06666666666666667,
        0.8364197530864198,
        0.936,
        0.8364197530864198
      ],
      "minPos": {
        "x": -163,
        "y": -116,
        "z": 0
      },
      "maxPos": {
        "x": 163,
        "y": 116,
        "z": 0
      }
    },
    "texture": "a749e8e3-7a67-4402-82b0-794ab8628683@6c48a",
    "packable": true,
    "pixelsToUnit": 100,
    "pivot": {
      "x": 0.5,
      "y": 0.5
    },
    "meshType": 0
  }
}