{
  "__type__": "cc.SpriteFrame",
  "content": {
    "name": "tu01-stand_79",
    "atlas": "",
    "rect": {
      "x": 40,
      "y": 66,
      "width": 155,
      "height": 147
    },
    "offset": {
      "x": 7.5,
      "y": -29.5
    },
    "originalSize": {
      "width": 220,
      "height": 220
    },
    "rotated": false,
    "capInsets": [
      0,
      0,
      0,
      0
    ],
    "vertices": {
      "rawPosition": [
        -77.5,
        -73.5,
        0,
        77.5,
        -73.5,
        0,
        -77.5,
        73.5,
        0,
        77.5,
        73.5,
        0
      ],
      "indexes": [
        0,
        1,
        2,
        2,
        1,
        3
      ],
      "uv": [
        40,
        154,
        195,
        154,
        40,
        7,
        195,
        7
      ],
      "nuv": [
        0.18181818181818182,
        0.031818181818181815,
        0.8863636363636364,
        0.031818181818181815,
        0.18181818181818182,
        0.7,
        0.8863636363636364,
        0.7
      ],
      "minPos": {
        "x": -77.5,
        "y": -73.5,
        "z": 0
      },
      "maxPos": {
        "x": 77.5,
        "y": 73.5,
        "z": 0
      }
    },
    "texture": "a75a4786-76d0-4fda-9377-d08366527fc6@6c48a",
    "packable": true,
    "pixelsToUnit": 100,
    "pivot": {
      "x": 0.5,
      "y": 0.5
    },
    "meshType": 0
  }
}