{
  "__type__": "cc.SpriteFrame",
  "content": {
    "name": "sit_idle_21",
    "atlas": "",
    "rect": {
      "x": 33,
      "y": 41,
      "width": 52,
      "height": 141
    },
    "offset": {
      "x": -1,
      "y": -14
    },
    "originalSize": {
      "width": 120,
      "height": 195
    },
    "rotated": false,
    "capInsets": [
      0,
      0,
      0,
      0
    ],
    "vertices": {
      "rawPosition": [
        -26,
        -70.5,
        0,
        26,
        -70.5,
        0,
        -26,
        70.5,
        0,
        26,
        70.5,
        0
      ],
      "indexes": [
        0,
        1,
        2,
        2,
        1,
        3
      ],
      "uv": [
        33,
        154,
        85,
        154,
        33,
        13,
        85,
        13
      ],
      "nuv": [
        0.275,
        0.06666666666666667,
        0.7083333333333334,
        0.06666666666666667,
        0.275,
        0.7897435897435897,
        0.7083333333333334,
        0.7897435897435897
      ],
      "minPos": {
        "x": -26,
        "y": -70.5,
        "z": 0
      },
      "maxPos": {
        "x": 26,
        "y": 70.5,
        "z": 0
      }
    },
    "texture": "a7897d74-dcc3-4204-be68-dd47e624bf02@6c48a",
    "packable": true,
    "pixelsToUnit": 100,
    "pivot": {
      "x": 0.5,
      "y": 0.5
    },
    "meshType": 0
  }
}