{
  "__type__": "cc.SpriteFrame",
  "content": {
    "name": "tu01-stand_67",
    "atlas": "",
    "rect": {
      "x": 17,
      "y": 64,
      "width": 154,
      "height": 149
    },
    "offset": {
      "x": -16,
      "y": -28.5
    },
    "originalSize": {
      "width": 220,
      "height": 220
    },
    "rotated": false,
    "capInsets": [
      0,
      0,
      0,
      0
    ],
    "vertices": {
      "rawPosition": [
        -77,
        -74.5,
        0,
        77,
        -74.5,
        0,
        -77,
        74.5,
        0,
        77,
        74.5,
        0
      ],
      "indexes": [
        0,
        1,
        2,
        2,
        1,
        3
      ],
      "uv": [
        17,
        156,
        171,
        156,
        17,
        7,
        171,
        7
      ],
      "nuv": [
        0.07727272727272727,
        0.031818181818181815,
        0.7772727272727272,
        0.031818181818181815,
        0.07727272727272727,
        0.7090909090909091,
        0.7772727272727272,
        0.7090909090909091
      ],
      "minPos": {
        "x": -77,
        "y": -74.5,
        "z": 0
      },
      "maxPos": {
        "x": 77,
        "y": 74.5,
        "z": 0
      }
    },
    "texture": "bf89fdf7-f2c9-4f84-af7d-f2f8b667af73@6c48a",
    "packable": true,
    "pixelsToUnit": 100,
    "pivot": {
      "x": 0.5,
      "y": 0.5
    },
    "meshType": 0
  }
}