{
  "__type__": "cc.SpriteFrame",
  "content": {
    "name": "1_31",
    "atlas": "",
    "rect": {
      "x": 52,
      "y": 48,
      "width": 141,
      "height": 160
    },
    "offset": {
      "x": 12.5,
      "y": -18
    },
    "originalSize": {
      "width": 220,
      "height": 220
    },
    "rotated": false,
    "capInsets": [
      0,
      0,
      0,
      0
    ],
    "vertices": {
      "rawPosition": [
        -70.5,
        -80,
        0,
        70.5,
        -80,
        0,
        -70.5,
        80,
        0,
        70.5,
        80,
        0
      ],
      "indexes": [
        0,
        1,
        2,
        2,
        1,
        3
      ],
      "uv": [
        52,
        172,
        193,
        172,
        52,
        12,
        193,
        12
      ],
      "nuv": [
        0.23636363636363636,
        0.05454545454545454,
        0.8772727272727273,
        0.05454545454545454,
        0.23636363636363636,
        0.7818181818181819,
        0.8772727272727273,
        0.7818181818181819
      ],
      "minPos": {
        "x": -70.5,
        "y": -80,
        "z": 0
      },
      "maxPos": {
        "x": 70.5,
        "y": 80,
        "z": 0
      }
    },
    "texture": "bf91b80a-7d91-4e37-bac7-09b9f7efe1ad@6c48a",
    "packable": true,
    "pixelsToUnit": 100,
    "pivot": {
      "x": 0.5,
      "y": 0.5
    },
    "meshType": 0
  }
}