{
  "__type__": "cc.SpriteFrame",
  "content": {
    "name": "1_012",
    "atlas": "",
    "rect": {
      "x": 171,
      "y": 114,
      "width": 114,
      "height": 143
    },
    "offset": {
      "x": 40.5,
      "y": -23.5
    },
    "originalSize": {
      "width": 375,
      "height": 324
    },
    "rotated": false,
    "capInsets": [
      0,
      0,
      0,
      0
    ],
    "vertices": {
      "rawPosition": [
        -57,
        -71.5,
        0,
        57,
        -71.5,
        0,
        -57,
        71.5,
        0,
        57,
        71.5,
        0
      ],
      "indexes": [
        0,
        1,
        2,
        2,
        1,
        3
      ],
      "uv": [
        171,
        210,
        285,
        210,
        171,
        67,
        285,
        67
      ],
      "nuv": [
        0.456,
        0.20679012345679013,
        0.76,
        0.20679012345679013,
        0.456,
        0.6481481481481481,
        0.76,
        0.6481481481481481
      ],
      "minPos": {
        "x": -57,
        "y": -71.5,
        "z": 0
      },
      "maxPos": {
        "x": 57,
        "y": 71.5,
        "z": 0
      }
    },
    "texture": "bff104d9-ecce-4a48-9065-1a882654c29d@6c48a",
    "packable": true,
    "pixelsToUnit": 100,
    "pivot": {
      "x": 0.5,
      "y": 0.5
    },
    "meshType": 0
  }
}