{
  "__type__": "cc.SpriteFrame",
  "content": {
    "name": "sit2_10",
    "atlas": "",
    "rect": {
      "x": 36,
      "y": 44,
      "width": 53,
      "height": 138
    },
    "offset": {
      "x": 2.5,
      "y": -15.5
    },
    "originalSize": {
      "width": 120,
      "height": 195
    },
    "rotated": false,
    "capInsets": [
      0,
      0,
      0,
      0
    ],
    "vertices": {
      "rawPosition": [
        -26.5,
        -69,
        0,
        26.5,
        -69,
        0,
        -26.5,
        69,
        0,
        26.5,
        69,
        0
      ],
      "indexes": [
        0,
        1,
        2,
        2,
        1,
        3
      ],
      "uv": [
        36,
        151,
        89,
        151,
        36,
        13,
        89,
        13
      ],
      "nuv": [
        0.3,
        0.06666666666666667,
        0.7416666666666667,
        0.06666666666666667,
        0.3,
        0.7743589743589744,
        0.7416666666666667,
        0.7743589743589744
      ],
      "minPos": {
        "x": -26.5,
        "y": -69,
        "z": 0
      },
      "maxPos": {
        "x": 26.5,
        "y": 69,
        "z": 0
      }
    },
    "texture": "c60b4db4-c457-4d4e-bce9-e358b542b706@6c48a",
    "packable": true,
    "pixelsToUnit": 100,
    "pivot": {
      "x": 0.5,
      "y": 0.5
    },
    "meshType": 0
  }
}