{
  "__type__": "cc.SpriteFrame",
  "content": {
    "name": "1_007",
    "atlas": "",
    "rect": {
      "x": 184,
      "y": 86,
      "width": 131,
      "height": 143
    },
    "offset": {
      "x": 62,
      "y": 4.5
    },
    "originalSize": {
      "width": 375,
      "height": 324
    },
    "rotated": false,
    "capInsets": [
      0,
      0,
      0,
      0
    ],
    "vertices": {
      "rawPosition": [
        -65.5,
        -71.5,
        0,
        65.5,
        -71.5,
        0,
        -65.5,
        71.5,
        0,
        65.5,
        71.5,
        0
      ],
      "indexes": [
        0,
        1,
        2,
        2,
        1,
        3
      ],
      "uv": [
        184,
        238,
        315,
        238,
        184,
        95,
        315,
        95
      ],
      "nuv": [
        0.49066666666666664,
        0.2932098765432099,
        0.84,
        0.2932098765432099,
        0.49066666666666664,
        0.7345679012345679,
        0.84,
        0.7345679012345679
      ],
      "minPos": {
        "x": -65.5,
        "y": -71.5,
        "z": 0
      },
      "maxPos": {
        "x": 65.5,
        "y": 71.5,
        "z": 0
      }
    },
    "texture": "c60bb2d1-d656-4080-8dac-3b4b3ae8fddc@6c48a",
    "packable": true,
    "pixelsToUnit": 100,
    "pivot": {
      "x": 0.5,
      "y": 0.5
    },
    "meshType": 0
  }
}