{
  "__type__": "cc.SpriteFrame",
  "content": {
    "name": "1_17",
    "atlas": "",
    "rect": {
      "x": 62,
      "y": 46,
      "width": 127,
      "height": 159
    },
    "offset": {
      "x": 15.5,
      "y": -15.5
    },
    "originalSize": {
      "width": 220,
      "height": 220
    },
    "rotated": false,
    "capInsets": [
      0,
      0,
      0,
      0
    ],
    "vertices": {
      "rawPosition": [
        -63.5,
        -79.5,
        0,
        63.5,
        -79.5,
        0,
        -63.5,
        79.5,
        0,
        63.5,
        79.5,
        0
      ],
      "indexes": [
        0,
        1,
        2,
        2,
        1,
        3
      ],
      "uv": [
        62,
        174,
        189,
        174,
        62,
        15,
        189,
        15
      ],
      "nuv": [
        0.2818181818181818,
        0.06818181818181818,
        0.8590909090909091,
        0.06818181818181818,
        0.2818181818181818,
        0.7909090909090909,
        0.8590909090909091,
        0.7909090909090909
      ],
      "minPos": {
        "x": -63.5,
        "y": -79.5,
        "z": 0
      },
      "maxPos": {
        "x": 63.5,
        "y": 79.5,
        "z": 0
      }
    },
    "texture": "c64af160-f3f5-40a5-a24f-969b2849d2ac@6c48a",
    "packable": true,
    "pixelsToUnit": 100,
    "pivot": {
      "x": 0.5,
      "y": 0.5
    },
    "meshType": 0
  }
}