{
  "__type__": "cc.SpriteFrame",
  "content": {
    "name": "1_05",
    "atlas": "",
    "rect": {
      "x": 37,
      "y": 45,
      "width": 146,
      "height": 154
    },
    "offset": {
      "x": 0,
      "y": -12
    },
    "originalSize": {
      "width": 220,
      "height": 220
    },
    "rotated": false,
    "capInsets": [
      0,
      0,
      0,
      0
    ],
    "vertices": {
      "rawPosition": [
        -73,
        -77,
        0,
        73,
        -77,
        0,
        -73,
        77,
        0,
        73,
        77,
        0
      ],
      "indexes": [
        0,
        1,
        2,
        2,
        1,
        3
      ],
      "uv": [
        37,
        175,
        183,
        175,
        37,
        21,
        183,
        21
      ],
      "nuv": [
        0.16818181818181818,
        0.09545454545454546,
        0.8318181818181818,
        0.09545454545454546,
        0.16818181818181818,
        0.7954545454545454,
        0.8318181818181818,
        0.7954545454545454
      ],
      "minPos": {
        "x": -73,
        "y": -77,
        "z": 0
      },
      "maxPos": {
        "x": 73,
        "y": 77,
        "z": 0
      }
    },
    "texture": "c64abba7-03a0-4b40-93fc-18ed1a222393@6c48a",
    "packable": true,
    "pixelsToUnit": 100,
    "pivot": {
      "x": 0.5,
      "y": 0.5
    },
    "meshType": 0
  }
}