{
  "__type__": "cc.SpriteFrame",
  "content": {
    "name": "1_43",
    "atlas": "",
    "rect": {
      "x": 13,
      "y": 13,
      "width": 200,
      "height": 148
    },
    "offset": {
      "x": 3,
      "y": 23
    },
    "originalSize": {
      "width": 220,
      "height": 220
    },
    "rotated": false,
    "capInsets": [
      0,
      0,
      0,
      0
    ],
    "vertices": {
      "rawPosition": [
        -100,
        -74,
        0,
        100,
        -74,
        0,
        -100,
        74,
        0,
        100,
        74,
        0
      ],
      "indexes": [
        0,
        1,
        2,
        2,
        1,
        3
      ],
      "uv": [
        13,
        207,
        213,
        207,
        13,
        59,
        213,
        59
      ],
      "nuv": [
        0.05909090909090909,
        0.2681818181818182,
        0.9681818181818181,
        0.2681818181818182,
        0.05909090909090909,
        0.9409090909090909,
        0.9681818181818181,
        0.9409090909090909
      ],
      "minPos": {
        "x": -100,
        "y": -74,
        "z": 0
      },
      "maxPos": {
        "x": 100,
        "y": 74,
        "z": 0
      }
    },
    "texture": "c676f120-976b-4fc0-9a4f-0778aa96a4cf@6c48a",
    "packable": true,
    "pixelsToUnit": 100,
    "pivot": {
      "x": 0.5,
      "y": 0.5
    },
    "meshType": 0
  }
}