{
  "__type__": "cc.SpriteFrame",
  "content": {
    "name": "sit2_09",
    "atlas": "",
    "rect": {
      "x": 24,
      "y": 41,
      "width": 63,
      "height": 143
    },
    "offset": {
      "x": -4.5,
      "y": -15
    },
    "originalSize": {
      "width": 120,
      "height": 195
    },
    "rotated": false,
    "capInsets": [
      0,
      0,
      0,
      0
    ],
    "vertices": {
      "rawPosition": [
        -31.5,
        -71.5,
        0,
        31.5,
        -71.5,
        0,
        -31.5,
        71.5,
        0,
        31.5,
        71.5,
        0
      ],
      "indexes": [
        0,
        1,
        2,
        2,
        1,
        3
      ],
      "uv": [
        24,
        154,
        87,
        154,
        24,
        11,
        87,
        11
      ],
      "nuv": [
        0.2,
        0.05641025641025641,
        0.725,
        0.05641025641025641,
        0.2,
        0.7897435897435897,
        0.725,
        0.7897435897435897
      ],
      "minPos": {
        "x": -31.5,
        "y": -71.5,
        "z": 0
      },
      "maxPos": {
        "x": 31.5,
        "y": 71.5,
        "z": 0
      }
    },
    "texture": "c6825ae0-66e3-4e90-9403-1dc35800645c@6c48a",
    "packable": true,
    "pixelsToUnit": 100,
    "pivot": {
      "x": 0.5,
      "y": 0.5
    },
    "meshType": 0
  }
}