{
  "__type__": "cc.SpriteFrame",
  "content": {
    "name": "1_16",
    "atlas": "",
    "rect": {
      "x": 45,
      "y": 46,
      "width": 147,
      "height": 153
    },
    "offset": {
      "x": 8.5,
      "y": -12.5
    },
    "originalSize": {
      "width": 220,
      "height": 220
    },
    "rotated": false,
    "capInsets": [
      0,
      0,
      0,
      0
    ],
    "vertices": {
      "rawPosition": [
        -73.5,
        -76.5,
        0,
        73.5,
        -76.5,
        0,
        -73.5,
        76.5,
        0,
        73.5,
        76.5,
        0
      ],
      "indexes": [
        0,
        1,
        2,
        2,
        1,
        3
      ],
      "uv": [
        45,
        174,
        192,
        174,
        45,
        21,
        192,
        21
      ],
      "nuv": [
        0.20454545454545456,
        0.09545454545454546,
        0.8727272727272727,
        0.09545454545454546,
        0.20454545454545456,
        0.7909090909090909,
        0.8727272727272727,
        0.7909090909090909
      ],
      "minPos": {
        "x": -73.5,
        "y": -76.5,
        "z": 0
      },
      "maxPos": {
        "x": 73.5,
        "y": 76.5,
        "z": 0
      }
    },
    "texture": "c68f10ab-9ef2-4d4c-b05e-3eec41268d62@6c48a",
    "packable": true,
    "pixelsToUnit": 100,
    "pivot": {
      "x": 0.5,
      "y": 0.5
    },
    "meshType": 0
  }
}