{
  "__type__": "cc.SpriteFrame",
  "content": {
    "name": "1_30",
    "atlas": "",
    "rect": {
      "x": 41,
      "y": 46,
      "width": 144,
      "height": 160
    },
    "offset": {
      "x": 3,
      "y": -16
    },
    "originalSize": {
      "width": 220,
      "height": 220
    },
    "rotated": false,
    "capInsets": [
      0,
      0,
      0,
      0
    ],
    "vertices": {
      "rawPosition": [
        -72,
        -80,
        0,
        72,
        -80,
        0,
        -72,
        80,
        0,
        72,
        80,
        0
      ],
      "indexes": [
        0,
        1,
        2,
        2,
        1,
        3
      ],
      "uv": [
        41,
        174,
        185,
        174,
        41,
        14,
        185,
        14
      ],
      "nuv": [
        0.18636363636363637,
        0.06363636363636363,
        0.8409090909090909,
        0.06363636363636363,
        0.18636363636363637,
        0.7909090909090909,
        0.8409090909090909,
        0.7909090909090909
      ],
      "minPos": {
        "x": -72,
        "y": -80,
        "z": 0
      },
      "maxPos": {
        "x": 72,
        "y": 80,
        "z": 0
      }
    },
    "texture": "c690347a-0088-466d-a2e0-41c44298140c@6c48a",
    "packable": true,
    "pixelsToUnit": 100,
    "pivot": {
      "x": 0.5,
      "y": 0.5
    },
    "meshType": 0
  }
}