{
  "__type__": "cc.SpriteFrame",
  "content": {
    "name": "0016",
    "atlas": "",
    "rect": {
      "x": 20,
      "y": 39,
      "width": 110,
      "height": 64
    },
    "offset": {
      "x": 0,
      "y": 4
    },
    "originalSize": {
      "width": 150,
      "height": 150
    },
    "rotated": false,
    "capInsets": [
      0,
      0,
      0,
      0
    ],
    "vertices": {
      "rawPosition": [
        -55,
        -32,
        0,
        55,
        -32,
        0,
        -55,
        32,
        0,
        55,
        32,
        0
      ],
      "indexes": [
        0,
        1,
        2,
        2,
        1,
        3
      ],
      "uv": [
        20,
        111,
        130,
        111,
        20,
        47,
        130,
        47
      ],
      "nuv": [
        0.13333333333333333,
        0.31333333333333335,
        0.8666666666666667,
        0.31333333333333335,
        0.13333333333333333,
        0.74,
        0.8666666666666667,
        0.74
      ],
      "minPos": {
        "x": -55,
        "y": -32,
        "z": 0
      },
      "maxPos": {
        "x": 55,
        "y": 32,
        "z": 0
      }
    },
    "texture": "c6c41017-292b-4cad-9d20-8733da41e2b8@6c48a",
    "packable": true,
    "pixelsToUnit": 100,
    "pivot": {
      "x": 0.5,
      "y": 0.5
    },
    "meshType": 0
  }
}