{
  "__type__": "cc.SpriteFrame",
  "content": {
    "name": "1_06",
    "atlas": "",
    "rect": {
      "x": 38,
      "y": 48,
      "width": 139,
      "height": 153
    },
    "offset": {
      "x": -2.5,
      "y": -14.5
    },
    "originalSize": {
      "width": 220,
      "height": 220
    },
    "rotated": false,
    "capInsets": [
      0,
      0,
      0,
      0
    ],
    "vertices": {
      "rawPosition": [
        -69.5,
        -76.5,
        0,
        69.5,
        -76.5,
        0,
        -69.5,
        76.5,
        0,
        69.5,
        76.5,
        0
      ],
      "indexes": [
        0,
        1,
        2,
        2,
        1,
        3
      ],
      "uv": [
        38,
        172,
        177,
        172,
        38,
        19,
        177,
        19
      ],
      "nuv": [
        0.17272727272727273,
        0.08636363636363636,
        0.8045454545454546,
        0.08636363636363636,
        0.17272727272727273,
        0.7818181818181819,
        0.8045454545454546,
        0.7818181818181819
      ],
      "minPos": {
        "x": -69.5,
        "y": -76.5,
        "z": 0
      },
      "maxPos": {
        "x": 69.5,
        "y": 76.5,
        "z": 0
      }
    },
    "texture": "c6ef6292-4084-487a-bd1e-b837ba0106d0@6c48a",
    "packable": true,
    "pixelsToUnit": 100,
    "pivot": {
      "x": 0.5,
      "y": 0.5
    },
    "meshType": 0
  }
}