{
  "__type__": "cc.SpriteFrame",
  "content": {
    "name": "1_036",
    "atlas": "",
    "rect": {
      "x": 79,
      "y": 83,
      "width": 191,
      "height": 202
    },
    "offset": {
      "x": -13,
      "y": -22
    },
    "originalSize": {
      "width": 375,
      "height": 324
    },
    "rotated": false,
    "capInsets": [
      0,
      0,
      0,
      0
    ],
    "vertices": {
      "rawPosition": [
        -95.5,
        -101,
        0,
        95.5,
        -101,
        0,
        -95.5,
        101,
        0,
        95.5,
        101,
        0
      ],
      "indexes": [
        0,
        1,
        2,
        2,
        1,
        3
      ],
      "uv": [
        79,
        241,
        270,
        241,
        79,
        39,
        270,
        39
      ],
      "nuv": [
        0.21066666666666667,
        0.12037037037037036,
        0.72,
        0.12037037037037036,
        0.21066666666666667,
        0.7438271604938271,
        0.72,
        0.7438271604938271
      ],
      "minPos": {
        "x": -95.5,
        "y": -101,
        "z": 0
      },
      "maxPos": {
        "x": 95.5,
        "y": 101,
        "z": 0
      }
    },
    "texture": "c6f559d0-f9d1-4c9c-9c9e-4c434378b2ac@6c48a",
    "packable": true,
    "pixelsToUnit": 100,
    "pivot": {
      "x": 0.5,
      "y": 0.5
    },
    "meshType": 0
  }
}