{
  "__type__": "cc.SpriteFrame",
  "content": {
    "name": "1_065",
    "atlas": "",
    "rect": {
      "x": 79,
      "y": 134,
      "width": 191,
      "height": 167
    },
    "offset": {
      "x": -13,
      "y": -55.5
    },
    "originalSize": {
      "width": 375,
      "height": 324
    },
    "rotated": false,
    "capInsets": [
      0,
      0,
      0,
      0
    ],
    "vertices": {
      "rawPosition": [
        -95.5,
        -83.5,
        0,
        95.5,
        -83.5,
        0,
        -95.5,
        83.5,
        0,
        95.5,
        83.5,
        0
      ],
      "indexes": [
        0,
        1,
        2,
        2,
        1,
        3
      ],
      "uv": [
        79,
        190,
        270,
        190,
        79,
        23,
        270,
        23
      ],
      "nuv": [
        0.21066666666666667,
        0.07098765432098765,
        0.72,
        0.07098765432098765,
        0.21066666666666667,
        0.5864197530864198,
        0.72,
        0.5864197530864198
      ],
      "minPos": {
        "x": -95.5,
        "y": -83.5,
        "z": 0
      },
      "maxPos": {
        "x": 95.5,
        "y": 83.5,
        "z": 0
      }
    },
    "texture": "c6fa0480-a5a4-4ecb-a78d-4861dd0d045f@6c48a",
    "packable": true,
    "pixelsToUnit": 100,
    "pivot": {
      "x": 0.5,
      "y": 0.5
    },
    "meshType": 0
  }
}