{
  "__type__": "cc.SpriteFrame",
  "content": {
    "name": "1_49",
    "atlas": "",
    "rect": {
      "x": 22,
      "y": 33,
      "width": 137,
      "height": 168
    },
    "offset": {
      "x": -19.5,
      "y": -7
    },
    "originalSize": {
      "width": 220,
      "height": 220
    },
    "rotated": false,
    "capInsets": [
      0,
      0,
      0,
      0
    ],
    "vertices": {
      "rawPosition": [
        -68.5,
        -84,
        0,
        68.5,
        -84,
        0,
        -68.5,
        84,
        0,
        68.5,
        84,
        0
      ],
      "indexes": [
        0,
        1,
        2,
        2,
        1,
        3
      ],
      "uv": [
        22,
        187,
        159,
        187,
        22,
        19,
        159,
        19
      ],
      "nuv": [
        0.1,
        0.08636363636363636,
        0.7227272727272728,
        0.08636363636363636,
        0.1,
        0.85,
        0.7227272727272728,
        0.85
      ],
      "minPos": {
        "x": -68.5,
        "y": -84,
        "z": 0
      },
      "maxPos": {
        "x": 68.5,
        "y": 84,
        "z": 0
      }
    },
    "texture": "97229951-a660-4508-ba26-0208462292c5@6c48a",
    "packable": true,
    "pixelsToUnit": 100,
    "pivot": {
      "x": 0.5,
      "y": 0.5
    },
    "meshType": 0
  }
}