{
  "__type__": "cc.SpriteFrame",
  "content": {
    "name": "1_31",
    "atlas": "",
    "rect": {
      "x": 51,
      "y": 58,
      "width": 133,
      "height": 139
    },
    "offset": {
      "x": 7.5,
      "y": -17.5
    },
    "originalSize": {
      "width": 220,
      "height": 220
    },
    "rotated": false,
    "capInsets": [
      0,
      0,
      0,
      0
    ],
    "vertices": {
      "rawPosition": [
        -66.5,
        -69.5,
        0,
        66.5,
        -69.5,
        0,
        -66.5,
        69.5,
        0,
        66.5,
        69.5,
        0
      ],
      "indexes": [
        0,
        1,
        2,
        2,
        1,
        3
      ],
      "uv": [
        51,
        162,
        184,
        162,
        51,
        23,
        184,
        23
      ],
      "nuv": [
        0.2318181818181818,
        0.10454545454545454,
        0.8363636363636363,
        0.10454545454545454,
        0.2318181818181818,
        0.7363636363636363,
        0.8363636363636363,
        0.7363636363636363
      ],
      "minPos": {
        "x": -66.5,
        "y": -69.5,
        "z": 0
      },
      "maxPos": {
        "x": 66.5,
        "y": 69.5,
        "z": 0
      }
    },
    "texture": "9760337f-31f2-4372-990e-10df784b2929@6c48a",
    "packable": true,
    "pixelsToUnit": 100,
    "pivot": {
      "x": 0.5,
      "y": 0.5
    },
    "meshType": 0
  }
}