{
  "__type__": "cc.SpriteFrame",
  "content": {
    "name": "1_07",
    "atlas": "",
    "rect": {
      "x": 38,
      "y": 48,
      "width": 134,
      "height": 108
    },
    "offset": {
      "x": -5,
      "y": 8
    },
    "originalSize": {
      "width": 220,
      "height": 220
    },
    "rotated": false,
    "capInsets": [
      0,
      0,
      0,
      0
    ],
    "vertices": {
      "rawPosition": [
        -67,
        -54,
        0,
        67,
        -54,
        0,
        -67,
        54,
        0,
        67,
        54,
        0
      ],
      "indexes": [
        0,
        1,
        2,
        2,
        1,
        3
      ],
      "uv": [
        38,
        172,
        172,
        172,
        38,
        64,
        172,
        64
      ],
      "nuv": [
        0.17272727272727273,
        0.2909090909090909,
        0.7818181818181819,
        0.2909090909090909,
        0.17272727272727273,
        0.7818181818181819,
        0.7818181818181819,
        0.7818181818181819
      ],
      "minPos": {
        "x": -67,
        "y": -54,
        "z": 0
      },
      "maxPos": {
        "x": 67,
        "y": 54,
        "z": 0
      }
    },
    "texture": "978bf68d-77fe-4992-8a2e-72a71249005e@6c48a",
    "packable": true,
    "pixelsToUnit": 100,
    "pivot": {
      "x": 0.5,
      "y": 0.5
    },
    "meshType": 0
  }
}