{
  "__type__": "cc.SpriteFrame",
  "content": {
    "name": "1_05",
    "atlas": "",
    "rect": {
      "x": 31,
      "y": 46,
      "width": 159,
      "height": 160
    },
    "offset": {
      "x": 0.5,
      "y": -16
    },
    "originalSize": {
      "width": 220,
      "height": 220
    },
    "rotated": false,
    "capInsets": [
      0,
      0,
      0,
      0
    ],
    "vertices": {
      "rawPosition": [
        -79.5,
        -80,
        0,
        79.5,
        -80,
        0,
        -79.5,
        80,
        0,
        79.5,
        80,
        0
      ],
      "indexes": [
        0,
        1,
        2,
        2,
        1,
        3
      ],
      "uv": [
        31,
        174,
        190,
        174,
        31,
        14,
        190,
        14
      ],
      "nuv": [
        0.1409090909090909,
        0.06363636363636363,
        0.8636363636363636,
        0.06363636363636363,
        0.1409090909090909,
        0.7909090909090909,
        0.8636363636363636,
        0.7909090909090909
      ],
      "minPos": {
        "x": -79.5,
        "y": -80,
        "z": 0
      },
      "maxPos": {
        "x": 79.5,
        "y": 80,
        "z": 0
      }
    },
    "texture": "97fff07d-3899-4759-aa36-084dbbd9fb2e@6c48a",
    "packable": true,
    "pixelsToUnit": 100,
    "pivot": {
      "x": 0.5,
      "y": 0.5
    },
    "meshType": 0
  }
}