{
  "__type__": "cc.SpriteFrame",
  "content": {
    "name": "1_05",
    "atlas": "",
    "rect": {
      "x": 37,
      "y": 40,
      "width": 135,
      "height": 165
    },
    "offset": {
      "x": -5.5,
      "y": -12.5
    },
    "originalSize": {
      "width": 220,
      "height": 220
    },
    "rotated": false,
    "capInsets": [
      0,
      0,
      0,
      0
    ],
    "vertices": {
      "rawPosition": [
        -67.5,
        -82.5,
        0,
        67.5,
        -82.5,
        0,
        -67.5,
        82.5,
        0,
        67.5,
        82.5,
        0
      ],
      "indexes": [
        0,
        1,
        2,
        2,
        1,
        3
      ],
      "uv": [
        37,
        180,
        172,
        180,
        37,
        15,
        172,
        15
      ],
      "nuv": [
        0.16818181818181818,
        0.06818181818181818,
        0.7818181818181819,
        0.06818181818181818,
        0.16818181818181818,
        0.8181818181818182,
        0.7818181818181819,
        0.8181818181818182
      ],
      "minPos": {
        "x": -67.5,
        "y": -82.5,
        "z": 0
      },
      "maxPos": {
        "x": 67.5,
        "y": 82.5,
        "z": 0
      }
    },
    "texture": "1c15c5ce-ae73-43d1-9bb2-39aeb589f9a6@6c48a",
    "packable": true,
    "pixelsToUnit": 100,
    "pivot": {
      "x": 0.5,
      "y": 0.5
    },
    "meshType": 0
  }
}