{
  "__type__": "cc.SpriteFrame",
  "content": {
    "name": "1_04",
    "atlas": "",
    "rect": {
      "x": 34,
      "y": 47,
      "width": 131,
      "height": 154
    },
    "offset": {
      "x": -10.5,
      "y": -14
    },
    "originalSize": {
      "width": 220,
      "height": 220
    },
    "rotated": false,
    "capInsets": [
      0,
      0,
      0,
      0
    ],
    "vertices": {
      "rawPosition": [
        -65.5,
        -77,
        0,
        65.5,
        -77,
        0,
        -65.5,
        77,
        0,
        65.5,
        77,
        0
      ],
      "indexes": [
        0,
        1,
        2,
        2,
        1,
        3
      ],
      "uv": [
        34,
        173,
        165,
        173,
        34,
        19,
        165,
        19
      ],
      "nuv": [
        0.15454545454545454,
        0.08636363636363636,
        0.75,
        0.08636363636363636,
        0.15454545454545454,
        0.7863636363636364,
        0.75,
        0.7863636363636364
      ],
      "minPos": {
        "x": -65.5,
        "y": -77,
        "z": 0
      },
      "maxPos": {
        "x": 65.5,
        "y": 77,
        "z": 0
      }
    },
    "texture": "1c2064e9-6012-46e4-a791-14fe63051c1e@6c48a",
    "packable": true,
    "pixelsToUnit": 100,
    "pivot": {
      "x": 0.5,
      "y": 0.5
    },
    "meshType": 0
  }
}