{
  "__type__": "cc.SpriteFrame",
  "content": {
    "name": "move_18",
    "atlas": "",
    "rect": {
      "x": 31,
      "y": 26,
      "width": 48,
      "height": 157
    },
    "offset": {
      "x": -5,
      "y": -7
    },
    "originalSize": {
      "width": 120,
      "height": 195
    },
    "rotated": false,
    "capInsets": [
      0,
      0,
      0,
      0
    ],
    "vertices": {
      "rawPosition": [
        -24,
        -78.5,
        0,
        24,
        -78.5,
        0,
        -24,
        78.5,
        0,
        24,
        78.5,
        0
      ],
      "indexes": [
        0,
        1,
        2,
        2,
        1,
        3
      ],
      "uv": [
        31,
        169,
        79,
        169,
        31,
        12,
        79,
        12
      ],
      "nuv": [
        0.25833333333333336,
        0.06153846153846154,
        0.6583333333333333,
        0.06153846153846154,
        0.25833333333333336,
        0.8666666666666667,
        0.6583333333333333,
        0.8666666666666667
      ],
      "minPos": {
        "x": -24,
        "y": -78.5,
        "z": 0
      },
      "maxPos": {
        "x": 24,
        "y": 78.5,
        "z": 0
      }
    },
    "texture": "1c48f861-1a63-42be-89ff-de0315bf17fb@6c48a",
    "packable": true,
    "pixelsToUnit": 100,
    "pivot": {
      "x": 0.5,
      "y": 0.5
    },
    "meshType": 0
  }
}