{
  "__type__": "cc.SpriteFrame",
  "content": {
    "name": "sit2_07",
    "atlas": "",
    "rect": {
      "x": 37,
      "y": 49,
      "width": 55,
      "height": 133
    },
    "offset": {
      "x": 4.5,
      "y": -18
    },
    "originalSize": {
      "width": 120,
      "height": 195
    },
    "rotated": false,
    "capInsets": [
      0,
      0,
      0,
      0
    ],
    "vertices": {
      "rawPosition": [
        -27.5,
        -66.5,
        0,
        27.5,
        -66.5,
        0,
        -27.5,
        66.5,
        0,
        27.5,
        66.5,
        0
      ],
      "indexes": [
        0,
        1,
        2,
        2,
        1,
        3
      ],
      "uv": [
        37,
        146,
        92,
        146,
        37,
        13,
        92,
        13
      ],
      "nuv": [
        0.30833333333333335,
        0.06666666666666667,
        0.7666666666666667,
        0.06666666666666667,
        0.30833333333333335,
        0.7487179487179487,
        0.7666666666666667,
        0.7487179487179487
      ],
      "minPos": {
        "x": -27.5,
        "y": -66.5,
        "z": 0
      },
      "maxPos": {
        "x": 27.5,
        "y": 66.5,
        "z": 0
      }
    },
    "texture": "1c4e8bca-041a-427a-a974-be62f04daef3@6c48a",
    "packable": true,
    "pixelsToUnit": 100,
    "pivot": {
      "x": 0.5,
      "y": 0.5
    },
    "meshType": 0
  }
}