{
  "__type__": "cc.SpriteFrame",
  "content": {
    "name": "1_25",
    "atlas": "",
    "rect": {
      "x": 68,
      "y": 49,
      "width": 130,
      "height": 156
    },
    "offset": {
      "x": 23,
      "y": -17
    },
    "originalSize": {
      "width": 220,
      "height": 220
    },
    "rotated": false,
    "capInsets": [
      0,
      0,
      0,
      0
    ],
    "vertices": {
      "rawPosition": [
        -65,
        -78,
        0,
        65,
        -78,
        0,
        -65,
        78,
        0,
        65,
        78,
        0
      ],
      "indexes": [
        0,
        1,
        2,
        2,
        1,
        3
      ],
      "uv": [
        68,
        171,
        198,
        171,
        68,
        15,
        198,
        15
      ],
      "nuv": [
        0.3090909090909091,
        0.06818181818181818,
        0.9,
        0.06818181818181818,
        0.3090909090909091,
        0.7772727272727272,
        0.9,
        0.7772727272727272
      ],
      "minPos": {
        "x": -65,
        "y": -78,
        "z": 0
      },
      "maxPos": {
        "x": 65,
        "y": 78,
        "z": 0
      }
    },
    "texture": "1c736074-5aef-479b-b117-c06de7f874c4@6c48a",
    "packable": true,
    "pixelsToUnit": 100,
    "pivot": {
      "x": 0.5,
      "y": 0.5
    },
    "meshType": 0
  }
}