{
  "__type__": "cc.SpriteFrame",
  "content": {
    "name": "sit_10",
    "atlas": "",
    "rect": {
      "x": 30,
      "y": 40,
      "width": 55,
      "height": 142
    },
    "offset": {
      "x": -2.5,
      "y": -13.5
    },
    "originalSize": {
      "width": 120,
      "height": 195
    },
    "rotated": false,
    "capInsets": [
      0,
      0,
      0,
      0
    ],
    "vertices": {
      "rawPosition": [
        -27.5,
        -71,
        0,
        27.5,
        -71,
        0,
        -27.5,
        71,
        0,
        27.5,
        71,
        0
      ],
      "indexes": [
        0,
        1,
        2,
        2,
        1,
        3
      ],
      "uv": [
        30,
        155,
        85,
        155,
        30,
        13,
        85,
        13
      ],
      "nuv": [
        0.25,
        0.06666666666666667,
        0.7083333333333334,
        0.06666666666666667,
        0.25,
        0.7948717948717948,
        0.7083333333333334,
        0.7948717948717948
      ],
      "minPos": {
        "x": -27.5,
        "y": -71,
        "z": 0
      },
      "maxPos": {
        "x": 27.5,
        "y": 71,
        "z": 0
      }
    },
    "texture": "1c92f8dd-5369-4477-b69d-0e63c71329bf@6c48a",
    "packable": true,
    "pixelsToUnit": 100,
    "pivot": {
      "x": 0.5,
      "y": 0.5
    },
    "meshType": 0
  }
}