{
  "__type__": "cc.SpriteFrame",
  "content": {
    "name": "sit2_09",
    "atlas": "",
    "rect": {
      "x": 39,
      "y": 39,
      "width": 65,
      "height": 147
    },
    "offset": {
      "x": 4,
      "y": -15
    },
    "originalSize": {
      "width": 135,
      "height": 195
    },
    "rotated": false,
    "capInsets": [
      0,
      0,
      0,
      0
    ],
    "vertices": {
      "rawPosition": [
        -32.5,
        -73.5,
        0,
        32.5,
        -73.5,
        0,
        -32.5,
        73.5,
        0,
        32.5,
        73.5,
        0
      ],
      "indexes": [
        0,
        1,
        2,
        2,
        1,
        3
      ],
      "uv": [
        39,
        156,
        104,
        156,
        39,
        9,
        104,
        9
      ],
      "nuv": [
        0.28888888888888886,
        0.046153846153846156,
        0.7703703703703704,
        0.046153846153846156,
        0.28888888888888886,
        0.8,
        0.7703703703703704,
        0.8
      ],
      "minPos": {
        "x": -32.5,
        "y": -73.5,
        "z": 0
      },
      "maxPos": {
        "x": 32.5,
        "y": 73.5,
        "z": 0
      }
    },
    "texture": "1cbb6f89-2158-45cd-8d81-d7ea251f7c87@6c48a",
    "packable": true,
    "pixelsToUnit": 100,
    "pivot": {
      "x": 0.5,
      "y": 0.5
    },
    "meshType": 0
  }
}