{
  "__type__": "cc.SpriteFrame",
  "content": {
    "name": "1_06",
    "atlas": "",
    "rect": {
      "x": 46,
      "y": 56,
      "width": 130,
      "height": 140
    },
    "offset": {
      "x": 1,
      "y": -16
    },
    "originalSize": {
      "width": 220,
      "height": 220
    },
    "rotated": false,
    "capInsets": [
      0,
      0,
      0,
      0
    ],
    "vertices": {
      "rawPosition": [
        -65,
        -70,
        0,
        65,
        -70,
        0,
        -65,
        70,
        0,
        65,
        70,
        0
      ],
      "indexes": [
        0,
        1,
        2,
        2,
        1,
        3
      ],
      "uv": [
        46,
        164,
        176,
        164,
        46,
        24,
        176,
        24
      ],
      "nuv": [
        0.20909090909090908,
        0.10909090909090909,
        0.8,
        0.10909090909090909,
        0.20909090909090908,
        0.7454545454545455,
        0.8,
        0.7454545454545455
      ],
      "minPos": {
        "x": -65,
        "y": -70,
        "z": 0
      },
      "maxPos": {
        "x": 65,
        "y": 70,
        "z": 0
      }
    },
    "texture": "8420f3bc-4ccc-40c2-98d3-7b2ec416b60c@6c48a",
    "packable": true,
    "pixelsToUnit": 100,
    "pivot": {
      "x": 0.5,
      "y": 0.5
    },
    "meshType": 0
  }
}