{
  "__type__": "cc.SpriteFrame",
  "content": {
    "name": "sit_idle_14",
    "atlas": "",
    "rect": {
      "x": 33,
      "y": 42,
      "width": 54,
      "height": 140
    },
    "offset": {
      "x": 0,
      "y": -14.5
    },
    "originalSize": {
      "width": 120,
      "height": 195
    },
    "rotated": false,
    "capInsets": [
      0,
      0,
      0,
      0
    ],
    "vertices": {
      "rawPosition": [
        -27,
        -70,
        0,
        27,
        -70,
        0,
        -27,
        70,
        0,
        27,
        70,
        0
      ],
      "indexes": [
        0,
        1,
        2,
        2,
        1,
        3
      ],
      "uv": [
        33,
        153,
        87,
        153,
        33,
        13,
        87,
        13
      ],
      "nuv": [
        0.275,
        0.06666666666666667,
        0.725,
        0.06666666666666667,
        0.275,
        0.7846153846153846,
        0.725,
        0.7846153846153846
      ],
      "minPos": {
        "x": -27,
        "y": -70,
        "z": 0
      },
      "maxPos": {
        "x": 27,
        "y": 70,
        "z": 0
      }
    },
    "texture": "8447e731-8416-4de5-9651-6429e4790e72@6c48a",
    "packable": true,
    "pixelsToUnit": 100,
    "pivot": {
      "x": 0.5,
      "y": 0.5
    },
    "meshType": 0
  }
}