{
  "__type__": "cc.SpriteFrame",
  "content": {
    "name": "tu01-stand_04",
    "atlas": "",
    "rect": {
      "x": 42,
      "y": 66,
      "width": 156,
      "height": 147
    },
    "offset": {
      "x": 10,
      "y": -29.5
    },
    "originalSize": {
      "width": 220,
      "height": 220
    },
    "rotated": false,
    "capInsets": [
      0,
      0,
      0,
      0
    ],
    "vertices": {
      "rawPosition": [
        -78,
        -73.5,
        0,
        78,
        -73.5,
        0,
        -78,
        73.5,
        0,
        78,
        73.5,
        0
      ],
      "indexes": [
        0,
        1,
        2,
        2,
        1,
        3
      ],
      "uv": [
        42,
        154,
        198,
        154,
        42,
        7,
        198,
        7
      ],
      "nuv": [
        0.19090909090909092,
        0.031818181818181815,
        0.9,
        0.031818181818181815,
        0.19090909090909092,
        0.7,
        0.9,
        0.7
      ],
      "minPos": {
        "x": -78,
        "y": -73.5,
        "z": 0
      },
      "maxPos": {
        "x": 78,
        "y": 73.5,
        "z": 0
      }
    },
    "texture": "84477e6b-c936-4ac9-9c1b-b68e29153e8b@6c48a",
    "packable": true,
    "pixelsToUnit": 100,
    "pivot": {
      "x": 0.5,
      "y": 0.5
    },
    "meshType": 0
  }
}