{
  "__type__": "cc.SpriteFrame",
  "content": {
    "name": "sit2_08",
    "atlas": "",
    "rect": {
      "x": 37,
      "y": 49,
      "width": 57,
      "height": 133
    },
    "offset": {
      "x": 5.5,
      "y": -18
    },
    "originalSize": {
      "width": 120,
      "height": 195
    },
    "rotated": false,
    "capInsets": [
      0,
      0,
      0,
      0
    ],
    "vertices": {
      "rawPosition": [
        -28.5,
        -66.5,
        0,
        28.5,
        -66.5,
        0,
        -28.5,
        66.5,
        0,
        28.5,
        66.5,
        0
      ],
      "indexes": [
        0,
        1,
        2,
        2,
        1,
        3
      ],
      "uv": [
        37,
        146,
        94,
        146,
        37,
        13,
        94,
        13
      ],
      "nuv": [
        0.30833333333333335,
        0.06666666666666667,
        0.7833333333333333,
        0.06666666666666667,
        0.30833333333333335,
        0.7487179487179487,
        0.7833333333333333,
        0.7487179487179487
      ],
      "minPos": {
        "x": -28.5,
        "y": -66.5,
        "z": 0
      },
      "maxPos": {
        "x": 28.5,
        "y": 66.5,
        "z": 0
      }
    },
    "texture": "844f9230-ca44-4f33-9d16-d6ecb2a4faa9@6c48a",
    "packable": true,
    "pixelsToUnit": 100,
    "pivot": {
      "x": 0.5,
      "y": 0.5
    },
    "meshType": 0
  }
}