{
  "__type__": "cc.SpriteFrame",
  "content": {
    "name": "1_39",
    "atlas": "",
    "rect": {
      "x": 47,
      "y": 57,
      "width": 127,
      "height": 139
    },
    "offset": {
      "x": 0.5,
      "y": -16.5
    },
    "originalSize": {
      "width": 220,
      "height": 220
    },
    "rotated": false,
    "capInsets": [
      0,
      0,
      0,
      0
    ],
    "vertices": {
      "rawPosition": [
        -63.5,
        -69.5,
        0,
        63.5,
        -69.5,
        0,
        -63.5,
        69.5,
        0,
        63.5,
        69.5,
        0
      ],
      "indexes": [
        0,
        1,
        2,
        2,
        1,
        3
      ],
      "uv": [
        47,
        163,
        174,
        163,
        47,
        24,
        174,
        24
      ],
      "nuv": [
        0.21363636363636362,
        0.10909090909090909,
        0.7909090909090909,
        0.10909090909090909,
        0.21363636363636362,
        0.740909090909091,
        0.7909090909090909,
        0.740909090909091
      ],
      "minPos": {
        "x": -63.5,
        "y": -69.5,
        "z": 0
      },
      "maxPos": {
        "x": 63.5,
        "y": 69.5,
        "z": 0
      }
    },
    "texture": "8495d0f5-74cc-428a-a3f9-765a8cedbfe2@6c48a",
    "packable": true,
    "pixelsToUnit": 100,
    "pivot": {
      "x": 0.5,
      "y": 0.5
    },
    "meshType": 0
  }
}