{
  "__type__": "cc.SpriteFrame",
  "content": {
    "name": "1_32",
    "atlas": "",
    "rect": {
      "x": 50,
      "y": 48,
      "width": 142,
      "height": 160
    },
    "offset": {
      "x": 11,
      "y": -18
    },
    "originalSize": {
      "width": 220,
      "height": 220
    },
    "rotated": false,
    "capInsets": [
      0,
      0,
      0,
      0
    ],
    "vertices": {
      "rawPosition": [
        -71,
        -80,
        0,
        71,
        -80,
        0,
        -71,
        80,
        0,
        71,
        80,
        0
      ],
      "indexes": [
        0,
        1,
        2,
        2,
        1,
        3
      ],
      "uv": [
        50,
        172,
        192,
        172,
        50,
        12,
        192,
        12
      ],
      "nuv": [
        0.22727272727272727,
        0.05454545454545454,
        0.8727272727272727,
        0.05454545454545454,
        0.22727272727272727,
        0.7818181818181819,
        0.8727272727272727,
        0.7818181818181819
      ],
      "minPos": {
        "x": -71,
        "y": -80,
        "z": 0
      },
      "maxPos": {
        "x": 71,
        "y": 80,
        "z": 0
      }
    },
    "texture": "84ca0b19-3dde-44c8-8644-e8068fc80d49@6c48a",
    "packable": true,
    "pixelsToUnit": 100,
    "pivot": {
      "x": 0.5,
      "y": 0.5
    },
    "meshType": 0
  }
}