{
  "__type__": "cc.SpriteFrame",
  "content": {
    "name": "1_11",
    "atlas": "",
    "rect": {
      "x": 45,
      "y": 43,
      "width": 136,
      "height": 162
    },
    "offset": {
      "x": 3,
      "y": -14
    },
    "originalSize": {
      "width": 220,
      "height": 220
    },
    "rotated": false,
    "capInsets": [
      0,
      0,
      0,
      0
    ],
    "vertices": {
      "rawPosition": [
        -68,
        -81,
        0,
        68,
        -81,
        0,
        -68,
        81,
        0,
        68,
        81,
        0
      ],
      "indexes": [
        0,
        1,
        2,
        2,
        1,
        3
      ],
      "uv": [
        45,
        177,
        181,
        177,
        45,
        15,
        181,
        15
      ],
      "nuv": [
        0.20454545454545456,
        0.06818181818181818,
        0.8227272727272728,
        0.06818181818181818,
        0.20454545454545456,
        0.8045454545454546,
        0.8227272727272728,
        0.8045454545454546
      ],
      "minPos": {
        "x": -68,
        "y": -81,
        "z": 0
      },
      "maxPos": {
        "x": 68,
        "y": 81,
        "z": 0
      }
    },
    "texture": "4d025828-b00f-49e9-8870-ff8c40e66840@6c48a",
    "packable": true,
    "pixelsToUnit": 100,
    "pivot": {
      "x": 0.5,
      "y": 0.5
    },
    "meshType": 0
  }
}