{
  "__type__": "cc.SpriteFrame",
  "content": {
    "name": "tu01-stand1_89",
    "atlas": "",
    "rect": {
      "x": 35,
      "y": 66,
      "width": 166,
      "height": 147
    },
    "offset": {
      "x": 8,
      "y": -29.5
    },
    "originalSize": {
      "width": 220,
      "height": 220
    },
    "rotated": false,
    "capInsets": [
      0,
      0,
      0,
      0
    ],
    "vertices": {
      "rawPosition": [
        -83,
        -73.5,
        0,
        83,
        -73.5,
        0,
        -83,
        73.5,
        0,
        83,
        73.5,
        0
      ],
      "indexes": [
        0,
        1,
        2,
        2,
        1,
        3
      ],
      "uv": [
        35,
        154,
        201,
        154,
        35,
        7,
        201,
        7
      ],
      "nuv": [
        0.1590909090909091,
        0.031818181818181815,
        0.9136363636363637,
        0.031818181818181815,
        0.1590909090909091,
        0.7,
        0.9136363636363637,
        0.7
      ],
      "minPos": {
        "x": -83,
        "y": -73.5,
        "z": 0
      },
      "maxPos": {
        "x": 83,
        "y": 73.5,
        "z": 0
      }
    },
    "texture": "4de471c1-859c-419a-a346-1c7e6c0a01ac@6c48a",
    "packable": true,
    "pixelsToUnit": 100,
    "pivot": {
      "x": 0.5,
      "y": 0.5
    },
    "meshType": 0
  }
}