{
  "__type__": "cc.SpriteFrame",
  "content": {
    "name": "tu01-stand_61",
    "atlas": "",
    "rect": {
      "x": 17,
      "y": 63,
      "width": 154,
      "height": 150
    },
    "offset": {
      "x": -16,
      "y": -28
    },
    "originalSize": {
      "width": 220,
      "height": 220
    },
    "rotated": false,
    "capInsets": [
      0,
      0,
      0,
      0
    ],
    "vertices": {
      "rawPosition": [
        -77,
        -75,
        0,
        77,
        -75,
        0,
        -77,
        75,
        0,
        77,
        75,
        0
      ],
      "indexes": [
        0,
        1,
        2,
        2,
        1,
        3
      ],
      "uv": [
        17,
        157,
        171,
        157,
        17,
        7,
        171,
        7
      ],
      "nuv": [
        0.07727272727272727,
        0.031818181818181815,
        0.7772727272727272,
        0.031818181818181815,
        0.07727272727272727,
        0.7136363636363636,
        0.7772727272727272,
        0.7136363636363636
      ],
      "minPos": {
        "x": -77,
        "y": -75,
        "z": 0
      },
      "maxPos": {
        "x": 77,
        "y": 75,
        "z": 0
      }
    },
    "texture": "850185b1-072f-4daf-86a6-96b20e8fd13c@6c48a",
    "packable": true,
    "pixelsToUnit": 100,
    "pivot": {
      "x": 0.5,
      "y": 0.5
    },
    "meshType": 0
  }
}