{
  "__type__": "cc.SpriteFrame",
  "content": {
    "name": "1_05",
    "atlas": "",
    "rect": {
      "x": 102,
      "y": 223,
      "width": 105,
      "height": 97
    },
    "offset": {
      "x": 14,
      "y": -106
    },
    "originalSize": {
      "width": 281,
      "height": 331
    },
    "rotated": false,
    "capInsets": [
      0,
      0,
      0,
      0
    ],
    "vertices": {
      "rawPosition": [
        -52.5,
        -48.5,
        0,
        52.5,
        -48.5,
        0,
        -52.5,
        48.5,
        0,
        52.5,
        48.5,
        0
      ],
      "indexes": [
        0,
        1,
        2,
        2,
        1,
        3
      ],
      "uv": [
        102,
        108,
        207,
        108,
        102,
        11,
        207,
        11
      ],
      "nuv": [
        0.36298932384341637,
        0.03323262839879154,
        0.7366548042704626,
        0.03323262839879154,
        0.36298932384341637,
        0.32628398791540786,
        0.7366548042704626,
        0.32628398791540786
      ],
      "minPos": {
        "x": -52.5,
        "y": -48.5,
        "z": 0
      },
      "maxPos": {
        "x": 52.5,
        "y": 48.5,
        "z": 0
      }
    },
    "texture": "85067efc-873e-4be9-8bd1-723ce497056f@6c48a",
    "packable": true,
    "pixelsToUnit": 100,
    "pivot": {
      "x": 0.5,
      "y": 0.5
    },
    "meshType": 0
  }
}