{
  "__type__": "cc.SpriteFrame",
  "content": {
    "name": "sit2_02",
    "atlas": "",
    "rect": {
      "x": 24,
      "y": 28,
      "width": 53,
      "height": 156
    },
    "offset": {
      "x": -9.5,
      "y": -8.5
    },
    "originalSize": {
      "width": 120,
      "height": 195
    },
    "rotated": false,
    "capInsets": [
      0,
      0,
      0,
      0
    ],
    "vertices": {
      "rawPosition": [
        -26.5,
        -78,
        0,
        26.5,
        -78,
        0,
        -26.5,
        78,
        0,
        26.5,
        78,
        0
      ],
      "indexes": [
        0,
        1,
        2,
        2,
        1,
        3
      ],
      "uv": [
        24,
        167,
        77,
        167,
        24,
        11,
        77,
        11
      ],
      "nuv": [
        0.2,
        0.05641025641025641,
        0.6416666666666667,
        0.05641025641025641,
        0.2,
        0.8564102564102564,
        0.6416666666666667,
        0.8564102564102564
      ],
      "minPos": {
        "x": -26.5,
        "y": -78,
        "z": 0
      },
      "maxPos": {
        "x": 26.5,
        "y": 78,
        "z": 0
      }
    },
    "texture": "853661d3-0672-4e86-9ad6-78fcc4918d0c@6c48a",
    "packable": true,
    "pixelsToUnit": 100,
    "pivot": {
      "x": 0.5,
      "y": 0.5
    },
    "meshType": 0
  }
}