{
  "__type__": "cc.SpriteFrame",
  "content": {
    "name": "move_10",
    "atlas": "",
    "rect": {
      "x": 45,
      "y": 24,
      "width": 56,
      "height": 160
    },
    "offset": {
      "x": 13,
      "y": -6.5
    },
    "originalSize": {
      "width": 120,
      "height": 195
    },
    "rotated": false,
    "capInsets": [
      0,
      0,
      0,
      0
    ],
    "vertices": {
      "rawPosition": [
        -28,
        -80,
        0,
        28,
        -80,
        0,
        -28,
        80,
        0,
        28,
        80,
        0
      ],
      "indexes": [
        0,
        1,
        2,
        2,
        1,
        3
      ],
      "uv": [
        45,
        171,
        101,
        171,
        45,
        11,
        101,
        11
      ],
      "nuv": [
        0.375,
        0.05641025641025641,
        0.8416666666666667,
        0.05641025641025641,
        0.375,
        0.8769230769230769,
        0.8416666666666667,
        0.8769230769230769
      ],
      "minPos": {
        "x": -28,
        "y": -80,
        "z": 0
      },
      "maxPos": {
        "x": 28,
        "y": 80,
        "z": 0
      }
    },
    "texture": "85505ec1-9b92-4a0b-897c-e7456ec9ca4e@6c48a",
    "packable": true,
    "pixelsToUnit": 100,
    "pivot": {
      "x": 0.5,
      "y": 0.5
    },
    "meshType": 0
  }
}