{
  "__type__": "cc.SpriteFrame",
  "content": {
    "name": "1_33",
    "atlas": "",
    "rect": {
      "x": 37,
      "y": 50,
      "width": 139,
      "height": 152
    },
    "offset": {
      "x": -3.5,
      "y": -16
    },
    "originalSize": {
      "width": 220,
      "height": 220
    },
    "rotated": false,
    "capInsets": [
      0,
      0,
      0,
      0
    ],
    "vertices": {
      "rawPosition": [
        -69.5,
        -76,
        0,
        69.5,
        -76,
        0,
        -69.5,
        76,
        0,
        69.5,
        76,
        0
      ],
      "indexes": [
        0,
        1,
        2,
        2,
        1,
        3
      ],
      "uv": [
        37,
        170,
        176,
        170,
        37,
        18,
        176,
        18
      ],
      "nuv": [
        0.16818181818181818,
        0.08181818181818182,
        0.8,
        0.08181818181818182,
        0.16818181818181818,
        0.7727272727272727,
        0.8,
        0.7727272727272727
      ],
      "minPos": {
        "x": -69.5,
        "y": -76,
        "z": 0
      },
      "maxPos": {
        "x": 69.5,
        "y": 76,
        "z": 0
      }
    },
    "texture": "85befe38-1218-4f9b-8a48-415f4ce62806@6c48a",
    "packable": true,
    "pixelsToUnit": 100,
    "pivot": {
      "x": 0.5,
      "y": 0.5
    },
    "meshType": 0
  }
}