{
  "__type__": "cc.SpriteFrame",
  "content": {
    "name": "1_34",
    "atlas": "",
    "rect": {
      "x": 29,
      "y": 42,
      "width": 133,
      "height": 159
    },
    "offset": {
      "x": -14.5,
      "y": -11.5
    },
    "originalSize": {
      "width": 220,
      "height": 220
    },
    "rotated": false,
    "capInsets": [
      0,
      0,
      0,
      0
    ],
    "vertices": {
      "rawPosition": [
        -66.5,
        -79.5,
        0,
        66.5,
        -79.5,
        0,
        -66.5,
        79.5,
        0,
        66.5,
        79.5,
        0
      ],
      "indexes": [
        0,
        1,
        2,
        2,
        1,
        3
      ],
      "uv": [
        29,
        178,
        162,
        178,
        29,
        19,
        162,
        19
      ],
      "nuv": [
        0.1318181818181818,
        0.08636363636363636,
        0.7363636363636363,
        0.08636363636363636,
        0.1318181818181818,
        0.8090909090909091,
        0.7363636363636363,
        0.8090909090909091
      ],
      "minPos": {
        "x": -66.5,
        "y": -79.5,
        "z": 0
      },
      "maxPos": {
        "x": 66.5,
        "y": 79.5,
        "z": 0
      }
    },
    "texture": "85ca54a3-a254-4658-91d7-c2dfa882a437@6c48a",
    "packable": true,
    "pixelsToUnit": 100,
    "pivot": {
      "x": 0.5,
      "y": 0.5
    },
    "meshType": 0
  }
}