{
  "__type__": "cc.SpriteFrame",
  "content": {
    "name": "1_043",
    "atlas": "",
    "rect": {
      "x": 41,
      "y": 60,
      "width": 289,
      "height": 225
    },
    "offset": {
      "x": -2,
      "y": -10.5
    },
    "originalSize": {
      "width": 375,
      "height": 324
    },
    "rotated": false,
    "capInsets": [
      0,
      0,
      0,
      0
    ],
    "vertices": {
      "rawPosition": [
        -144.5,
        -112.5,
        0,
        144.5,
        -112.5,
        0,
        -144.5,
        112.5,
        0,
        144.5,
        112.5,
        0
      ],
      "indexes": [
        0,
        1,
        2,
        2,
        1,
        3
      ],
      "uv": [
        41,
        264,
        330,
        264,
        41,
        39,
        330,
        39
      ],
      "nuv": [
        0.10933333333333334,
        0.12037037037037036,
        0.88,
        0.12037037037037036,
        0.10933333333333334,
        0.8148148148148148,
        0.88,
        0.8148148148148148
      ],
      "minPos": {
        "x": -144.5,
        "y": -112.5,
        "z": 0
      },
      "maxPos": {
        "x": 144.5,
        "y": 112.5,
        "z": 0
      }
    },
    "texture": "4706dd21-bdce-474e-9e57-b05e49e081eb@6c48a",
    "packable": true,
    "pixelsToUnit": 100,
    "pivot": {
      "x": 0.5,
      "y": 0.5
    },
    "meshType": 0
  }
}