{
  "__type__": "cc.SpriteFrame",
  "content": {
    "name": "1_42",
    "atlas": "",
    "rect": {
      "x": 36,
      "y": 40,
      "width": 142,
      "height": 166
    },
    "offset": {
      "x": -3,
      "y": -13
    },
    "originalSize": {
      "width": 220,
      "height": 220
    },
    "rotated": false,
    "capInsets": [
      0,
      0,
      0,
      0
    ],
    "vertices": {
      "rawPosition": [
        -71,
        -83,
        0,
        71,
        -83,
        0,
        -71,
        83,
        0,
        71,
        83,
        0
      ],
      "indexes": [
        0,
        1,
        2,
        2,
        1,
        3
      ],
      "uv": [
        36,
        180,
        178,
        180,
        36,
        14,
        178,
        14
      ],
      "nuv": [
        0.16363636363636364,
        0.06363636363636363,
        0.8090909090909091,
        0.06363636363636363,
        0.16363636363636364,
        0.8181818181818182,
        0.8090909090909091,
        0.8181818181818182
      ],
      "minPos": {
        "x": -71,
        "y": -83,
        "z": 0
      },
      "maxPos": {
        "x": 71,
        "y": 83,
        "z": 0
      }
    },
    "texture": "474d46b7-9b6f-446b-902a-e4b67c4d949b@6c48a",
    "packable": true,
    "pixelsToUnit": 100,
    "pivot": {
      "x": 0.5,
      "y": 0.5
    },
    "meshType": 0
  }
}