{
  "__type__": "cc.SpriteFrame",
  "content": {
    "name": "1_36",
    "atlas": "",
    "rect": {
      "x": 49,
      "y": 39,
      "width": 133,
      "height": 166
    },
    "offset": {
      "x": 5.5,
      "y": -12
    },
    "originalSize": {
      "width": 220,
      "height": 220
    },
    "rotated": false,
    "capInsets": [
      0,
      0,
      0,
      0
    ],
    "vertices": {
      "rawPosition": [
        -66.5,
        -83,
        0,
        66.5,
        -83,
        0,
        -66.5,
        83,
        0,
        66.5,
        83,
        0
      ],
      "indexes": [
        0,
        1,
        2,
        2,
        1,
        3
      ],
      "uv": [
        49,
        181,
        182,
        181,
        49,
        15,
        182,
        15
      ],
      "nuv": [
        0.22272727272727272,
        0.06818181818181818,
        0.8272727272727273,
        0.06818181818181818,
        0.22272727272727272,
        0.8227272727272728,
        0.8272727272727273,
        0.8227272727272728
      ],
      "minPos": {
        "x": -66.5,
        "y": -83,
        "z": 0
      },
      "maxPos": {
        "x": 66.5,
        "y": 83,
        "z": 0
      }
    },
    "texture": "477d461c-5321-488d-8adf-816ee3318941@6c48a",
    "packable": true,
    "pixelsToUnit": 100,
    "pivot": {
      "x": 0.5,
      "y": 0.5
    },
    "meshType": 0
  }
}