{
  "__type__": "cc.SpriteFrame",
  "content": {
    "name": "sit_13",
    "atlas": "",
    "rect": {
      "x": 32,
      "y": 46,
      "width": 62,
      "height": 136
    },
    "offset": {
      "x": 3,
      "y": -16.5
    },
    "originalSize": {
      "width": 120,
      "height": 195
    },
    "rotated": false,
    "capInsets": [
      0,
      0,
      0,
      0
    ],
    "vertices": {
      "rawPosition": [
        -31,
        -68,
        0,
        31,
        -68,
        0,
        -31,
        68,
        0,
        31,
        68,
        0
      ],
      "indexes": [
        0,
        1,
        2,
        2,
        1,
        3
      ],
      "uv": [
        32,
        149,
        94,
        149,
        32,
        13,
        94,
        13
      ],
      "nuv": [
        0.26666666666666666,
        0.06666666666666667,
        0.7833333333333333,
        0.06666666666666667,
        0.26666666666666666,
        0.764102564102564,
        0.7833333333333333,
        0.764102564102564
      ],
      "minPos": {
        "x": -31,
        "y": -68,
        "z": 0
      },
      "maxPos": {
        "x": 31,
        "y": 68,
        "z": 0
      }
    },
    "texture": "47b8b195-97f3-4455-868c-4cd6ab78febe@6c48a",
    "packable": true,
    "pixelsToUnit": 100,
    "pivot": {
      "x": 0.5,
      "y": 0.5
    },
    "meshType": 0
  }
}