{
  "__type__": "cc.SpriteFrame",
  "content": {
    "name": "1_29",
    "atlas": "",
    "rect": {
      "x": 44,
      "y": 43,
      "width": 141,
      "height": 163
    },
    "offset": {
      "x": 4.5,
      "y": -14.5
    },
    "originalSize": {
      "width": 220,
      "height": 220
    },
    "rotated": false,
    "capInsets": [
      0,
      0,
      0,
      0
    ],
    "vertices": {
      "rawPosition": [
        -70.5,
        -81.5,
        0,
        70.5,
        -81.5,
        0,
        -70.5,
        81.5,
        0,
        70.5,
        81.5,
        0
      ],
      "indexes": [
        0,
        1,
        2,
        2,
        1,
        3
      ],
      "uv": [
        44,
        177,
        185,
        177,
        44,
        14,
        185,
        14
      ],
      "nuv": [
        0.2,
        0.06363636363636363,
        0.8409090909090909,
        0.06363636363636363,
        0.2,
        0.8045454545454546,
        0.8409090909090909,
        0.8045454545454546
      ],
      "minPos": {
        "x": -70.5,
        "y": -81.5,
        "z": 0
      },
      "maxPos": {
        "x": 70.5,
        "y": 81.5,
        "z": 0
      }
    },
    "texture": "47ebdf5e-7f05-415d-9943-5518f8677a9c@6c48a",
    "packable": true,
    "pixelsToUnit": 100,
    "pivot": {
      "x": 0.5,
      "y": 0.5
    },
    "meshType": 0
  }
}