{
  "__type__": "cc.SpriteFrame",
  "content": {
    "name": "1_18",
    "atlas": "",
    "rect": {
      "x": 87,
      "y": 253,
      "width": 115,
      "height": 67
    },
    "offset": {
      "x": 4,
      "y": -121
    },
    "originalSize": {
      "width": 281,
      "height": 331
    },
    "rotated": false,
    "capInsets": [
      0,
      0,
      0,
      0
    ],
    "vertices": {
      "rawPosition": [
        -57.5,
        -33.5,
        0,
        57.5,
        -33.5,
        0,
        -57.5,
        33.5,
        0,
        57.5,
        33.5,
        0
      ],
      "indexes": [
        0,
        1,
        2,
        2,
        1,
        3
      ],
      "uv": [
        87,
        78,
        202,
        78,
        87,
        11,
        202,
        11
      ],
      "nuv": [
        0.3096085409252669,
        0.03323262839879154,
        0.7188612099644128,
        0.03323262839879154,
        0.3096085409252669,
        0.23564954682779457,
        0.7188612099644128,
        0.23564954682779457
      ],
      "minPos": {
        "x": -57.5,
        "y": -33.5,
        "z": 0
      },
      "maxPos": {
        "x": 57.5,
        "y": 33.5,
        "z": 0
      }
    },
    "texture": "8f468825-3a67-4c2b-8c9a-0385b0920cf1@6c48a",
    "packable": true,
    "pixelsToUnit": 100,
    "pivot": {
      "x": 0.5,
      "y": 0.5
    },
    "meshType": 0
  }
}