{
  "__type__": "cc.SpriteFrame",
  "content": {
    "name": "tu01-stand1_16",
    "atlas": "",
    "rect": {
      "x": 23,
      "y": 69,
      "width": 147,
      "height": 144
    },
    "offset": {
      "x": -13.5,
      "y": -31
    },
    "originalSize": {
      "width": 220,
      "height": 220
    },
    "rotated": false,
    "capInsets": [
      0,
      0,
      0,
      0
    ],
    "vertices": {
      "rawPosition": [
        -73.5,
        -72,
        0,
        73.5,
        -72,
        0,
        -73.5,
        72,
        0,
        73.5,
        72,
        0
      ],
      "indexes": [
        0,
        1,
        2,
        2,
        1,
        3
      ],
      "uv": [
        23,
        151,
        170,
        151,
        23,
        7,
        170,
        7
      ],
      "nuv": [
        0.10454545454545454,
        0.031818181818181815,
        0.7727272727272727,
        0.031818181818181815,
        0.10454545454545454,
        0.6863636363636364,
        0.7727272727272727,
        0.6863636363636364
      ],
      "minPos": {
        "x": -73.5,
        "y": -72,
        "z": 0
      },
      "maxPos": {
        "x": 73.5,
        "y": 72,
        "z": 0
      }
    },
    "texture": "8f74ceda-aeab-430f-a999-b800d39f1f56@6c48a",
    "packable": true,
    "pixelsToUnit": 100,
    "pivot": {
      "x": 0.5,
      "y": 0.5
    },
    "meshType": 0
  }
}