{
  "__type__": "cc.SpriteFrame",
  "content": {
    "name": "1_14",
    "atlas": "",
    "rect": {
      "x": 42,
      "y": 47,
      "width": 137,
      "height": 159
    },
    "offset": {
      "x": 0.5,
      "y": -16.5
    },
    "originalSize": {
      "width": 220,
      "height": 220
    },
    "rotated": false,
    "capInsets": [
      0,
      0,
      0,
      0
    ],
    "vertices": {
      "rawPosition": [
        -68.5,
        -79.5,
        0,
        68.5,
        -79.5,
        0,
        -68.5,
        79.5,
        0,
        68.5,
        79.5,
        0
      ],
      "indexes": [
        0,
        1,
        2,
        2,
        1,
        3
      ],
      "uv": [
        42,
        173,
        179,
        173,
        42,
        14,
        179,
        14
      ],
      "nuv": [
        0.19090909090909092,
        0.06363636363636363,
        0.8136363636363636,
        0.06363636363636363,
        0.19090909090909092,
        0.7863636363636364,
        0.8136363636363636,
        0.7863636363636364
      ],
      "minPos": {
        "x": -68.5,
        "y": -79.5,
        "z": 0
      },
      "maxPos": {
        "x": 68.5,
        "y": 79.5,
        "z": 0
      }
    },
    "texture": "f58dd9d6-36e1-471e-97aa-a1f484598ef1@6c48a",
    "packable": true,
    "pixelsToUnit": 100,
    "pivot": {
      "x": 0.5,
      "y": 0.5
    },
    "meshType": 0
  }
}