{
  "__type__": "cc.SpriteFrame",
  "content": {
    "name": "1_29",
    "atlas": "",
    "rect": {
      "x": 52,
      "y": 59,
      "width": 133,
      "height": 138
    },
    "offset": {
      "x": 8.5,
      "y": -18
    },
    "originalSize": {
      "width": 220,
      "height": 220
    },
    "rotated": false,
    "capInsets": [
      0,
      0,
      0,
      0
    ],
    "vertices": {
      "rawPosition": [
        -66.5,
        -69,
        0,
        66.5,
        -69,
        0,
        -66.5,
        69,
        0,
        66.5,
        69,
        0
      ],
      "indexes": [
        0,
        1,
        2,
        2,
        1,
        3
      ],
      "uv": [
        52,
        161,
        185,
        161,
        52,
        23,
        185,
        23
      ],
      "nuv": [
        0.23636363636363636,
        0.10454545454545454,
        0.8409090909090909,
        0.10454545454545454,
        0.23636363636363636,
        0.7318181818181818,
        0.8409090909090909,
        0.7318181818181818
      ],
      "minPos": {
        "x": -66.5,
        "y": -69,
        "z": 0
      },
      "maxPos": {
        "x": 66.5,
        "y": 69,
        "z": 0
      }
    },
    "texture": "f5a210eb-9c17-4b1c-95d3-c6c2c9dfa48c@6c48a",
    "packable": true,
    "pixelsToUnit": 100,
    "pivot": {
      "x": 0.5,
      "y": 0.5
    },
    "meshType": 0
  }
}