{
  "__type__": "cc.SpriteFrame",
  "content": {
    "name": "1_04",
    "atlas": "",
    "rect": {
      "x": 33,
      "y": 46,
      "width": 145,
      "height": 160
    },
    "offset": {
      "x": -4.5,
      "y": -16
    },
    "originalSize": {
      "width": 220,
      "height": 220
    },
    "rotated": false,
    "capInsets": [
      0,
      0,
      0,
      0
    ],
    "vertices": {
      "rawPosition": [
        -72.5,
        -80,
        0,
        72.5,
        -80,
        0,
        -72.5,
        80,
        0,
        72.5,
        80,
        0
      ],
      "indexes": [
        0,
        1,
        2,
        2,
        1,
        3
      ],
      "uv": [
        33,
        174,
        178,
        174,
        33,
        14,
        178,
        14
      ],
      "nuv": [
        0.15,
        0.06363636363636363,
        0.8090909090909091,
        0.06363636363636363,
        0.15,
        0.7909090909090909,
        0.8090909090909091,
        0.7909090909090909
      ],
      "minPos": {
        "x": -72.5,
        "y": -80,
        "z": 0
      },
      "maxPos": {
        "x": 72.5,
        "y": 80,
        "z": 0
      }
    },
    "texture": "f5bf9ea6-b90e-4b27-a0b8-34c245a49c09@6c48a",
    "packable": true,
    "pixelsToUnit": 100,
    "pivot": {
      "x": 0.5,
      "y": 0.5
    },
    "meshType": 0
  }
}