{
  "__type__": "cc.SpriteFrame",
  "content": {
    "name": "1_159",
    "atlas": "",
    "rect": {
      "x": 79,
      "y": 83,
      "width": 212,
      "height": 218
    },
    "offset": {
      "x": -2.5,
      "y": -30
    },
    "originalSize": {
      "width": 375,
      "height": 324
    },
    "rotated": false,
    "capInsets": [
      0,
      0,
      0,
      0
    ],
    "vertices": {
      "rawPosition": [
        -106,
        -109,
        0,
        106,
        -109,
        0,
        -106,
        109,
        0,
        106,
        109,
        0
      ],
      "indexes": [
        0,
        1,
        2,
        2,
        1,
        3
      ],
      "uv": [
        79,
        241,
        291,
        241,
        79,
        23,
        291,
        23
      ],
      "nuv": [
        0.21066666666666667,
        0.07098765432098765,
        0.776,
        0.07098765432098765,
        0.21066666666666667,
        0.7438271604938271,
        0.776,
        0.7438271604938271
      ],
      "minPos": {
        "x": -106,
        "y": -109,
        "z": 0
      },
      "maxPos": {
        "x": 106,
        "y": 109,
        "z": 0
      }
    },
    "texture": "3b71608b-0608-4822-86ae-94ea2bf1be15@6c48a",
    "packable": true,
    "pixelsToUnit": 100,
    "pivot": {
      "x": 0.5,
      "y": 0.5
    },
    "meshType": 0
  }
}