{
  "__type__": "cc.SpriteFrame",
  "content": {
    "name": "sit_idle_26",
    "atlas": "",
    "rect": {
      "x": 30,
      "y": 46,
      "width": 64,
      "height": 136
    },
    "offset": {
      "x": 2,
      "y": -16.5
    },
    "originalSize": {
      "width": 120,
      "height": 195
    },
    "rotated": false,
    "capInsets": [
      0,
      0,
      0,
      0
    ],
    "vertices": {
      "rawPosition": [
        -32,
        -68,
        0,
        32,
        -68,
        0,
        -32,
        68,
        0,
        32,
        68,
        0
      ],
      "indexes": [
        0,
        1,
        2,
        2,
        1,
        3
      ],
      "uv": [
        30,
        149,
        94,
        149,
        30,
        13,
        94,
        13
      ],
      "nuv": [
        0.25,
        0.06666666666666667,
        0.7833333333333333,
        0.06666666666666667,
        0.25,
        0.764102564102564,
        0.7833333333333333,
        0.764102564102564
      ],
      "minPos": {
        "x": -32,
        "y": -68,
        "z": 0
      },
      "maxPos": {
        "x": 32,
        "y": 68,
        "z": 0
      }
    },
    "texture": "3b7ef53c-62d2-4aee-9c23-3b0c7b65693a@6c48a",
    "packable": true,
    "pixelsToUnit": 100,
    "pivot": {
      "x": 0.5,
      "y": 0.5
    },
    "meshType": 0
  }
}