{
  "__type__": "cc.SpriteFrame",
  "content": {
    "name": "sit_02",
    "atlas": "",
    "rect": {
      "x": 38,
      "y": 28,
      "width": 54,
      "height": 157
    },
    "offset": {
      "x": 5,
      "y": -9
    },
    "originalSize": {
      "width": 120,
      "height": 195
    },
    "rotated": false,
    "capInsets": [
      0,
      0,
      0,
      0
    ],
    "vertices": {
      "rawPosition": [
        -27,
        -78.5,
        0,
        27,
        -78.5,
        0,
        -27,
        78.5,
        0,
        27,
        78.5,
        0
      ],
      "indexes": [
        0,
        1,
        2,
        2,
        1,
        3
      ],
      "uv": [
        38,
        167,
        92,
        167,
        38,
        10,
        92,
        10
      ],
      "nuv": [
        0.31666666666666665,
        0.05128205128205128,
        0.7666666666666667,
        0.05128205128205128,
        0.31666666666666665,
        0.8564102564102564,
        0.7666666666666667,
        0.8564102564102564
      ],
      "minPos": {
        "x": -27,
        "y": -78.5,
        "z": 0
      },
      "maxPos": {
        "x": 27,
        "y": 78.5,
        "z": 0
      }
    },
    "texture": "3b864f6d-b3f0-4482-9aff-b0b18d9c87e0@6c48a",
    "packable": true,
    "pixelsToUnit": 100,
    "pivot": {
      "x": 0.5,
      "y": 0.5
    },
    "meshType": 0
  }
}