{
  "__type__": "cc.SpriteFrame",
  "content": {
    "name": "1_090",
    "atlas": "",
    "rect": {
      "x": 2,
      "y": 56,
      "width": 338,
      "height": 245
    },
    "offset": {
      "x": -16.5,
      "y": -16.5
    },
    "originalSize": {
      "width": 375,
      "height": 324
    },
    "rotated": false,
    "capInsets": [
      0,
      0,
      0,
      0
    ],
    "vertices": {
      "rawPosition": [
        -169,
        -122.5,
        0,
        169,
        -122.5,
        0,
        -169,
        122.5,
        0,
        169,
        122.5,
        0
      ],
      "indexes": [
        0,
        1,
        2,
        2,
        1,
        3
      ],
      "uv": [
        2,
        268,
        340,
        268,
        2,
        23,
        340,
        23
      ],
      "nuv": [
        0.005333333333333333,
        0.07098765432098765,
        0.9066666666666666,
        0.07098765432098765,
        0.005333333333333333,
        0.8271604938271605,
        0.9066666666666666,
        0.8271604938271605
      ],
      "minPos": {
        "x": -169,
        "y": -122.5,
        "z": 0
      },
      "maxPos": {
        "x": 169,
        "y": 122.5,
        "z": 0
      }
    },
    "texture": "3bb3fe9e-cdf3-45d2-87be-266297b58a44@6c48a",
    "packable": true,
    "pixelsToUnit": 100,
    "pivot": {
      "x": 0.5,
      "y": 0.5
    },
    "meshType": 0
  }
}