{
  "__type__": "cc.SpriteFrame",
  "content": {
    "name": "0011",
    "atlas": "",
    "rect": {
      "x": 0,
      "y": 61,
      "width": 300,
      "height": 170
    },
    "offset": {
      "x": 0,
      "y": 4
    },
    "originalSize": {
      "width": 300,
      "height": 300
    },
    "rotated": false,
    "capInsets": [
      0,
      0,
      0,
      0
    ],
    "vertices": {
      "rawPosition": [
        -150,
        -85,
        0,
        150,
        -85,
        0,
        -150,
        85,
        0,
        150,
        85,
        0
      ],
      "indexes": [
        0,
        1,
        2,
        2,
        1,
        3
      ],
      "uv": [
        0,
        239,
        300,
        239,
        0,
        69,
        300,
        69
      ],
      "nuv": [
        0,
        0.23,
        1,
        0.23,
        0,
        0.7966666666666666,
        1,
        0.7966666666666666
      ],
      "minPos": {
        "x": -150,
        "y": -85,
        "z": 0
      },
      "maxPos": {
        "x": 150,
        "y": 85,
        "z": 0
      }
    },
    "texture": "3bcab13a-0660-4da0-ac50-cca5d81bc92f@6c48a",
    "packable": true,
    "pixelsToUnit": 100,
    "pivot": {
      "x": 0.5,
      "y": 0.5
    },
    "meshType": 0
  }
}