{
  "__type__": "cc.SpriteFrame",
  "content": {
    "name": "sit2_03",
    "atlas": "",
    "rect": {
      "x": 24,
      "y": 32,
      "width": 54,
      "height": 152
    },
    "offset": {
      "x": -9,
      "y": -10.5
    },
    "originalSize": {
      "width": 120,
      "height": 195
    },
    "rotated": false,
    "capInsets": [
      0,
      0,
      0,
      0
    ],
    "vertices": {
      "rawPosition": [
        -27,
        -76,
        0,
        27,
        -76,
        0,
        -27,
        76,
        0,
        27,
        76,
        0
      ],
      "indexes": [
        0,
        1,
        2,
        2,
        1,
        3
      ],
      "uv": [
        24,
        163,
        78,
        163,
        24,
        11,
        78,
        11
      ],
      "nuv": [
        0.2,
        0.05641025641025641,
        0.65,
        0.05641025641025641,
        0.2,
        0.8358974358974359,
        0.65,
        0.8358974358974359
      ],
      "minPos": {
        "x": -27,
        "y": -76,
        "z": 0
      },
      "maxPos": {
        "x": 27,
        "y": 76,
        "z": 0
      }
    },
    "texture": "3bfa9ee2-4c2a-472b-bb9b-b5a478eaec5e@6c48a",
    "packable": true,
    "pixelsToUnit": 100,
    "pivot": {
      "x": 0.5,
      "y": 0.5
    },
    "meshType": 0
  }
}