{
  "__type__": "cc.SpriteFrame",
  "content": {
    "name": "1_03",
    "atlas": "",
    "rect": {
      "x": 37,
      "y": 46,
      "width": 132,
      "height": 155
    },
    "offset": {
      "x": -7,
      "y": -13.5
    },
    "originalSize": {
      "width": 220,
      "height": 220
    },
    "rotated": false,
    "capInsets": [
      0,
      0,
      0,
      0
    ],
    "vertices": {
      "rawPosition": [
        -66,
        -77.5,
        0,
        66,
        -77.5,
        0,
        -66,
        77.5,
        0,
        66,
        77.5,
        0
      ],
      "indexes": [
        0,
        1,
        2,
        2,
        1,
        3
      ],
      "uv": [
        37,
        174,
        169,
        174,
        37,
        19,
        169,
        19
      ],
      "nuv": [
        0.16818181818181818,
        0.08636363636363636,
        0.7681818181818182,
        0.08636363636363636,
        0.16818181818181818,
        0.7909090909090909,
        0.7681818181818182,
        0.7909090909090909
      ],
      "minPos": {
        "x": -66,
        "y": -77.5,
        "z": 0
      },
      "maxPos": {
        "x": 66,
        "y": 77.5,
        "z": 0
      }
    },
    "texture": "b4156412-aeb3-4432-bf93-040f9197bf76@6c48a",
    "packable": true,
    "pixelsToUnit": 100,
    "pivot": {
      "x": 0.5,
      "y": 0.5
    },
    "meshType": 0
  }
}