{
  "__type__": "cc.SpriteFrame",
  "content": {
    "name": "1_29",
    "atlas": "",
    "rect": {
      "x": 2,
      "y": 1,
      "width": 215,
      "height": 216
    },
    "offset": {
      "x": -0.5,
      "y": 1
    },
    "originalSize": {
      "width": 220,
      "height": 220
    },
    "rotated": false,
    "capInsets": [
      0,
      0,
      0,
      0
    ],
    "vertices": {
      "rawPosition": [
        -107.5,
        -108,
        0,
        107.5,
        -108,
        0,
        -107.5,
        108,
        0,
        107.5,
        108,
        0
      ],
      "indexes": [
        0,
        1,
        2,
        2,
        1,
        3
      ],
      "uv": [
        2,
        219,
        217,
        219,
        2,
        3,
        217,
        3
      ],
      "nuv": [
        0.00909090909090909,
        0.013636363636363636,
        0.9863636363636363,
        0.013636363636363636,
        0.00909090909090909,
        0.9954545454545455,
        0.9863636363636363,
        0.9954545454545455
      ],
      "minPos": {
        "x": -107.5,
        "y": -108,
        "z": 0
      },
      "maxPos": {
        "x": 107.5,
        "y": 108,
        "z": 0
      }
    },
    "texture": "b450b32b-43f7-432c-8333-7c516465f713@6c48a",
    "packable": true,
    "pixelsToUnit": 100,
    "pivot": {
      "x": 0.5,
      "y": 0.5
    },
    "meshType": 0
  }
}