{
  "__type__": "cc.SpriteFrame",
  "content": {
    "name": "move_15",
    "atlas": "",
    "rect": {
      "x": 47,
      "y": 25,
      "width": 46,
      "height": 158
    },
    "offset": {
      "x": 2.5,
      "y": -6.5
    },
    "originalSize": {
      "width": 135,
      "height": 195
    },
    "rotated": false,
    "capInsets": [
      0,
      0,
      0,
      0
    ],
    "vertices": {
      "rawPosition": [
        -23,
        -79,
        0,
        23,
        -79,
        0,
        -23,
        79,
        0,
        23,
        79,
        0
      ],
      "indexes": [
        0,
        1,
        2,
        2,
        1,
        3
      ],
      "uv": [
        47,
        170,
        93,
        170,
        47,
        12,
        93,
        12
      ],
      "nuv": [
        0.34814814814814815,
        0.06153846153846154,
        0.6888888888888889,
        0.06153846153846154,
        0.34814814814814815,
        0.8717948717948718,
        0.6888888888888889,
        0.8717948717948718
      ],
      "minPos": {
        "x": -23,
        "y": -79,
        "z": 0
      },
      "maxPos": {
        "x": 23,
        "y": 79,
        "z": 0
      }
    },
    "texture": "b4988afa-8cdf-4b82-bdf8-18da97d8c51a@6c48a",
    "packable": true,
    "pixelsToUnit": 100,
    "pivot": {
      "x": 0.5,
      "y": 0.5
    },
    "meshType": 0
  }
}