{
  "__type__": "cc.SpriteFrame",
  "content": {
    "name": "tu01-stand_08",
    "atlas": "",
    "rect": {
      "x": 41,
      "y": 64,
      "width": 156,
      "height": 149
    },
    "offset": {
      "x": 9,
      "y": -28.5
    },
    "originalSize": {
      "width": 220,
      "height": 220
    },
    "rotated": false,
    "capInsets": [
      0,
      0,
      0,
      0
    ],
    "vertices": {
      "rawPosition": [
        -78,
        -74.5,
        0,
        78,
        -74.5,
        0,
        -78,
        74.5,
        0,
        78,
        74.5,
        0
      ],
      "indexes": [
        0,
        1,
        2,
        2,
        1,
        3
      ],
      "uv": [
        41,
        156,
        197,
        156,
        41,
        7,
        197,
        7
      ],
      "nuv": [
        0.18636363636363637,
        0.031818181818181815,
        0.8954545454545455,
        0.031818181818181815,
        0.18636363636363637,
        0.7090909090909091,
        0.8954545454545455,
        0.7090909090909091
      ],
      "minPos": {
        "x": -78,
        "y": -74.5,
        "z": 0
      },
      "maxPos": {
        "x": 78,
        "y": 74.5,
        "z": 0
      }
    },
    "texture": "b4ad1a6c-67bb-4e66-9efa-3a36a2d67af0@6c48a",
    "packable": true,
    "pixelsToUnit": 100,
    "pivot": {
      "x": 0.5,
      "y": 0.5
    },
    "meshType": 0
  }
}