{
  "__type__": "cc.SpriteFrame",
  "content": {
    "name": "1_32",
    "atlas": "",
    "rect": {
      "x": 10,
      "y": 9,
      "width": 200,
      "height": 200
    },
    "offset": {
      "x": 0,
      "y": 1
    },
    "originalSize": {
      "width": 220,
      "height": 220
    },
    "rotated": false,
    "capInsets": [
      0,
      0,
      0,
      0
    ],
    "vertices": {
      "rawPosition": [
        -100,
        -100,
        0,
        100,
        -100,
        0,
        -100,
        100,
        0,
        100,
        100,
        0
      ],
      "indexes": [
        0,
        1,
        2,
        2,
        1,
        3
      ],
      "uv": [
        10,
        211,
        210,
        211,
        10,
        11,
        210,
        11
      ],
      "nuv": [
        0.045454545454545456,
        0.05,
        0.9545454545454546,
        0.05,
        0.045454545454545456,
        0.9590909090909091,
        0.9545454545454546,
        0.9590909090909091
      ],
      "minPos": {
        "x": -100,
        "y": -100,
        "z": 0
      },
      "maxPos": {
        "x": 100,
        "y": 100,
        "z": 0
      }
    },
    "texture": "b4c70ba0-56f3-404c-b4b2-d2acba19b046@6c48a",
    "packable": true,
    "pixelsToUnit": 100,
    "pivot": {
      "x": 0.5,
      "y": 0.5
    },
    "meshType": 0
  }
}