{
  "__type__": "cc.SpriteFrame",
  "content": {
    "name": "1_14",
    "atlas": "",
    "rect": {
      "x": 96,
      "y": 222,
      "width": 104,
      "height": 98
    },
    "offset": {
      "x": 7.5,
      "y": -105.5
    },
    "originalSize": {
      "width": 281,
      "height": 331
    },
    "rotated": false,
    "capInsets": [
      0,
      0,
      0,
      0
    ],
    "vertices": {
      "rawPosition": [
        -52,
        -49,
        0,
        52,
        -49,
        0,
        -52,
        49,
        0,
        52,
        49,
        0
      ],
      "indexes": [
        0,
        1,
        2,
        2,
        1,
        3
      ],
      "uv": [
        96,
        109,
        200,
        109,
        96,
        11,
        200,
        11
      ],
      "nuv": [
        0.3416370106761566,
        0.03323262839879154,
        0.7117437722419929,
        0.03323262839879154,
        0.3416370106761566,
        0.3293051359516616,
        0.7117437722419929,
        0.3293051359516616
      ],
      "minPos": {
        "x": -52,
        "y": -49,
        "z": 0
      },
      "maxPos": {
        "x": 52,
        "y": 49,
        "z": 0
      }
    },
    "texture": "b4e14a00-c6bd-48b7-89b9-7baf0fb57bb6@6c48a",
    "packable": true,
    "pixelsToUnit": 100,
    "pivot": {
      "x": 0.5,
      "y": 0.5
    },
    "meshType": 0
  }
}