{
  "__type__": "cc.SpriteFrame",
  "content": {
    "name": "1_37",
    "atlas": "",
    "rect": {
      "x": 18,
      "y": 21,
      "width": 188,
      "height": 175
    },
    "offset": {
      "x": 2,
      "y": 1.5
    },
    "originalSize": {
      "width": 220,
      "height": 220
    },
    "rotated": false,
    "capInsets": [
      0,
      0,
      0,
      0
    ],
    "vertices": {
      "rawPosition": [
        -94,
        -87.5,
        0,
        94,
        -87.5,
        0,
        -94,
        87.5,
        0,
        94,
        87.5,
        0
      ],
      "indexes": [
        0,
        1,
        2,
        2,
        1,
        3
      ],
      "uv": [
        18,
        199,
        206,
        199,
        18,
        24,
        206,
        24
      ],
      "nuv": [
        0.08181818181818182,
        0.10909090909090909,
        0.9363636363636364,
        0.10909090909090909,
        0.08181818181818182,
        0.9045454545454545,
        0.9363636363636364,
        0.9045454545454545
      ],
      "minPos": {
        "x": -94,
        "y": -87.5,
        "z": 0
      },
      "maxPos": {
        "x": 94,
        "y": 87.5,
        "z": 0
      }
    },
    "texture": "b4f3671c-fc22-4094-b48f-cbd6467c3ec6@6c48a",
    "packable": true,
    "pixelsToUnit": 100,
    "pivot": {
      "x": 0.5,
      "y": 0.5
    },
    "meshType": 0
  }
}