{
  "__type__": "cc.SpriteFrame",
  "content": {
    "name": "1_21",
    "atlas": "",
    "rect": {
      "x": 78,
      "y": 209,
      "width": 113,
      "height": 85
    },
    "offset": {
      "x": -6,
      "y": -86
    },
    "originalSize": {
      "width": 281,
      "height": 331
    },
    "rotated": false,
    "capInsets": [
      0,
      0,
      0,
      0
    ],
    "vertices": {
      "rawPosition": [
        -56.5,
        -42.5,
        0,
        56.5,
        -42.5,
        0,
        -56.5,
        42.5,
        0,
        56.5,
        42.5,
        0
      ],
      "indexes": [
        0,
        1,
        2,
        2,
        1,
        3
      ],
      "uv": [
        78,
        122,
        191,
        122,
        78,
        37,
        191,
        37
      ],
      "nuv": [
        0.2775800711743772,
        0.11178247734138973,
        0.6797153024911032,
        0.11178247734138973,
        0.2775800711743772,
        0.3685800604229607,
        0.6797153024911032,
        0.3685800604229607
      ],
      "minPos": {
        "x": -56.5,
        "y": -42.5,
        "z": 0
      },
      "maxPos": {
        "x": 56.5,
        "y": 42.5,
        "z": 0
      }
    },
    "texture": "0d0c60c4-0dac-4375-8128-bebd522ed25c@6c48a",
    "packable": true,
    "pixelsToUnit": 100,
    "pivot": {
      "x": 0.5,
      "y": 0.5
    },
    "meshType": 0
  }
}