{
  "__type__": "cc.SpriteFrame",
  "content": {
    "name": "1_17",
    "atlas": "",
    "rect": {
      "x": 48,
      "y": 50,
      "width": 136,
      "height": 152
    },
    "offset": {
      "x": 6,
      "y": -16
    },
    "originalSize": {
      "width": 220,
      "height": 220
    },
    "rotated": false,
    "capInsets": [
      0,
      0,
      0,
      0
    ],
    "vertices": {
      "rawPosition": [
        -68,
        -76,
        0,
        68,
        -76,
        0,
        -68,
        76,
        0,
        68,
        76,
        0
      ],
      "indexes": [
        0,
        1,
        2,
        2,
        1,
        3
      ],
      "uv": [
        48,
        170,
        184,
        170,
        48,
        18,
        184,
        18
      ],
      "nuv": [
        0.21818181818181817,
        0.08181818181818182,
        0.8363636363636363,
        0.08181818181818182,
        0.21818181818181817,
        0.7727272727272727,
        0.8363636363636363,
        0.7727272727272727
      ],
      "minPos": {
        "x": -68,
        "y": -76,
        "z": 0
      },
      "maxPos": {
        "x": 68,
        "y": 76,
        "z": 0
      }
    },
    "texture": "0d20fdcd-dcc0-459e-bfc5-31b71a9df879@6c48a",
    "packable": true,
    "pixelsToUnit": 100,
    "pivot": {
      "x": 0.5,
      "y": 0.5
    },
    "meshType": 0
  }
}