{
  "__type__": "cc.SpriteFrame",
  "content": {
    "name": "1_25",
    "atlas": "",
    "rect": {
      "x": 37,
      "y": 45,
      "width": 146,
      "height": 155
    },
    "offset": {
      "x": 0,
      "y": -12.5
    },
    "originalSize": {
      "width": 220,
      "height": 220
    },
    "rotated": false,
    "capInsets": [
      0,
      0,
      0,
      0
    ],
    "vertices": {
      "rawPosition": [
        -73,
        -77.5,
        0,
        73,
        -77.5,
        0,
        -73,
        77.5,
        0,
        73,
        77.5,
        0
      ],
      "indexes": [
        0,
        1,
        2,
        2,
        1,
        3
      ],
      "uv": [
        37,
        175,
        183,
        175,
        37,
        20,
        183,
        20
      ],
      "nuv": [
        0.16818181818181818,
        0.09090909090909091,
        0.8318181818181818,
        0.09090909090909091,
        0.16818181818181818,
        0.7954545454545454,
        0.8318181818181818,
        0.7954545454545454
      ],
      "minPos": {
        "x": -73,
        "y": -77.5,
        "z": 0
      },
      "maxPos": {
        "x": 73,
        "y": 77.5,
        "z": 0
      }
    },
    "texture": "0d2857ef-d7f6-48af-8793-b732a75e5494@6c48a",
    "packable": true,
    "pixelsToUnit": 100,
    "pivot": {
      "x": 0.5,
      "y": 0.5
    },
    "meshType": 0
  }
}