{
  "__type__": "cc.SpriteFrame",
  "content": {
    "name": "1_047",
    "atlas": "",
    "rect": {
      "x": 7,
      "y": 61,
      "width": 335,
      "height": 224
    },
    "offset": {
      "x": -13,
      "y": -11
    },
    "originalSize": {
      "width": 375,
      "height": 324
    },
    "rotated": false,
    "capInsets": [
      0,
      0,
      0,
      0
    ],
    "vertices": {
      "rawPosition": [
        -167.5,
        -112,
        0,
        167.5,
        -112,
        0,
        -167.5,
        112,
        0,
        167.5,
        112,
        0
      ],
      "indexes": [
        0,
        1,
        2,
        2,
        1,
        3
      ],
      "uv": [
        7,
        263,
        342,
        263,
        7,
        39,
        342,
        39
      ],
      "nuv": [
        0.018666666666666668,
        0.12037037037037036,
        0.912,
        0.12037037037037036,
        0.018666666666666668,
        0.8117283950617284,
        0.912,
        0.8117283950617284
      ],
      "minPos": {
        "x": -167.5,
        "y": -112,
        "z": 0
      },
      "maxPos": {
        "x": 167.5,
        "y": 112,
        "z": 0
      }
    },
    "texture": "0d3b50eb-8f9a-45a1-bac1-37e23d947668@6c48a",
    "packable": true,
    "pixelsToUnit": 100,
    "pivot": {
      "x": 0.5,
      "y": 0.5
    },
    "meshType": 0
  }
}