{
  "__type__": "cc.SpriteFrame",
  "content": {
    "name": "1_55",
    "atlas": "",
    "rect": {
      "x": 21,
      "y": 32,
      "width": 138,
      "height": 169
    },
    "offset": {
      "x": -20,
      "y": -6.5
    },
    "originalSize": {
      "width": 220,
      "height": 220
    },
    "rotated": false,
    "capInsets": [
      0,
      0,
      0,
      0
    ],
    "vertices": {
      "rawPosition": [
        -69,
        -84.5,
        0,
        69,
        -84.5,
        0,
        -69,
        84.5,
        0,
        69,
        84.5,
        0
      ],
      "indexes": [
        0,
        1,
        2,
        2,
        1,
        3
      ],
      "uv": [
        21,
        188,
        159,
        188,
        21,
        19,
        159,
        19
      ],
      "nuv": [
        0.09545454545454546,
        0.08636363636363636,
        0.7227272727272728,
        0.08636363636363636,
        0.09545454545454546,
        0.8545454545454545,
        0.7227272727272728,
        0.8545454545454545
      ],
      "minPos": {
        "x": -69,
        "y": -84.5,
        "z": 0
      },
      "maxPos": {
        "x": 69,
        "y": 84.5,
        "z": 0
      }
    },
    "texture": "0d434a1e-469e-4cc7-a98e-f19b3170c767@6c48a",
    "packable": true,
    "pixelsToUnit": 100,
    "pivot": {
      "x": 0.5,
      "y": 0.5
    },
    "meshType": 0
  }
}