{
  "__type__": "cc.SpriteFrame",
  "content": {
    "name": "1_40",
    "atlas": "",
    "rect": {
      "x": 16,
      "y": 18,
      "width": 182,
      "height": 153
    },
    "offset": {
      "x": -3,
      "y": 15.5
    },
    "originalSize": {
      "width": 220,
      "height": 220
    },
    "rotated": false,
    "capInsets": [
      0,
      0,
      0,
      0
    ],
    "vertices": {
      "rawPosition": [
        -91,
        -76.5,
        0,
        91,
        -76.5,
        0,
        -91,
        76.5,
        0,
        91,
        76.5,
        0
      ],
      "indexes": [
        0,
        1,
        2,
        2,
        1,
        3
      ],
      "uv": [
        16,
        202,
        198,
        202,
        16,
        49,
        198,
        49
      ],
      "nuv": [
        0.07272727272727272,
        0.22272727272727272,
        0.9,
        0.22272727272727272,
        0.07272727272727272,
        0.9181818181818182,
        0.9,
        0.9181818181818182
      ],
      "minPos": {
        "x": -91,
        "y": -76.5,
        "z": 0
      },
      "maxPos": {
        "x": 91,
        "y": 76.5,
        "z": 0
      }
    },
    "texture": "0d76d4f1-cc60-465e-8c5d-0d14e810893b@6c48a",
    "packable": true,
    "pixelsToUnit": 100,
    "pivot": {
      "x": 0.5,
      "y": 0.5
    },
    "meshType": 0
  }
}