{
  "__type__": "cc.SpriteFrame",
  "content": {
    "name": "1_32",
    "atlas": "",
    "rect": {
      "x": 44,
      "y": 56,
      "width": 131,
      "height": 140
    },
    "offset": {
      "x": -0.5,
      "y": -16
    },
    "originalSize": {
      "width": 220,
      "height": 220
    },
    "rotated": false,
    "capInsets": [
      0,
      0,
      0,
      0
    ],
    "vertices": {
      "rawPosition": [
        -65.5,
        -70,
        0,
        65.5,
        -70,
        0,
        -65.5,
        70,
        0,
        65.5,
        70,
        0
      ],
      "indexes": [
        0,
        1,
        2,
        2,
        1,
        3
      ],
      "uv": [
        44,
        164,
        175,
        164,
        44,
        24,
        175,
        24
      ],
      "nuv": [
        0.2,
        0.10909090909090909,
        0.7954545454545454,
        0.10909090909090909,
        0.2,
        0.7454545454545455,
        0.7954545454545454,
        0.7454545454545455
      ],
      "minPos": {
        "x": -65.5,
        "y": -70,
        "z": 0
      },
      "maxPos": {
        "x": 65.5,
        "y": 70,
        "z": 0
      }
    },
    "texture": "0dd692fc-de47-4f0c-9297-f20cfac08763@6c48a",
    "packable": true,
    "pixelsToUnit": 100,
    "pivot": {
      "x": 0.5,
      "y": 0.5
    },
    "meshType": 0
  }
}