{
  "__type__": "cc.SpriteFrame",
  "content": {
    "name": "1_42",
    "atlas": "",
    "rect": {
      "x": 19,
      "y": 87,
      "width": 233,
      "height": 224
    },
    "offset": {
      "x": -5,
      "y": -33.5
    },
    "originalSize": {
      "width": 281,
      "height": 331
    },
    "rotated": false,
    "capInsets": [
      0,
      0,
      0,
      0
    ],
    "vertices": {
      "rawPosition": [
        -116.5,
        -112,
        0,
        116.5,
        -112,
        0,
        -116.5,
        112,
        0,
        116.5,
        112,
        0
      ],
      "indexes": [
        0,
        1,
        2,
        2,
        1,
        3
      ],
      "uv": [
        19,
        244,
        252,
        244,
        19,
        20,
        252,
        20
      ],
      "nuv": [
        0.06761565836298933,
        0.06042296072507553,
        0.896797153024911,
        0.06042296072507553,
        0.06761565836298933,
        0.7371601208459214,
        0.896797153024911,
        0.7371601208459214
      ],
      "minPos": {
        "x": -116.5,
        "y": -112,
        "z": 0
      },
      "maxPos": {
        "x": 116.5,
        "y": 112,
        "z": 0
      }
    },
    "texture": "5810ab1a-30a7-478d-ba5d-120e70f028bc@6c48a",
    "packable": true,
    "pixelsToUnit": 100,
    "pivot": {
      "x": 0.5,
      "y": 0.5
    },
    "meshType": 0
  }
}