{
  "__type__": "cc.SpriteFrame",
  "content": {
    "name": "1_11",
    "atlas": "",
    "rect": {
      "x": 14,
      "y": 33,
      "width": 145,
      "height": 168
    },
    "offset": {
      "x": -23.5,
      "y": -7
    },
    "originalSize": {
      "width": 220,
      "height": 220
    },
    "rotated": false,
    "capInsets": [
      0,
      0,
      0,
      0
    ],
    "vertices": {
      "rawPosition": [
        -72.5,
        -84,
        0,
        72.5,
        -84,
        0,
        -72.5,
        84,
        0,
        72.5,
        84,
        0
      ],
      "indexes": [
        0,
        1,
        2,
        2,
        1,
        3
      ],
      "uv": [
        14,
        187,
        159,
        187,
        14,
        19,
        159,
        19
      ],
      "nuv": [
        0.06363636363636363,
        0.08636363636363636,
        0.7227272727272728,
        0.08636363636363636,
        0.06363636363636363,
        0.85,
        0.7227272727272728,
        0.85
      ],
      "minPos": {
        "x": -72.5,
        "y": -84,
        "z": 0
      },
      "maxPos": {
        "x": 72.5,
        "y": 84,
        "z": 0
      }
    },
    "texture": "588cad47-f54a-4660-9fd0-b1b8dfeed618@6c48a",
    "packable": true,
    "pixelsToUnit": 100,
    "pivot": {
      "x": 0.5,
      "y": 0.5
    },
    "meshType": 0
  }
}