{
  "__type__": "cc.SpriteFrame",
  "content": {
    "name": "move_10",
    "atlas": "",
    "rect": {
      "x": 30,
      "y": 30,
      "width": 51,
      "height": 152
    },
    "offset": {
      "x": -4.5,
      "y": -8.5
    },
    "originalSize": {
      "width": 120,
      "height": 195
    },
    "rotated": false,
    "capInsets": [
      0,
      0,
      0,
      0
    ],
    "vertices": {
      "rawPosition": [
        -25.5,
        -76,
        0,
        25.5,
        -76,
        0,
        -25.5,
        76,
        0,
        25.5,
        76,
        0
      ],
      "indexes": [
        0,
        1,
        2,
        2,
        1,
        3
      ],
      "uv": [
        30,
        165,
        81,
        165,
        30,
        13,
        81,
        13
      ],
      "nuv": [
        0.25,
        0.06666666666666667,
        0.675,
        0.06666666666666667,
        0.25,
        0.8461538461538461,
        0.675,
        0.8461538461538461
      ],
      "minPos": {
        "x": -25.5,
        "y": -76,
        "z": 0
      },
      "maxPos": {
        "x": 25.5,
        "y": 76,
        "z": 0
      }
    },
    "texture": "6227b8ad-64c0-4bbe-9be4-f0ff7eaaef64@6c48a",
    "packable": true,
    "pixelsToUnit": 100,
    "pivot": {
      "x": 0.5,
      "y": 0.5
    },
    "meshType": 0
  }
}