{
  "__type__": "cc.SpriteFrame",
  "content": {
    "name": "1_05",
    "atlas": "",
    "rect": {
      "x": 40,
      "y": 40,
      "width": 135,
      "height": 165
    },
    "offset": {
      "x": -2.5,
      "y": -12.5
    },
    "originalSize": {
      "width": 220,
      "height": 220
    },
    "rotated": false,
    "capInsets": [
      0,
      0,
      0,
      0
    ],
    "vertices": {
      "rawPosition": [
        -67.5,
        -82.5,
        0,
        67.5,
        -82.5,
        0,
        -67.5,
        82.5,
        0,
        67.5,
        82.5,
        0
      ],
      "indexes": [
        0,
        1,
        2,
        2,
        1,
        3
      ],
      "uv": [
        40,
        180,
        175,
        180,
        40,
        15,
        175,
        15
      ],
      "nuv": [
        0.18181818181818182,
        0.06818181818181818,
        0.7954545454545454,
        0.06818181818181818,
        0.18181818181818182,
        0.8181818181818182,
        0.7954545454545454,
        0.8181818181818182
      ],
      "minPos": {
        "x": -67.5,
        "y": -82.5,
        "z": 0
      },
      "maxPos": {
        "x": 67.5,
        "y": 82.5,
        "z": 0
      }
    },
    "texture": "62d76fcb-3495-4a8d-b449-9e7d070546dc@6c48a",
    "packable": true,
    "pixelsToUnit": 100,
    "pivot": {
      "x": 0.5,
      "y": 0.5
    },
    "meshType": 0
  }
}