{
  "__type__": "cc.SpriteFrame",
  "content": {
    "name": "1_07",
    "atlas": "",
    "rect": {
      "x": 49,
      "y": 54,
      "width": 136,
      "height": 148
    },
    "offset": {
      "x": 7,
      "y": -18
    },
    "originalSize": {
      "width": 220,
      "height": 220
    },
    "rotated": false,
    "capInsets": [
      0,
      0,
      0,
      0
    ],
    "vertices": {
      "rawPosition": [
        -68,
        -74,
        0,
        68,
        -74,
        0,
        -68,
        74,
        0,
        68,
        74,
        0
      ],
      "indexes": [
        0,
        1,
        2,
        2,
        1,
        3
      ],
      "uv": [
        49,
        166,
        185,
        166,
        49,
        18,
        185,
        18
      ],
      "nuv": [
        0.22272727272727272,
        0.08181818181818182,
        0.8409090909090909,
        0.08181818181818182,
        0.22272727272727272,
        0.7545454545454545,
        0.8409090909090909,
        0.7545454545454545
      ],
      "minPos": {
        "x": -68,
        "y": -74,
        "z": 0
      },
      "maxPos": {
        "x": 68,
        "y": 74,
        "z": 0
      }
    },
    "texture": "62fbad6e-0f18-4c42-a8d1-e4b1eb43e8a2@6c48a",
    "packable": true,
    "pixelsToUnit": 100,
    "pivot": {
      "x": 0.5,
      "y": 0.5
    },
    "meshType": 0
  }
}