{
  "__type__": "cc.SpriteFrame",
  "content": {
    "name": "1_19",
    "atlas": "",
    "rect": {
      "x": 47,
      "y": 47,
      "width": 138,
      "height": 159
    },
    "offset": {
      "x": 6,
      "y": -16.5
    },
    "originalSize": {
      "width": 220,
      "height": 220
    },
    "rotated": false,
    "capInsets": [
      0,
      0,
      0,
      0
    ],
    "vertices": {
      "rawPosition": [
        -69,
        -79.5,
        0,
        69,
        -79.5,
        0,
        -69,
        79.5,
        0,
        69,
        79.5,
        0
      ],
      "indexes": [
        0,
        1,
        2,
        2,
        1,
        3
      ],
      "uv": [
        47,
        173,
        185,
        173,
        47,
        14,
        185,
        14
      ],
      "nuv": [
        0.21363636363636362,
        0.06363636363636363,
        0.8409090909090909,
        0.06363636363636363,
        0.21363636363636362,
        0.7863636363636364,
        0.8409090909090909,
        0.7863636363636364
      ],
      "minPos": {
        "x": -69,
        "y": -79.5,
        "z": 0
      },
      "maxPos": {
        "x": 69,
        "y": 79.5,
        "z": 0
      }
    },
    "texture": "f8159053-055e-4066-a4ea-1fbe5816cddc@6c48a",
    "packable": true,
    "pixelsToUnit": 100,
    "pivot": {
      "x": 0.5,
      "y": 0.5
    },
    "meshType": 0
  }
}