{
  "__type__": "cc.SpriteFrame",
  "content": {
    "name": "tu01-stand1_43",
    "atlas": "",
    "rect": {
      "x": 28,
      "y": 70,
      "width": 142,
      "height": 143
    },
    "offset": {
      "x": -11,
      "y": -31.5
    },
    "originalSize": {
      "width": 220,
      "height": 220
    },
    "rotated": false,
    "capInsets": [
      0,
      0,
      0,
      0
    ],
    "vertices": {
      "rawPosition": [
        -71,
        -71.5,
        0,
        71,
        -71.5,
        0,
        -71,
        71.5,
        0,
        71,
        71.5,
        0
      ],
      "indexes": [
        0,
        1,
        2,
        2,
        1,
        3
      ],
      "uv": [
        28,
        150,
        170,
        150,
        28,
        7,
        170,
        7
      ],
      "nuv": [
        0.12727272727272726,
        0.031818181818181815,
        0.7727272727272727,
        0.031818181818181815,
        0.12727272727272726,
        0.6818181818181818,
        0.7727272727272727,
        0.6818181818181818
      ],
      "minPos": {
        "x": -71,
        "y": -71.5,
        "z": 0
      },
      "maxPos": {
        "x": 71,
        "y": 71.5,
        "z": 0
      }
    },
    "texture": "f823e341-f4ab-49aa-a48c-46149adbf8a3@6c48a",
    "packable": true,
    "pixelsToUnit": 100,
    "pivot": {
      "x": 0.5,
      "y": 0.5
    },
    "meshType": 0
  }
}