{
  "__type__": "cc.SpriteFrame",
  "content": {
    "name": "sit_06",
    "atlas": "",
    "rect": {
      "x": 33,
      "y": 43,
      "width": 52,
      "height": 139
    },
    "offset": {
      "x": -1,
      "y": -15
    },
    "originalSize": {
      "width": 120,
      "height": 195
    },
    "rotated": false,
    "capInsets": [
      0,
      0,
      0,
      0
    ],
    "vertices": {
      "rawPosition": [
        -26,
        -69.5,
        0,
        26,
        -69.5,
        0,
        -26,
        69.5,
        0,
        26,
        69.5,
        0
      ],
      "indexes": [
        0,
        1,
        2,
        2,
        1,
        3
      ],
      "uv": [
        33,
        152,
        85,
        152,
        33,
        13,
        85,
        13
      ],
      "nuv": [
        0.275,
        0.06666666666666667,
        0.7083333333333334,
        0.06666666666666667,
        0.275,
        0.7794871794871795,
        0.7083333333333334,
        0.7794871794871795
      ],
      "minPos": {
        "x": -26,
        "y": -69.5,
        "z": 0
      },
      "maxPos": {
        "x": 26,
        "y": 69.5,
        "z": 0
      }
    },
    "texture": "f8971bee-4ff7-41e2-806e-07b299bd241e@6c48a",
    "packable": true,
    "pixelsToUnit": 100,
    "pivot": {
      "x": 0.5,
      "y": 0.5
    },
    "meshType": 0
  }
}