{
  "__type__": "cc.SpriteFrame",
  "content": {
    "name": "sit_15",
    "atlas": "",
    "rect": {
      "x": 31,
      "y": 46,
      "width": 63,
      "height": 136
    },
    "offset": {
      "x": 2.5,
      "y": -16.5
    },
    "originalSize": {
      "width": 120,
      "height": 195
    },
    "rotated": false,
    "capInsets": [
      0,
      0,
      0,
      0
    ],
    "vertices": {
      "rawPosition": [
        -31.5,
        -68,
        0,
        31.5,
        -68,
        0,
        -31.5,
        68,
        0,
        31.5,
        68,
        0
      ],
      "indexes": [
        0,
        1,
        2,
        2,
        1,
        3
      ],
      "uv": [
        31,
        149,
        94,
        149,
        31,
        13,
        94,
        13
      ],
      "nuv": [
        0.25833333333333336,
        0.06666666666666667,
        0.7833333333333333,
        0.06666666666666667,
        0.25833333333333336,
        0.764102564102564,
        0.7833333333333333,
        0.764102564102564
      ],
      "minPos": {
        "x": -31.5,
        "y": -68,
        "z": 0
      },
      "maxPos": {
        "x": 31.5,
        "y": 68,
        "z": 0
      }
    },
    "texture": "1a3af62a-cda2-4f2f-aebc-79caa4561cf2@6c48a",
    "packable": true,
    "pixelsToUnit": 100,
    "pivot": {
      "x": 0.5,
      "y": 0.5
    },
    "meshType": 0
  }
}