{
  "__type__": "cc.SpriteFrame",
  "content": {
    "name": "1_30",
    "atlas": "",
    "rect": {
      "x": 52,
      "y": 58,
      "width": 133,
      "height": 139
    },
    "offset": {
      "x": 8.5,
      "y": -17.5
    },
    "originalSize": {
      "width": 220,
      "height": 220
    },
    "rotated": false,
    "capInsets": [
      0,
      0,
      0,
      0
    ],
    "vertices": {
      "rawPosition": [
        -66.5,
        -69.5,
        0,
        66.5,
        -69.5,
        0,
        -66.5,
        69.5,
        0,
        66.5,
        69.5,
        0
      ],
      "indexes": [
        0,
        1,
        2,
        2,
        1,
        3
      ],
      "uv": [
        52,
        162,
        185,
        162,
        52,
        23,
        185,
        23
      ],
      "nuv": [
        0.23636363636363636,
        0.10454545454545454,
        0.8409090909090909,
        0.10454545454545454,
        0.23636363636363636,
        0.7363636363636363,
        0.8409090909090909,
        0.7363636363636363
      ],
      "minPos": {
        "x": -66.5,
        "y": -69.5,
        "z": 0
      },
      "maxPos": {
        "x": 66.5,
        "y": 69.5,
        "z": 0
      }
    },
    "texture": "1a6e1964-e458-4d46-a365-5913eba4619a@6c48a",
    "packable": true,
    "pixelsToUnit": 100,
    "pivot": {
      "x": 0.5,
      "y": 0.5
    },
    "meshType": 0
  }
}