{
  "__type__": "cc.SpriteFrame",
  "content": {
    "name": "move_17",
    "atlas": "",
    "rect": {
      "x": 47,
      "y": 25,
      "width": 47,
      "height": 159
    },
    "offset": {
      "x": 3,
      "y": -7
    },
    "originalSize": {
      "width": 135,
      "height": 195
    },
    "rotated": false,
    "capInsets": [
      0,
      0,
      0,
      0
    ],
    "vertices": {
      "rawPosition": [
        -23.5,
        -79.5,
        0,
        23.5,
        -79.5,
        0,
        -23.5,
        79.5,
        0,
        23.5,
        79.5,
        0
      ],
      "indexes": [
        0,
        1,
        2,
        2,
        1,
        3
      ],
      "uv": [
        47,
        170,
        94,
        170,
        47,
        11,
        94,
        11
      ],
      "nuv": [
        0.34814814814814815,
        0.05641025641025641,
        0.6962962962962963,
        0.05641025641025641,
        0.34814814814814815,
        0.8717948717948718,
        0.6962962962962963,
        0.8717948717948718
      ],
      "minPos": {
        "x": -23.5,
        "y": -79.5,
        "z": 0
      },
      "maxPos": {
        "x": 23.5,
        "y": 79.5,
        "z": 0
      }
    },
    "texture": "1ab713a9-bfad-442d-95a2-e4368ae94d18@6c48a",
    "packable": true,
    "pixelsToUnit": 100,
    "pivot": {
      "x": 0.5,
      "y": 0.5
    },
    "meshType": 0
  }
}