{
  "__type__": "cc.SpriteFrame",
  "content": {
    "name": "idle_24",
    "atlas": "",
    "rect": {
      "x": 43,
      "y": 22,
      "width": 53,
      "height": 162
    },
    "offset": {
      "x": 9.5,
      "y": -5.5
    },
    "originalSize": {
      "width": 120,
      "height": 195
    },
    "rotated": false,
    "capInsets": [
      0,
      0,
      0,
      0
    ],
    "vertices": {
      "rawPosition": [
        -26.5,
        -81,
        0,
        26.5,
        -81,
        0,
        -26.5,
        81,
        0,
        26.5,
        81,
        0
      ],
      "indexes": [
        0,
        1,
        2,
        2,
        1,
        3
      ],
      "uv": [
        43,
        173,
        96,
        173,
        43,
        11,
        96,
        11
      ],
      "nuv": [
        0.35833333333333334,
        0.05641025641025641,
        0.8,
        0.05641025641025641,
        0.35833333333333334,
        0.8871794871794871,
        0.8,
        0.8871794871794871
      ],
      "minPos": {
        "x": -26.5,
        "y": -81,
        "z": 0
      },
      "maxPos": {
        "x": 26.5,
        "y": 81,
        "z": 0
      }
    },
    "texture": "1ad2e66a-9935-4d8d-b4da-2559ff63f59b@6c48a",
    "packable": true,
    "pixelsToUnit": 100,
    "pivot": {
      "x": 0.5,
      "y": 0.5
    },
    "meshType": 0
  }
}