{
  "__type__": "cc.SpriteFrame",
  "content": {
    "name": "1_59",
    "atlas": "",
    "rect": {
      "x": 9,
      "y": 83,
      "width": 155,
      "height": 56
    },
    "offset": {
      "x": -23.5,
      "y": -1
    },
    "originalSize": {
      "width": 220,
      "height": 220
    },
    "rotated": false,
    "capInsets": [
      0,
      0,
      0,
      0
    ],
    "vertices": {
      "rawPosition": [
        -77.5,
        -28,
        0,
        77.5,
        -28,
        0,
        -77.5,
        28,
        0,
        77.5,
        28,
        0
      ],
      "indexes": [
        0,
        1,
        2,
        2,
        1,
        3
      ],
      "uv": [
        9,
        137,
        164,
        137,
        9,
        81,
        164,
        81
      ],
      "nuv": [
        0.04090909090909091,
        0.36818181818181817,
        0.7454545454545455,
        0.36818181818181817,
        0.04090909090909091,
        0.6227272727272727,
        0.7454545454545455,
        0.6227272727272727
      ],
      "minPos": {
        "x": -77.5,
        "y": -28,
        "z": 0
      },
      "maxPos": {
        "x": 77.5,
        "y": 28,
        "z": 0
      }
    },
    "texture": "1ad9e542-8b04-4544-a844-20af55aab96c@6c48a",
    "packable": true,
    "pixelsToUnit": 100,
    "pivot": {
      "x": 0.5,
      "y": 0.5
    },
    "meshType": 0
  }
}