{
  "__type__": "cc.SpriteFrame",
  "content": {
    "name": "1_055",
    "atlas": "",
    "rect": {
      "x": 79,
      "y": 99,
      "width": 222,
      "height": 186
    },
    "offset": {
      "x": 2.5,
      "y": -30
    },
    "originalSize": {
      "width": 375,
      "height": 324
    },
    "rotated": false,
    "capInsets": [
      0,
      0,
      0,
      0
    ],
    "vertices": {
      "rawPosition": [
        -111,
        -93,
        0,
        111,
        -93,
        0,
        -111,
        93,
        0,
        111,
        93,
        0
      ],
      "indexes": [
        0,
        1,
        2,
        2,
        1,
        3
      ],
      "uv": [
        79,
        225,
        301,
        225,
        79,
        39,
        301,
        39
      ],
      "nuv": [
        0.21066666666666667,
        0.12037037037037036,
        0.8026666666666666,
        0.12037037037037036,
        0.21066666666666667,
        0.6944444444444444,
        0.8026666666666666,
        0.6944444444444444
      ],
      "minPos": {
        "x": -111,
        "y": -93,
        "z": 0
      },
      "maxPos": {
        "x": 111,
        "y": 93,
        "z": 0
      }
    },
    "texture": "a313e87d-64f4-4f6d-8e52-49fa57b6d941@6c48a",
    "packable": true,
    "pixelsToUnit": 100,
    "pivot": {
      "x": 0.5,
      "y": 0.5
    },
    "meshType": 0
  }
}