{
  "__type__": "cc.SpriteFrame",
  "content": {
    "name": "1_29",
    "atlas": "",
    "rect": {
      "x": 54,
      "y": 48,
      "width": 141,
      "height": 160
    },
    "offset": {
      "x": 14.5,
      "y": -18
    },
    "originalSize": {
      "width": 220,
      "height": 220
    },
    "rotated": false,
    "capInsets": [
      0,
      0,
      0,
      0
    ],
    "vertices": {
      "rawPosition": [
        -70.5,
        -80,
        0,
        70.5,
        -80,
        0,
        -70.5,
        80,
        0,
        70.5,
        80,
        0
      ],
      "indexes": [
        0,
        1,
        2,
        2,
        1,
        3
      ],
      "uv": [
        54,
        172,
        195,
        172,
        54,
        12,
        195,
        12
      ],
      "nuv": [
        0.24545454545454545,
        0.05454545454545454,
        0.8863636363636364,
        0.05454545454545454,
        0.24545454545454545,
        0.7818181818181819,
        0.8863636363636364,
        0.7818181818181819
      ],
      "minPos": {
        "x": -70.5,
        "y": -80,
        "z": 0
      },
      "maxPos": {
        "x": 70.5,
        "y": 80,
        "z": 0
      }
    },
    "texture": "a3220d99-c9cb-4ff8-9e00-82caa5685c64@6c48a",
    "packable": true,
    "pixelsToUnit": 100,
    "pivot": {
      "x": 0.5,
      "y": 0.5
    },
    "meshType": 0
  }
}