{
  "__type__": "cc.SpriteFrame",
  "content": {
    "name": "sit2_idle_23",
    "atlas": "",
    "rect": {
      "x": 37,
      "y": 50,
      "width": 60,
      "height": 132
    },
    "offset": {
      "x": 7,
      "y": -18.5
    },
    "originalSize": {
      "width": 120,
      "height": 195
    },
    "rotated": false,
    "capInsets": [
      0,
      0,
      0,
      0
    ],
    "vertices": {
      "rawPosition": [
        -30,
        -66,
        0,
        30,
        -66,
        0,
        -30,
        66,
        0,
        30,
        66,
        0
      ],
      "indexes": [
        0,
        1,
        2,
        2,
        1,
        3
      ],
      "uv": [
        37,
        145,
        97,
        145,
        37,
        13,
        97,
        13
      ],
      "nuv": [
        0.30833333333333335,
        0.06666666666666667,
        0.8083333333333333,
        0.06666666666666667,
        0.30833333333333335,
        0.7435897435897436,
        0.8083333333333333,
        0.7435897435897436
      ],
      "minPos": {
        "x": -30,
        "y": -66,
        "z": 0
      },
      "maxPos": {
        "x": 30,
        "y": 66,
        "z": 0
      }
    },
    "texture": "a34a13cf-cd12-476e-ad79-35c4f4f02728@6c48a",
    "packable": true,
    "pixelsToUnit": 100,
    "pivot": {
      "x": 0.5,
      "y": 0.5
    },
    "meshType": 0
  }
}