{
  "__type__": "cc.SpriteFrame",
  "content": {
    "name": "0020",
    "atlas": "",
    "rect": {
      "x": 21,
      "y": 37,
      "width": 108,
      "height": 64
    },
    "offset": {
      "x": 0,
      "y": 6
    },
    "originalSize": {
      "width": 150,
      "height": 150
    },
    "rotated": false,
    "capInsets": [
      0,
      0,
      0,
      0
    ],
    "vertices": {
      "rawPosition": [
        -54,
        -32,
        0,
        54,
        -32,
        0,
        -54,
        32,
        0,
        54,
        32,
        0
      ],
      "indexes": [
        0,
        1,
        2,
        2,
        1,
        3
      ],
      "uv": [
        21,
        113,
        129,
        113,
        21,
        49,
        129,
        49
      ],
      "nuv": [
        0.14,
        0.32666666666666666,
        0.86,
        0.32666666666666666,
        0.14,
        0.7533333333333333,
        0.86,
        0.7533333333333333
      ],
      "minPos": {
        "x": -54,
        "y": -32,
        "z": 0
      },
      "maxPos": {
        "x": 54,
        "y": 32,
        "z": 0
      }
    },
    "texture": "a3681021-0c32-4474-9392-cd9fe56d3ab4@6c48a",
    "packable": true,
    "pixelsToUnit": 100,
    "pivot": {
      "x": 0.5,
      "y": 0.5
    },
    "meshType": 0
  }
}