{
  "__type__": "cc.SpriteFrame",
  "content": {
    "name": "1_175",
    "atlas": "",
    "rect": {
      "x": 32,
      "y": 67,
      "width": 276,
      "height": 234
    },
    "offset": {
      "x": -17.5,
      "y": -22
    },
    "originalSize": {
      "width": 375,
      "height": 324
    },
    "rotated": false,
    "capInsets": [
      0,
      0,
      0,
      0
    ],
    "vertices": {
      "rawPosition": [
        -138,
        -117,
        0,
        138,
        -117,
        0,
        -138,
        117,
        0,
        138,
        117,
        0
      ],
      "indexes": [
        0,
        1,
        2,
        2,
        1,
        3
      ],
      "uv": [
        32,
        257,
        308,
        257,
        32,
        23,
        308,
        23
      ],
      "nuv": [
        0.08533333333333333,
        0.07098765432098765,
        0.8213333333333334,
        0.07098765432098765,
        0.08533333333333333,
        0.7932098765432098,
        0.8213333333333334,
        0.7932098765432098
      ],
      "minPos": {
        "x": -138,
        "y": -117,
        "z": 0
      },
      "maxPos": {
        "x": 138,
        "y": 117,
        "z": 0
      }
    },
    "texture": "a3a3311f-e11e-4cce-8efa-485a8fa29220@6c48a",
    "packable": true,
    "pixelsToUnit": 100,
    "pivot": {
      "x": 0.5,
      "y": 0.5
    },
    "meshType": 0
  }
}