{
  "__type__": "cc.SpriteFrame",
  "content": {
    "name": "1_36",
    "atlas": "",
    "rect": {
      "x": 33,
      "y": 46,
      "width": 154,
      "height": 160
    },
    "offset": {
      "x": 0,
      "y": -16
    },
    "originalSize": {
      "width": 220,
      "height": 220
    },
    "rotated": false,
    "capInsets": [
      0,
      0,
      0,
      0
    ],
    "vertices": {
      "rawPosition": [
        -77,
        -80,
        0,
        77,
        -80,
        0,
        -77,
        80,
        0,
        77,
        80,
        0
      ],
      "indexes": [
        0,
        1,
        2,
        2,
        1,
        3
      ],
      "uv": [
        33,
        174,
        187,
        174,
        33,
        14,
        187,
        14
      ],
      "nuv": [
        0.15,
        0.06363636363636363,
        0.85,
        0.06363636363636363,
        0.15,
        0.7909090909090909,
        0.85,
        0.7909090909090909
      ],
      "minPos": {
        "x": -77,
        "y": -80,
        "z": 0
      },
      "maxPos": {
        "x": 77,
        "y": 80,
        "z": 0
      }
    },
    "texture": "a3d1fc83-db42-4318-813c-bdfa5ec171a1@6c48a",
    "packable": true,
    "pixelsToUnit": 100,
    "pivot": {
      "x": 0.5,
      "y": 0.5
    },
    "meshType": 0
  }
}