{
  "__type__": "cc.SpriteFrame",
  "content": {
    "name": "1_18",
    "atlas": "",
    "rect": {
      "x": 37,
      "y": 55,
      "width": 130,
      "height": 141
    },
    "offset": {
      "x": -8,
      "y": -15.5
    },
    "originalSize": {
      "width": 220,
      "height": 220
    },
    "rotated": false,
    "capInsets": [
      0,
      0,
      0,
      0
    ],
    "vertices": {
      "rawPosition": [
        -65,
        -70.5,
        0,
        65,
        -70.5,
        0,
        -65,
        70.5,
        0,
        65,
        70.5,
        0
      ],
      "indexes": [
        0,
        1,
        2,
        2,
        1,
        3
      ],
      "uv": [
        37,
        165,
        167,
        165,
        37,
        24,
        167,
        24
      ],
      "nuv": [
        0.16818181818181818,
        0.10909090909090909,
        0.759090909090909,
        0.10909090909090909,
        0.16818181818181818,
        0.75,
        0.759090909090909,
        0.75
      ],
      "minPos": {
        "x": -65,
        "y": -70.5,
        "z": 0
      },
      "maxPos": {
        "x": 65,
        "y": 70.5,
        "z": 0
      }
    },
    "texture": "a3f8ab6a-e70a-4fd8-a1ab-e8215d61e7d3@6c48a",
    "packable": true,
    "pixelsToUnit": 100,
    "pivot": {
      "x": 0.5,
      "y": 0.5
    },
    "meshType": 0
  }
}