{
  "__type__": "cc.SpriteFrame",
  "content": {
    "name": "1_06",
    "atlas": "",
    "rect": {
      "x": 38,
      "y": 49,
      "width": 151,
      "height": 159
    },
    "offset": {
      "x": 3.5,
      "y": -18.5
    },
    "originalSize": {
      "width": 220,
      "height": 220
    },
    "rotated": false,
    "capInsets": [
      0,
      0,
      0,
      0
    ],
    "vertices": {
      "rawPosition": [
        -75.5,
        -79.5,
        0,
        75.5,
        -79.5,
        0,
        -75.5,
        79.5,
        0,
        75.5,
        79.5,
        0
      ],
      "indexes": [
        0,
        1,
        2,
        2,
        1,
        3
      ],
      "uv": [
        38,
        171,
        189,
        171,
        38,
        12,
        189,
        12
      ],
      "nuv": [
        0.17272727272727273,
        0.05454545454545454,
        0.8590909090909091,
        0.05454545454545454,
        0.17272727272727273,
        0.7772727272727272,
        0.8590909090909091,
        0.7772727272727272
      ],
      "minPos": {
        "x": -75.5,
        "y": -79.5,
        "z": 0
      },
      "maxPos": {
        "x": 75.5,
        "y": 79.5,
        "z": 0
      }
    },
    "texture": "791519b6-71cd-4f61-b815-9fd26cc0f9dd@6c48a",
    "packable": true,
    "pixelsToUnit": 100,
    "pivot": {
      "x": 0.5,
      "y": 0.5
    },
    "meshType": 0
  }
}