{
  "__type__": "cc.SpriteFrame",
  "content": {
    "name": "1_08",
    "atlas": "",
    "rect": {
      "x": 35,
      "y": 48,
      "width": 151,
      "height": 160
    },
    "offset": {
      "x": 0.5,
      "y": -18
    },
    "originalSize": {
      "width": 220,
      "height": 220
    },
    "rotated": false,
    "capInsets": [
      0,
      0,
      0,
      0
    ],
    "vertices": {
      "rawPosition": [
        -75.5,
        -80,
        0,
        75.5,
        -80,
        0,
        -75.5,
        80,
        0,
        75.5,
        80,
        0
      ],
      "indexes": [
        0,
        1,
        2,
        2,
        1,
        3
      ],
      "uv": [
        35,
        172,
        186,
        172,
        35,
        12,
        186,
        12
      ],
      "nuv": [
        0.1590909090909091,
        0.05454545454545454,
        0.8454545454545455,
        0.05454545454545454,
        0.1590909090909091,
        0.7818181818181819,
        0.8454545454545455,
        0.7818181818181819
      ],
      "minPos": {
        "x": -75.5,
        "y": -80,
        "z": 0
      },
      "maxPos": {
        "x": 75.5,
        "y": 80,
        "z": 0
      }
    },
    "texture": "79167b7a-aede-4ec4-8217-2f822baf1493@6c48a",
    "packable": true,
    "pixelsToUnit": 100,
    "pivot": {
      "x": 0.5,
      "y": 0.5
    },
    "meshType": 0
  }
}