{
  "__type__": "cc.SpriteFrame",
  "content": {
    "name": "1_135",
    "atlas": "",
    "rect": {
      "x": 0,
      "y": 60,
      "width": 330,
      "height": 241
    },
    "offset": {
      "x": -22.5,
      "y": -18.5
    },
    "originalSize": {
      "width": 375,
      "height": 324
    },
    "rotated": false,
    "capInsets": [
      0,
      0,
      0,
      0
    ],
    "vertices": {
      "rawPosition": [
        -165,
        -120.5,
        0,
        165,
        -120.5,
        0,
        -165,
        120.5,
        0,
        165,
        120.5,
        0
      ],
      "indexes": [
        0,
        1,
        2,
        2,
        1,
        3
      ],
      "uv": [
        0,
        264,
        330,
        264,
        0,
        23,
        330,
        23
      ],
      "nuv": [
        0,
        0.07098765432098765,
        0.88,
        0.07098765432098765,
        0,
        0.8148148148148148,
        0.88,
        0.8148148148148148
      ],
      "minPos": {
        "x": -165,
        "y": -120.5,
        "z": 0
      },
      "maxPos": {
        "x": 165,
        "y": 120.5,
        "z": 0
      }
    },
    "texture": "791c9821-2d85-4677-9c84-8defa5239c37@6c48a",
    "packable": true,
    "pixelsToUnit": 100,
    "pivot": {
      "x": 0.5,
      "y": 0.5
    },
    "meshType": 0
  }
}