{
  "__type__": "cc.SpriteFrame",
  "content": {
    "name": "idle_19",
    "atlas": "",
    "rect": {
      "x": 30,
      "y": 26,
      "width": 50,
      "height": 156
    },
    "offset": {
      "x": -5,
      "y": -6.5
    },
    "originalSize": {
      "width": 120,
      "height": 195
    },
    "rotated": false,
    "capInsets": [
      0,
      0,
      0,
      0
    ],
    "vertices": {
      "rawPosition": [
        -25,
        -78,
        0,
        25,
        -78,
        0,
        -25,
        78,
        0,
        25,
        78,
        0
      ],
      "indexes": [
        0,
        1,
        2,
        2,
        1,
        3
      ],
      "uv": [
        30,
        169,
        80,
        169,
        30,
        13,
        80,
        13
      ],
      "nuv": [
        0.25,
        0.06666666666666667,
        0.6666666666666666,
        0.06666666666666667,
        0.25,
        0.8666666666666667,
        0.6666666666666666,
        0.8666666666666667
      ],
      "minPos": {
        "x": -25,
        "y": -78,
        "z": 0
      },
      "maxPos": {
        "x": 25,
        "y": 78,
        "z": 0
      }
    },
    "texture": "79343ee8-6bc4-436c-b09d-7b37995b17bf@6c48a",
    "packable": true,
    "pixelsToUnit": 100,
    "pivot": {
      "x": 0.5,
      "y": 0.5
    },
    "meshType": 0
  }
}