{
  "__type__": "cc.SpriteFrame",
  "content": {
    "name": "1_04",
    "atlas": "",
    "rect": {
      "x": 36,
      "y": 45,
      "width": 147,
      "height": 154
    },
    "offset": {
      "x": -0.5,
      "y": -12
    },
    "originalSize": {
      "width": 220,
      "height": 220
    },
    "rotated": false,
    "capInsets": [
      0,
      0,
      0,
      0
    ],
    "vertices": {
      "rawPosition": [
        -73.5,
        -77,
        0,
        73.5,
        -77,
        0,
        -73.5,
        77,
        0,
        73.5,
        77,
        0
      ],
      "indexes": [
        0,
        1,
        2,
        2,
        1,
        3
      ],
      "uv": [
        36,
        175,
        183,
        175,
        36,
        21,
        183,
        21
      ],
      "nuv": [
        0.16363636363636364,
        0.09545454545454546,
        0.8318181818181818,
        0.09545454545454546,
        0.16363636363636364,
        0.7954545454545454,
        0.8318181818181818,
        0.7954545454545454
      ],
      "minPos": {
        "x": -73.5,
        "y": -77,
        "z": 0
      },
      "maxPos": {
        "x": 73.5,
        "y": 77,
        "z": 0
      }
    },
    "texture": "7975ca54-eea7-44f5-b05a-4b0d133c0edc@6c48a",
    "packable": true,
    "pixelsToUnit": 100,
    "pivot": {
      "x": 0.5,
      "y": 0.5
    },
    "meshType": 0
  }
}