{
  "__type__": "cc.SpriteFrame",
  "content": {
    "name": "1_10",
    "atlas": "",
    "rect": {
      "x": 49,
      "y": 58,
      "width": 128,
      "height": 139
    },
    "offset": {
      "x": 3,
      "y": -17.5
    },
    "originalSize": {
      "width": 220,
      "height": 220
    },
    "rotated": false,
    "capInsets": [
      0,
      0,
      0,
      0
    ],
    "vertices": {
      "rawPosition": [
        -64,
        -69.5,
        0,
        64,
        -69.5,
        0,
        -64,
        69.5,
        0,
        64,
        69.5,
        0
      ],
      "indexes": [
        0,
        1,
        2,
        2,
        1,
        3
      ],
      "uv": [
        49,
        162,
        177,
        162,
        49,
        23,
        177,
        23
      ],
      "nuv": [
        0.22272727272727272,
        0.10454545454545454,
        0.8045454545454546,
        0.10454545454545454,
        0.22272727272727272,
        0.7363636363636363,
        0.8045454545454546,
        0.7363636363636363
      ],
      "minPos": {
        "x": -64,
        "y": -69.5,
        "z": 0
      },
      "maxPos": {
        "x": 64,
        "y": 69.5,
        "z": 0
      }
    },
    "texture": "799127b8-6a15-4114-a559-ec5ddd3cb3a6@6c48a",
    "packable": true,
    "pixelsToUnit": 100,
    "pivot": {
      "x": 0.5,
      "y": 0.5
    },
    "meshType": 0
  }
}