{
  "__type__": "cc.SpriteFrame",
  "content": {
    "name": "1_62",
    "atlas": "",
    "rect": {
      "x": 37,
      "y": 50,
      "width": 134,
      "height": 151
    },
    "offset": {
      "x": -6,
      "y": -15.5
    },
    "originalSize": {
      "width": 220,
      "height": 220
    },
    "rotated": false,
    "capInsets": [
      0,
      0,
      0,
      0
    ],
    "vertices": {
      "rawPosition": [
        -67,
        -75.5,
        0,
        67,
        -75.5,
        0,
        -67,
        75.5,
        0,
        67,
        75.5,
        0
      ],
      "indexes": [
        0,
        1,
        2,
        2,
        1,
        3
      ],
      "uv": [
        37,
        170,
        171,
        170,
        37,
        19,
        171,
        19
      ],
      "nuv": [
        0.16818181818181818,
        0.08636363636363636,
        0.7772727272727272,
        0.08636363636363636,
        0.16818181818181818,
        0.7727272727272727,
        0.7772727272727272,
        0.7727272727272727
      ],
      "minPos": {
        "x": -67,
        "y": -75.5,
        "z": 0
      },
      "maxPos": {
        "x": 67,
        "y": 75.5,
        "z": 0
      }
    },
    "texture": "79ba9a3f-963f-48e3-afd8-f0cfc1b9f20d@6c48a",
    "packable": true,
    "pixelsToUnit": 100,
    "pivot": {
      "x": 0.5,
      "y": 0.5
    },
    "meshType": 0
  }
}