{
  "__type__": "cc.SpriteFrame",
  "content": {
    "name": "1_07",
    "atlas": "",
    "rect": {
      "x": 35,
      "y": 44,
      "width": 145,
      "height": 162
    },
    "offset": {
      "x": -2.5,
      "y": -15
    },
    "originalSize": {
      "width": 220,
      "height": 220
    },
    "rotated": false,
    "capInsets": [
      0,
      0,
      0,
      0
    ],
    "vertices": {
      "rawPosition": [
        -72.5,
        -81,
        0,
        72.5,
        -81,
        0,
        -72.5,
        81,
        0,
        72.5,
        81,
        0
      ],
      "indexes": [
        0,
        1,
        2,
        2,
        1,
        3
      ],
      "uv": [
        35,
        176,
        180,
        176,
        35,
        14,
        180,
        14
      ],
      "nuv": [
        0.1590909090909091,
        0.06363636363636363,
        0.8181818181818182,
        0.06363636363636363,
        0.1590909090909091,
        0.8,
        0.8181818181818182,
        0.8
      ],
      "minPos": {
        "x": -72.5,
        "y": -81,
        "z": 0
      },
      "maxPos": {
        "x": 72.5,
        "y": 81,
        "z": 0
      }
    },
    "texture": "451ac7ea-bbbb-49b9-a9df-84b8104beee0@6c48a",
    "packable": true,
    "pixelsToUnit": 100,
    "pivot": {
      "x": 0.5,
      "y": 0.5
    },
    "meshType": 0
  }
}