{
  "__type__": "cc.SpriteFrame",
  "content": {
    "name": "0034",
    "atlas": "",
    "rect": {
      "x": 20,
      "y": 37,
      "width": 110,
      "height": 63
    },
    "offset": {
      "x": 0,
      "y": 6.5
    },
    "originalSize": {
      "width": 150,
      "height": 150
    },
    "rotated": false,
    "capInsets": [
      0,
      0,
      0,
      0
    ],
    "vertices": {
      "rawPosition": [
        -55,
        -31.5,
        0,
        55,
        -31.5,
        0,
        -55,
        31.5,
        0,
        55,
        31.5,
        0
      ],
      "indexes": [
        0,
        1,
        2,
        2,
        1,
        3
      ],
      "uv": [
        20,
        113,
        130,
        113,
        20,
        50,
        130,
        50
      ],
      "nuv": [
        0.13333333333333333,
        0.3333333333333333,
        0.8666666666666667,
        0.3333333333333333,
        0.13333333333333333,
        0.7533333333333333,
        0.8666666666666667,
        0.7533333333333333
      ],
      "minPos": {
        "x": -55,
        "y": -31.5,
        "z": 0
      },
      "maxPos": {
        "x": 55,
        "y": 31.5,
        "z": 0
      }
    },
    "texture": "45204366-abc7-4a67-bb6f-e1ed9416f055@6c48a",
    "packable": true,
    "pixelsToUnit": 100,
    "pivot": {
      "x": 0.5,
      "y": 0.5
    },
    "meshType": 0
  }
}