{
  "__type__": "cc.SpriteFrame",
  "content": {
    "name": "1_39",
    "atlas": "",
    "rect": {
      "x": 38,
      "y": 38,
      "width": 132,
      "height": 167
    },
    "offset": {
      "x": -6,
      "y": -11.5
    },
    "originalSize": {
      "width": 220,
      "height": 220
    },
    "rotated": false,
    "capInsets": [
      0,
      0,
      0,
      0
    ],
    "vertices": {
      "rawPosition": [
        -66,
        -83.5,
        0,
        66,
        -83.5,
        0,
        -66,
        83.5,
        0,
        66,
        83.5,
        0
      ],
      "indexes": [
        0,
        1,
        2,
        2,
        1,
        3
      ],
      "uv": [
        38,
        182,
        170,
        182,
        38,
        15,
        170,
        15
      ],
      "nuv": [
        0.17272727272727273,
        0.06818181818181818,
        0.7727272727272727,
        0.06818181818181818,
        0.17272727272727273,
        0.8272727272727273,
        0.7727272727272727,
        0.8272727272727273
      ],
      "minPos": {
        "x": -66,
        "y": -83.5,
        "z": 0
      },
      "maxPos": {
        "x": 66,
        "y": 83.5,
        "z": 0
      }
    },
    "texture": "45e134b8-1ba3-4689-9c5d-7c24540e1b00@6c48a",
    "packable": true,
    "pixelsToUnit": 100,
    "pivot": {
      "x": 0.5,
      "y": 0.5
    },
    "meshType": 0
  }
}