{
  "__type__": "cc.SpriteFrame",
  "content": {
    "name": "1_23",
    "atlas": "",
    "rect": {
      "x": 38,
      "y": 44,
      "width": 141,
      "height": 162
    },
    "offset": {
      "x": -1.5,
      "y": -15
    },
    "originalSize": {
      "width": 220,
      "height": 220
    },
    "rotated": false,
    "capInsets": [
      0,
      0,
      0,
      0
    ],
    "vertices": {
      "rawPosition": [
        -70.5,
        -81,
        0,
        70.5,
        -81,
        0,
        -70.5,
        81,
        0,
        70.5,
        81,
        0
      ],
      "indexes": [
        0,
        1,
        2,
        2,
        1,
        3
      ],
      "uv": [
        38,
        176,
        179,
        176,
        38,
        14,
        179,
        14
      ],
      "nuv": [
        0.17272727272727273,
        0.06363636363636363,
        0.8136363636363636,
        0.06363636363636363,
        0.17272727272727273,
        0.8,
        0.8136363636363636,
        0.8
      ],
      "minPos": {
        "x": -70.5,
        "y": -81,
        "z": 0
      },
      "maxPos": {
        "x": 70.5,
        "y": 81,
        "z": 0
      }
    },
    "texture": "7162f306-239a-4173-a1f9-fac4ce32c6ad@6c48a",
    "packable": true,
    "pixelsToUnit": 100,
    "pivot": {
      "x": 0.5,
      "y": 0.5
    },
    "meshType": 0
  }
}