{
  "__type__": "cc.SpriteFrame",
  "content": {
    "name": "sit2_00",
    "atlas": "",
    "rect": {
      "x": 39,
      "y": 25,
      "width": 47,
      "height": 161
    },
    "offset": {
      "x": -5,
      "y": -8
    },
    "originalSize": {
      "width": 135,
      "height": 195
    },
    "rotated": false,
    "capInsets": [
      0,
      0,
      0,
      0
    ],
    "vertices": {
      "rawPosition": [
        -23.5,
        -80.5,
        0,
        23.5,
        -80.5,
        0,
        -23.5,
        80.5,
        0,
        23.5,
        80.5,
        0
      ],
      "indexes": [
        0,
        1,
        2,
        2,
        1,
        3
      ],
      "uv": [
        39,
        170,
        86,
        170,
        39,
        9,
        86,
        9
      ],
      "nuv": [
        0.28888888888888886,
        0.046153846153846156,
        0.6370370370370371,
        0.046153846153846156,
        0.28888888888888886,
        0.8717948717948718,
        0.6370370370370371,
        0.8717948717948718
      ],
      "minPos": {
        "x": -23.5,
        "y": -80.5,
        "z": 0
      },
      "maxPos": {
        "x": 23.5,
        "y": 80.5,
        "z": 0
      }
    },
    "texture": "71afb5fc-ae39-4f03-97c7-7f260254b308@6c48a",
    "packable": true,
    "pixelsToUnit": 100,
    "pivot": {
      "x": 0.5,
      "y": 0.5
    },
    "meshType": 0
  }
}