{
  "__type__": "cc.SpriteFrame",
  "content": {
    "name": "0049",
    "atlas": "",
    "rect": {
      "x": 0,
      "y": 61,
      "width": 300,
      "height": 171
    },
    "offset": {
      "x": 0,
      "y": 3.5
    },
    "originalSize": {
      "width": 300,
      "height": 300
    },
    "rotated": false,
    "capInsets": [
      0,
      0,
      0,
      0
    ],
    "vertices": {
      "rawPosition": [
        -150,
        -85.5,
        0,
        150,
        -85.5,
        0,
        -150,
        85.5,
        0,
        150,
        85.5,
        0
      ],
      "indexes": [
        0,
        1,
        2,
        2,
        1,
        3
      ],
      "uv": [
        0,
        239,
        300,
        239,
        0,
        68,
        300,
        68
      ],
      "nuv": [
        0,
        0.22666666666666666,
        1,
        0.22666666666666666,
        0,
        0.7966666666666666,
        1,
        0.7966666666666666
      ],
      "minPos": {
        "x": -150,
        "y": -85.5,
        "z": 0
      },
      "maxPos": {
        "x": 150,
        "y": 85.5,
        "z": 0
      }
    },
    "texture": "71b6202a-3eba-4eba-8e31-353e1de45c69@6c48a",
    "packable": true,
    "pixelsToUnit": 100,
    "pivot": {
      "x": 0.5,
      "y": 0.5
    },
    "meshType": 0
  }
}