{
  "__type__": "cc.SpriteFrame",
  "content": {
    "name": "1_154",
    "atlas": "",
    "rect": {
      "x": 79,
      "y": 136,
      "width": 191,
      "height": 165
    },
    "offset": {
      "x": -13,
      "y": -56.5
    },
    "originalSize": {
      "width": 375,
      "height": 324
    },
    "rotated": false,
    "capInsets": [
      0,
      0,
      0,
      0
    ],
    "vertices": {
      "rawPosition": [
        -95.5,
        -82.5,
        0,
        95.5,
        -82.5,
        0,
        -95.5,
        82.5,
        0,
        95.5,
        82.5,
        0
      ],
      "indexes": [
        0,
        1,
        2,
        2,
        1,
        3
      ],
      "uv": [
        79,
        188,
        270,
        188,
        79,
        23,
        270,
        23
      ],
      "nuv": [
        0.21066666666666667,
        0.07098765432098765,
        0.72,
        0.07098765432098765,
        0.21066666666666667,
        0.5802469135802469,
        0.72,
        0.5802469135802469
      ],
      "minPos": {
        "x": -95.5,
        "y": -82.5,
        "z": 0
      },
      "maxPos": {
        "x": 95.5,
        "y": 82.5,
        "z": 0
      }
    },
    "texture": "71c93282-e7ff-4106-a082-75c383f286c2@6c48a",
    "packable": true,
    "pixelsToUnit": 100,
    "pivot": {
      "x": 0.5,
      "y": 0.5
    },
    "meshType": 0
  }
}