{
  "__type__": "cc.SpriteFrame",
  "content": {
    "name": "1_32",
    "atlas": "",
    "rect": {
      "x": 44,
      "y": 53,
      "width": 137,
      "height": 149
    },
    "offset": {
      "x": 2.5,
      "y": -17.5
    },
    "originalSize": {
      "width": 220,
      "height": 220
    },
    "rotated": false,
    "capInsets": [
      0,
      0,
      0,
      0
    ],
    "vertices": {
      "rawPosition": [
        -68.5,
        -74.5,
        0,
        68.5,
        -74.5,
        0,
        -68.5,
        74.5,
        0,
        68.5,
        74.5,
        0
      ],
      "indexes": [
        0,
        1,
        2,
        2,
        1,
        3
      ],
      "uv": [
        44,
        167,
        181,
        167,
        44,
        18,
        181,
        18
      ],
      "nuv": [
        0.2,
        0.08181818181818182,
        0.8227272727272728,
        0.08181818181818182,
        0.2,
        0.759090909090909,
        0.8227272727272728,
        0.759090909090909
      ],
      "minPos": {
        "x": -68.5,
        "y": -74.5,
        "z": 0
      },
      "maxPos": {
        "x": 68.5,
        "y": 74.5,
        "z": 0
      }
    },
    "texture": "71d44b6f-d59d-4d57-b0a1-967f29ca96e6@6c48a",
    "packable": true,
    "pixelsToUnit": 100,
    "pivot": {
      "x": 0.5,
      "y": 0.5
    },
    "meshType": 0
  }
}