{
  "__type__": "cc.SpriteFrame",
  "content": {
    "name": "tu01-stand1_52",
    "atlas": "",
    "rect": {
      "x": 22,
      "y": 69,
      "width": 148,
      "height": 144
    },
    "offset": {
      "x": -14,
      "y": -31
    },
    "originalSize": {
      "width": 220,
      "height": 220
    },
    "rotated": false,
    "capInsets": [
      0,
      0,
      0,
      0
    ],
    "vertices": {
      "rawPosition": [
        -74,
        -72,
        0,
        74,
        -72,
        0,
        -74,
        72,
        0,
        74,
        72,
        0
      ],
      "indexes": [
        0,
        1,
        2,
        2,
        1,
        3
      ],
      "uv": [
        22,
        151,
        170,
        151,
        22,
        7,
        170,
        7
      ],
      "nuv": [
        0.1,
        0.031818181818181815,
        0.7727272727272727,
        0.031818181818181815,
        0.1,
        0.6863636363636364,
        0.7727272727272727,
        0.6863636363636364
      ],
      "minPos": {
        "x": -74,
        "y": -72,
        "z": 0
      },
      "maxPos": {
        "x": 74,
        "y": 72,
        "z": 0
      }
    },
    "texture": "3c12e0bd-7eae-4125-aae2-955b202132a1@6c48a",
    "packable": true,
    "pixelsToUnit": 100,
    "pivot": {
      "x": 0.5,
      "y": 0.5
    },
    "meshType": 0
  }
}