{
  "__type__": "cc.SpriteFrame",
  "content": {
    "name": "1_36",
    "atlas": "",
    "rect": {
      "x": 43,
      "y": 48,
      "width": 139,
      "height": 153
    },
    "offset": {
      "x": 2.5,
      "y": -14.5
    },
    "originalSize": {
      "width": 220,
      "height": 220
    },
    "rotated": false,
    "capInsets": [
      0,
      0,
      0,
      0
    ],
    "vertices": {
      "rawPosition": [
        -69.5,
        -76.5,
        0,
        69.5,
        -76.5,
        0,
        -69.5,
        76.5,
        0,
        69.5,
        76.5,
        0
      ],
      "indexes": [
        0,
        1,
        2,
        2,
        1,
        3
      ],
      "uv": [
        43,
        172,
        182,
        172,
        43,
        19,
        182,
        19
      ],
      "nuv": [
        0.19545454545454546,
        0.08636363636363636,
        0.8272727272727273,
        0.08636363636363636,
        0.19545454545454546,
        0.7818181818181819,
        0.8272727272727273,
        0.7818181818181819
      ],
      "minPos": {
        "x": -69.5,
        "y": -76.5,
        "z": 0
      },
      "maxPos": {
        "x": 69.5,
        "y": 76.5,
        "z": 0
      }
    },
    "texture": "3c3623d2-d749-4a3c-a7b1-1013fc33e627@6c48a",
    "packable": true,
    "pixelsToUnit": 100,
    "pivot": {
      "x": 0.5,
      "y": 0.5
    },
    "meshType": 0
  }
}