{
  "__type__": "cc.SpriteFrame",
  "content": {
    "name": "1_139",
    "atlas": "",
    "rect": {
      "x": 79,
      "y": 64,
      "width": 260,
      "height": 237
    },
    "offset": {
      "x": 21.5,
      "y": -20.5
    },
    "originalSize": {
      "width": 375,
      "height": 324
    },
    "rotated": false,
    "capInsets": [
      0,
      0,
      0,
      0
    ],
    "vertices": {
      "rawPosition": [
        -130,
        -118.5,
        0,
        130,
        -118.5,
        0,
        -130,
        118.5,
        0,
        130,
        118.5,
        0
      ],
      "indexes": [
        0,
        1,
        2,
        2,
        1,
        3
      ],
      "uv": [
        79,
        260,
        339,
        260,
        79,
        23,
        339,
        23
      ],
      "nuv": [
        0.21066666666666667,
        0.07098765432098765,
        0.904,
        0.07098765432098765,
        0.21066666666666667,
        0.8024691358024691,
        0.904,
        0.8024691358024691
      ],
      "minPos": {
        "x": -130,
        "y": -118.5,
        "z": 0
      },
      "maxPos": {
        "x": 130,
        "y": 118.5,
        "z": 0
      }
    },
    "texture": "3c6d4d58-2e1f-46a7-99c5-fc2e8ae474fe@6c48a",
    "packable": true,
    "pixelsToUnit": 100,
    "pivot": {
      "x": 0.5,
      "y": 0.5
    },
    "meshType": 0
  }
}