{
  "__type__": "cc.SpriteFrame",
  "content": {
    "name": "tu01-stand1_67",
    "atlas": "",
    "rect": {
      "x": 43,
      "y": 63,
      "width": 127,
      "height": 150
    },
    "offset": {
      "x": -3.5,
      "y": -28
    },
    "originalSize": {
      "width": 220,
      "height": 220
    },
    "rotated": false,
    "capInsets": [
      0,
      0,
      0,
      0
    ],
    "vertices": {
      "rawPosition": [
        -63.5,
        -75,
        0,
        63.5,
        -75,
        0,
        -63.5,
        75,
        0,
        63.5,
        75,
        0
      ],
      "indexes": [
        0,
        1,
        2,
        2,
        1,
        3
      ],
      "uv": [
        43,
        157,
        170,
        157,
        43,
        7,
        170,
        7
      ],
      "nuv": [
        0.19545454545454546,
        0.031818181818181815,
        0.7727272727272727,
        0.031818181818181815,
        0.19545454545454546,
        0.7136363636363636,
        0.7727272727272727,
        0.7136363636363636
      ],
      "minPos": {
        "x": -63.5,
        "y": -75,
        "z": 0
      },
      "maxPos": {
        "x": 63.5,
        "y": 75,
        "z": 0
      }
    },
    "texture": "3cc4f2d1-c77b-474b-98e5-f2d6012cf4b7@6c48a",
    "packable": true,
    "pixelsToUnit": 100,
    "pivot": {
      "x": 0.5,
      "y": 0.5
    },
    "meshType": 0
  }
}