{
  "__type__": "cc.SpriteFrame",
  "content": {
    "name": "0009",
    "atlas": "",
    "rect": {
      "x": 20,
      "y": 42,
      "width": 110,
      "height": 63
    },
    "offset": {
      "x": 0,
      "y": 1.5
    },
    "originalSize": {
      "width": 150,
      "height": 150
    },
    "rotated": false,
    "capInsets": [
      0,
      0,
      0,
      0
    ],
    "vertices": {
      "rawPosition": [
        -55,
        -31.5,
        0,
        55,
        -31.5,
        0,
        -55,
        31.5,
        0,
        55,
        31.5,
        0
      ],
      "indexes": [
        0,
        1,
        2,
        2,
        1,
        3
      ],
      "uv": [
        20,
        108,
        130,
        108,
        20,
        45,
        130,
        45
      ],
      "nuv": [
        0.13333333333333333,
        0.3,
        0.8666666666666667,
        0.3,
        0.13333333333333333,
        0.72,
        0.8666666666666667,
        0.72
      ],
      "minPos": {
        "x": -55,
        "y": -31.5,
        "z": 0
      },
      "maxPos": {
        "x": 55,
        "y": 31.5,
        "z": 0
      }
    },
    "texture": "be28ed96-829d-4cd5-a2ca-99a5ffe934ce@6c48a",
    "packable": true,
    "pixelsToUnit": 100,
    "pivot": {
      "x": 0.5,
      "y": 0.5
    },
    "meshType": 0
  }
}