{
  "__type__": "cc.SpriteFrame",
  "content": {
    "name": "1_092",
    "atlas": "",
    "rect": {
      "x": 0,
      "y": 57,
      "width": 346,
      "height": 244
    },
    "offset": {
      "x": -14.5,
      "y": -17
    },
    "originalSize": {
      "width": 375,
      "height": 324
    },
    "rotated": false,
    "capInsets": [
      0,
      0,
      0,
      0
    ],
    "vertices": {
      "rawPosition": [
        -173,
        -122,
        0,
        173,
        -122,
        0,
        -173,
        122,
        0,
        173,
        122,
        0
      ],
      "indexes": [
        0,
        1,
        2,
        2,
        1,
        3
      ],
      "uv": [
        0,
        267,
        346,
        267,
        0,
        23,
        346,
        23
      ],
      "nuv": [
        0,
        0.07098765432098765,
        0.9226666666666666,
        0.07098765432098765,
        0,
        0.8240740740740741,
        0.9226666666666666,
        0.8240740740740741
      ],
      "minPos": {
        "x": -173,
        "y": -122,
        "z": 0
      },
      "maxPos": {
        "x": 173,
        "y": 122,
        "z": 0
      }
    },
    "texture": "be36c9cd-b3f6-4358-a29c-d4ba2829ed99@6c48a",
    "packable": true,
    "pixelsToUnit": 100,
    "pivot": {
      "x": 0.5,
      "y": 0.5
    },
    "meshType": 0
  }
}