{
  "__type__": "cc.SpriteFrame",
  "content": {
    "name": "move_03",
    "atlas": "",
    "rect": {
      "x": 48,
      "y": 25,
      "width": 48,
      "height": 158
    },
    "offset": {
      "x": 4.5,
      "y": -6.5
    },
    "originalSize": {
      "width": 135,
      "height": 195
    },
    "rotated": false,
    "capInsets": [
      0,
      0,
      0,
      0
    ],
    "vertices": {
      "rawPosition": [
        -24,
        -79,
        0,
        24,
        -79,
        0,
        -24,
        79,
        0,
        24,
        79,
        0
      ],
      "indexes": [
        0,
        1,
        2,
        2,
        1,
        3
      ],
      "uv": [
        48,
        170,
        96,
        170,
        48,
        12,
        96,
        12
      ],
      "nuv": [
        0.35555555555555557,
        0.06153846153846154,
        0.7111111111111111,
        0.06153846153846154,
        0.35555555555555557,
        0.8717948717948718,
        0.7111111111111111,
        0.8717948717948718
      ],
      "minPos": {
        "x": -24,
        "y": -79,
        "z": 0
      },
      "maxPos": {
        "x": 24,
        "y": 79,
        "z": 0
      }
    },
    "texture": "be765fee-353f-426d-8741-1acd9d0c1be3@6c48a",
    "packable": true,
    "pixelsToUnit": 100,
    "pivot": {
      "x": 0.5,
      "y": 0.5
    },
    "meshType": 0
  }
}