{
  "__type__": "cc.SpriteFrame",
  "content": {
    "name": "1_16",
    "atlas": "",
    "rect": {
      "x": 93,
      "y": 234,
      "width": 109,
      "height": 86
    },
    "offset": {
      "x": 7,
      "y": -111.5
    },
    "originalSize": {
      "width": 281,
      "height": 331
    },
    "rotated": false,
    "capInsets": [
      0,
      0,
      0,
      0
    ],
    "vertices": {
      "rawPosition": [
        -54.5,
        -43,
        0,
        54.5,
        -43,
        0,
        -54.5,
        43,
        0,
        54.5,
        43,
        0
      ],
      "indexes": [
        0,
        1,
        2,
        2,
        1,
        3
      ],
      "uv": [
        93,
        97,
        202,
        97,
        93,
        11,
        202,
        11
      ],
      "nuv": [
        0.3309608540925267,
        0.03323262839879154,
        0.7188612099644128,
        0.03323262839879154,
        0.3309608540925267,
        0.2930513595166163,
        0.7188612099644128,
        0.2930513595166163
      ],
      "minPos": {
        "x": -54.5,
        "y": -43,
        "z": 0
      },
      "maxPos": {
        "x": 54.5,
        "y": 43,
        "z": 0
      }
    },
    "texture": "bedd24c3-ea3d-4842-8be7-0a5d96ea8f77@6c48a",
    "packable": true,
    "pixelsToUnit": 100,
    "pivot": {
      "x": 0.5,
      "y": 0.5
    },
    "meshType": 0
  }
}