{
  "__type__": "cc.SpriteFrame",
  "content": {
    "name": "1_18",
    "atlas": "",
    "rect": {
      "x": 35,
      "y": 47,
      "width": 162,
      "height": 120
    },
    "offset": {
      "x": 6,
      "y": 3
    },
    "originalSize": {
      "width": 220,
      "height": 220
    },
    "rotated": false,
    "capInsets": [
      0,
      0,
      0,
      0
    ],
    "vertices": {
      "rawPosition": [
        -81,
        -60,
        0,
        81,
        -60,
        0,
        -81,
        60,
        0,
        81,
        60,
        0
      ],
      "indexes": [
        0,
        1,
        2,
        2,
        1,
        3
      ],
      "uv": [
        35,
        173,
        197,
        173,
        35,
        53,
        197,
        53
      ],
      "nuv": [
        0.1590909090909091,
        0.2409090909090909,
        0.8954545454545455,
        0.2409090909090909,
        0.1590909090909091,
        0.7863636363636364,
        0.8954545454545455,
        0.7863636363636364
      ],
      "minPos": {
        "x": -81,
        "y": -60,
        "z": 0
      },
      "maxPos": {
        "x": 81,
        "y": 60,
        "z": 0
      }
    },
    "texture": "befba01f-696c-47d4-bbe3-b0ca390183c2@6c48a",
    "packable": true,
    "pixelsToUnit": 100,
    "pivot": {
      "x": 0.5,
      "y": 0.5
    },
    "meshType": 0
  }
}