{
  "__type__": "cc.SpriteFrame",
  "content": {
    "name": "1_24",
    "atlas": "",
    "rect": {
      "x": 68,
      "y": 50,
      "width": 129,
      "height": 155
    },
    "offset": {
      "x": 22.5,
      "y": -17.5
    },
    "originalSize": {
      "width": 220,
      "height": 220
    },
    "rotated": false,
    "capInsets": [
      0,
      0,
      0,
      0
    ],
    "vertices": {
      "rawPosition": [
        -64.5,
        -77.5,
        0,
        64.5,
        -77.5,
        0,
        -64.5,
        77.5,
        0,
        64.5,
        77.5,
        0
      ],
      "indexes": [
        0,
        1,
        2,
        2,
        1,
        3
      ],
      "uv": [
        68,
        170,
        197,
        170,
        68,
        15,
        197,
        15
      ],
      "nuv": [
        0.3090909090909091,
        0.06818181818181818,
        0.8954545454545455,
        0.06818181818181818,
        0.3090909090909091,
        0.7727272727272727,
        0.8954545454545455,
        0.7727272727272727
      ],
      "minPos": {
        "x": -64.5,
        "y": -77.5,
        "z": 0
      },
      "maxPos": {
        "x": 64.5,
        "y": 77.5,
        "z": 0
      }
    },
    "texture": "4134e143-e45b-4129-9e4c-eba0a8e1971a@6c48a",
    "packable": true,
    "pixelsToUnit": 100,
    "pivot": {
      "x": 0.5,
      "y": 0.5
    },
    "meshType": 0
  }
}