{
  "__type__": "cc.SpriteFrame",
  "content": {
    "name": "1_059",
    "atlas": "",
    "rect": {
      "x": 79,
      "y": 120,
      "width": 200,
      "height": 165
    },
    "offset": {
      "x": -8.5,
      "y": -40.5
    },
    "originalSize": {
      "width": 375,
      "height": 324
    },
    "rotated": false,
    "capInsets": [
      0,
      0,
      0,
      0
    ],
    "vertices": {
      "rawPosition": [
        -100,
        -82.5,
        0,
        100,
        -82.5,
        0,
        -100,
        82.5,
        0,
        100,
        82.5,
        0
      ],
      "indexes": [
        0,
        1,
        2,
        2,
        1,
        3
      ],
      "uv": [
        79,
        204,
        279,
        204,
        79,
        39,
        279,
        39
      ],
      "nuv": [
        0.21066666666666667,
        0.12037037037037036,
        0.744,
        0.12037037037037036,
        0.21066666666666667,
        0.6296296296296297,
        0.744,
        0.6296296296296297
      ],
      "minPos": {
        "x": -100,
        "y": -82.5,
        "z": 0
      },
      "maxPos": {
        "x": 100,
        "y": 82.5,
        "z": 0
      }
    },
    "texture": "416a0a95-e846-47c8-9b50-97e5f3ee3705@6c48a",
    "packable": true,
    "pixelsToUnit": 100,
    "pivot": {
      "x": 0.5,
      "y": 0.5
    },
    "meshType": 0
  }
}