{
  "__type__": "cc.SpriteFrame",
  "content": {
    "name": "1_20",
    "atlas": "",
    "rect": {
      "x": 35,
      "y": 55,
      "width": 131,
      "height": 141
    },
    "offset": {
      "x": -9.5,
      "y": -15.5
    },
    "originalSize": {
      "width": 220,
      "height": 220
    },
    "rotated": false,
    "capInsets": [
      0,
      0,
      0,
      0
    ],
    "vertices": {
      "rawPosition": [
        -65.5,
        -70.5,
        0,
        65.5,
        -70.5,
        0,
        -65.5,
        70.5,
        0,
        65.5,
        70.5,
        0
      ],
      "indexes": [
        0,
        1,
        2,
        2,
        1,
        3
      ],
      "uv": [
        35,
        165,
        166,
        165,
        35,
        24,
        166,
        24
      ],
      "nuv": [
        0.1590909090909091,
        0.10909090909090909,
        0.7545454545454545,
        0.10909090909090909,
        0.1590909090909091,
        0.75,
        0.7545454545454545,
        0.75
      ],
      "minPos": {
        "x": -65.5,
        "y": -70.5,
        "z": 0
      },
      "maxPos": {
        "x": 65.5,
        "y": 70.5,
        "z": 0
      }
    },
    "texture": "680d53fc-72c8-4088-92e2-af29b2fdaaab@6c48a",
    "packable": true,
    "pixelsToUnit": 100,
    "pivot": {
      "x": 0.5,
      "y": 0.5
    },
    "meshType": 0
  }
}