{
  "__type__": "cc.SpriteFrame",
  "content": {
    "name": "sit_idle_19",
    "atlas": "",
    "rect": {
      "x": 27,
      "y": 47,
      "width": 67,
      "height": 135
    },
    "offset": {
      "x": 0.5,
      "y": -17
    },
    "originalSize": {
      "width": 120,
      "height": 195
    },
    "rotated": false,
    "capInsets": [
      0,
      0,
      0,
      0
    ],
    "vertices": {
      "rawPosition": [
        -33.5,
        -67.5,
        0,
        33.5,
        -67.5,
        0,
        -33.5,
        67.5,
        0,
        33.5,
        67.5,
        0
      ],
      "indexes": [
        0,
        1,
        2,
        2,
        1,
        3
      ],
      "uv": [
        27,
        148,
        94,
        148,
        27,
        13,
        94,
        13
      ],
      "nuv": [
        0.225,
        0.06666666666666667,
        0.7833333333333333,
        0.06666666666666667,
        0.225,
        0.7589743589743589,
        0.7833333333333333,
        0.7589743589743589
      ],
      "minPos": {
        "x": -33.5,
        "y": -67.5,
        "z": 0
      },
      "maxPos": {
        "x": 33.5,
        "y": 67.5,
        "z": 0
      }
    },
    "texture": "68284abd-f0f6-4311-a211-ddfd5e0bf389@6c48a",
    "packable": true,
    "pixelsToUnit": 100,
    "pivot": {
      "x": 0.5,
      "y": 0.5
    },
    "meshType": 0
  }
}