{
  "__type__": "cc.SpriteFrame",
  "content": {
    "name": "sit_14",
    "atlas": "",
    "rect": {
      "x": 32,
      "y": 40,
      "width": 53,
      "height": 142
    },
    "offset": {
      "x": -1.5,
      "y": -13.5
    },
    "originalSize": {
      "width": 120,
      "height": 195
    },
    "rotated": false,
    "capInsets": [
      0,
      0,
      0,
      0
    ],
    "vertices": {
      "rawPosition": [
        -26.5,
        -71,
        0,
        26.5,
        -71,
        0,
        -26.5,
        71,
        0,
        26.5,
        71,
        0
      ],
      "indexes": [
        0,
        1,
        2,
        2,
        1,
        3
      ],
      "uv": [
        32,
        155,
        85,
        155,
        32,
        13,
        85,
        13
      ],
      "nuv": [
        0.26666666666666666,
        0.06666666666666667,
        0.7083333333333334,
        0.06666666666666667,
        0.26666666666666666,
        0.7948717948717948,
        0.7083333333333334,
        0.7948717948717948
      ],
      "minPos": {
        "x": -26.5,
        "y": -71,
        "z": 0
      },
      "maxPos": {
        "x": 26.5,
        "y": 71,
        "z": 0
      }
    },
    "texture": "6879193e-5dd1-4195-ab5b-8503699757d8@6c48a",
    "packable": true,
    "pixelsToUnit": 100,
    "pivot": {
      "x": 0.5,
      "y": 0.5
    },
    "meshType": 0
  }
}