{
  "__type__": "cc.SpriteFrame",
  "content": {
    "name": "tu01-stand_49",
    "atlas": "",
    "rect": {
      "x": 40,
      "y": 64,
      "width": 155,
      "height": 149
    },
    "offset": {
      "x": 7.5,
      "y": -28.5
    },
    "originalSize": {
      "width": 220,
      "height": 220
    },
    "rotated": false,
    "capInsets": [
      0,
      0,
      0,
      0
    ],
    "vertices": {
      "rawPosition": [
        -77.5,
        -74.5,
        0,
        77.5,
        -74.5,
        0,
        -77.5,
        74.5,
        0,
        77.5,
        74.5,
        0
      ],
      "indexes": [
        0,
        1,
        2,
        2,
        1,
        3
      ],
      "uv": [
        40,
        156,
        195,
        156,
        40,
        7,
        195,
        7
      ],
      "nuv": [
        0.18181818181818182,
        0.031818181818181815,
        0.8863636363636364,
        0.031818181818181815,
        0.18181818181818182,
        0.7090909090909091,
        0.8863636363636364,
        0.7090909090909091
      ],
      "minPos": {
        "x": -77.5,
        "y": -74.5,
        "z": 0
      },
      "maxPos": {
        "x": 77.5,
        "y": 74.5,
        "z": 0
      }
    },
    "texture": "68e6bf25-3c11-4ccf-a328-2256f5c3836b@6c48a",
    "packable": true,
    "pixelsToUnit": 100,
    "pivot": {
      "x": 0.5,
      "y": 0.5
    },
    "meshType": 0
  }
}