{
  "__type__": "cc.SpriteFrame",
  "content": {
    "name": "sit2_idle_17",
    "atlas": "",
    "rect": {
      "x": 37,
      "y": 51,
      "width": 62,
      "height": 131
    },
    "offset": {
      "x": 8,
      "y": -19
    },
    "originalSize": {
      "width": 120,
      "height": 195
    },
    "rotated": false,
    "capInsets": [
      0,
      0,
      0,
      0
    ],
    "vertices": {
      "rawPosition": [
        -31,
        -65.5,
        0,
        31,
        -65.5,
        0,
        -31,
        65.5,
        0,
        31,
        65.5,
        0
      ],
      "indexes": [
        0,
        1,
        2,
        2,
        1,
        3
      ],
      "uv": [
        37,
        144,
        99,
        144,
        37,
        13,
        99,
        13
      ],
      "nuv": [
        0.30833333333333335,
        0.06666666666666667,
        0.825,
        0.06666666666666667,
        0.30833333333333335,
        0.7384615384615385,
        0.825,
        0.7384615384615385
      ],
      "minPos": {
        "x": -31,
        "y": -65.5,
        "z": 0
      },
      "maxPos": {
        "x": 31,
        "y": 65.5,
        "z": 0
      }
    },
    "texture": "68fcac2e-bb40-4389-a61d-824a353a4336@6c48a",
    "packable": true,
    "pixelsToUnit": 100,
    "pivot": {
      "x": 0.5,
      "y": 0.5
    },
    "meshType": 0
  }
}