{
  "__type__": "cc.SpriteFrame",
  "content": {
    "name": "1_042",
    "atlas": "",
    "rect": {
      "x": 48,
      "y": 63,
      "width": 271,
      "height": 222
    },
    "offset": {
      "x": -4,
      "y": -12
    },
    "originalSize": {
      "width": 375,
      "height": 324
    },
    "rotated": false,
    "capInsets": [
      0,
      0,
      0,
      0
    ],
    "vertices": {
      "rawPosition": [
        -135.5,
        -111,
        0,
        135.5,
        -111,
        0,
        -135.5,
        111,
        0,
        135.5,
        111,
        0
      ],
      "indexes": [
        0,
        1,
        2,
        2,
        1,
        3
      ],
      "uv": [
        48,
        261,
        319,
        261,
        48,
        39,
        319,
        39
      ],
      "nuv": [
        0.128,
        0.12037037037037036,
        0.8506666666666667,
        0.12037037037037036,
        0.128,
        0.8055555555555556,
        0.8506666666666667,
        0.8055555555555556
      ],
      "minPos": {
        "x": -135.5,
        "y": -111,
        "z": 0
      },
      "maxPos": {
        "x": 135.5,
        "y": 111,
        "z": 0
      }
    },
    "texture": "d17c2481-6cae-4e07-bb89-6f683ae634ad@6c48a",
    "packable": true,
    "pixelsToUnit": 100,
    "pivot": {
      "x": 0.5,
      "y": 0.5
    },
    "meshType": 0
  }
}