{
  "__type__": "cc.SpriteFrame",
  "content": {
    "name": "1_01",
    "atlas": "",
    "rect": {
      "x": 46,
      "y": 45,
      "width": 143,
      "height": 161
    },
    "offset": {
      "x": 7.5,
      "y": -15.5
    },
    "originalSize": {
      "width": 220,
      "height": 220
    },
    "rotated": false,
    "capInsets": [
      0,
      0,
      0,
      0
    ],
    "vertices": {
      "rawPosition": [
        -71.5,
        -80.5,
        0,
        71.5,
        -80.5,
        0,
        -71.5,
        80.5,
        0,
        71.5,
        80.5,
        0
      ],
      "indexes": [
        0,
        1,
        2,
        2,
        1,
        3
      ],
      "uv": [
        46,
        175,
        189,
        175,
        46,
        14,
        189,
        14
      ],
      "nuv": [
        0.20909090909090908,
        0.06363636363636363,
        0.8590909090909091,
        0.06363636363636363,
        0.20909090909090908,
        0.7954545454545454,
        0.8590909090909091,
        0.7954545454545454
      ],
      "minPos": {
        "x": -71.5,
        "y": -80.5,
        "z": 0
      },
      "maxPos": {
        "x": 71.5,
        "y": 80.5,
        "z": 0
      }
    },
    "texture": "b61e2a48-b509-477f-8521-81758503bb19@6c48a",
    "packable": true,
    "pixelsToUnit": 100,
    "pivot": {
      "x": 0.5,
      "y": 0.5
    },
    "meshType": 0
  }
}