{
  "__type__": "cc.SpriteFrame",
  "content": {
    "name": "sit2_02",
    "atlas": "",
    "rect": {
      "x": 39,
      "y": 32,
      "width": 49,
      "height": 150
    },
    "offset": {
      "x": 3.5,
      "y": -9.5
    },
    "originalSize": {
      "width": 120,
      "height": 195
    },
    "rotated": false,
    "capInsets": [
      0,
      0,
      0,
      0
    ],
    "vertices": {
      "rawPosition": [
        -24.5,
        -75,
        0,
        24.5,
        -75,
        0,
        -24.5,
        75,
        0,
        24.5,
        75,
        0
      ],
      "indexes": [
        0,
        1,
        2,
        2,
        1,
        3
      ],
      "uv": [
        39,
        163,
        88,
        163,
        39,
        13,
        88,
        13
      ],
      "nuv": [
        0.325,
        0.06666666666666667,
        0.7333333333333333,
        0.06666666666666667,
        0.325,
        0.8358974358974359,
        0.7333333333333333,
        0.8358974358974359
      ],
      "minPos": {
        "x": -24.5,
        "y": -75,
        "z": 0
      },
      "maxPos": {
        "x": 24.5,
        "y": 75,
        "z": 0
      }
    },
    "texture": "b64baf83-7150-4c03-b2b3-c3b702df313c@6c48a",
    "packable": true,
    "pixelsToUnit": 100,
    "pivot": {
      "x": 0.5,
      "y": 0.5
    },
    "meshType": 0
  }
}