{
  "__type__": "cc.SpriteFrame",
  "content": {
    "name": "1_14",
    "atlas": "",
    "rect": {
      "x": 53,
      "y": 45,
      "width": 130,
      "height": 160
    },
    "offset": {
      "x": 8,
      "y": -15
    },
    "originalSize": {
      "width": 220,
      "height": 220
    },
    "rotated": false,
    "capInsets": [
      0,
      0,
      0,
      0
    ],
    "vertices": {
      "rawPosition": [
        -65,
        -80,
        0,
        65,
        -80,
        0,
        -65,
        80,
        0,
        65,
        80,
        0
      ],
      "indexes": [
        0,
        1,
        2,
        2,
        1,
        3
      ],
      "uv": [
        53,
        175,
        183,
        175,
        53,
        15,
        183,
        15
      ],
      "nuv": [
        0.2409090909090909,
        0.06818181818181818,
        0.8318181818181818,
        0.06818181818181818,
        0.2409090909090909,
        0.7954545454545454,
        0.8318181818181818,
        0.7954545454545454
      ],
      "minPos": {
        "x": -65,
        "y": -80,
        "z": 0
      },
      "maxPos": {
        "x": 65,
        "y": 80,
        "z": 0
      }
    },
    "texture": "b67022af-73ed-4e55-ad4c-0bdb6b367ce1@6c48a",
    "packable": true,
    "pixelsToUnit": 100,
    "pivot": {
      "x": 0.5,
      "y": 0.5
    },
    "meshType": 0
  }
}