{
  "__type__": "cc.SpriteFrame",
  "content": {
    "name": "1_16",
    "atlas": "",
    "rect": {
      "x": 55,
      "y": 49,
      "width": 137,
      "height": 159
    },
    "offset": {
      "x": 13.5,
      "y": -18.5
    },
    "originalSize": {
      "width": 220,
      "height": 220
    },
    "rotated": false,
    "capInsets": [
      0,
      0,
      0,
      0
    ],
    "vertices": {
      "rawPosition": [
        -68.5,
        -79.5,
        0,
        68.5,
        -79.5,
        0,
        -68.5,
        79.5,
        0,
        68.5,
        79.5,
        0
      ],
      "indexes": [
        0,
        1,
        2,
        2,
        1,
        3
      ],
      "uv": [
        55,
        171,
        192,
        171,
        55,
        12,
        192,
        12
      ],
      "nuv": [
        0.25,
        0.05454545454545454,
        0.8727272727272727,
        0.05454545454545454,
        0.25,
        0.7772727272727272,
        0.8727272727272727,
        0.7772727272727272
      ],
      "minPos": {
        "x": -68.5,
        "y": -79.5,
        "z": 0
      },
      "maxPos": {
        "x": 68.5,
        "y": 79.5,
        "z": 0
      }
    },
    "texture": "b678ebf6-fd1b-492a-9698-0a2f4ff89bdc@6c48a",
    "packable": true,
    "pixelsToUnit": 100,
    "pivot": {
      "x": 0.5,
      "y": 0.5
    },
    "meshType": 0
  }
}