{
  "__type__": "cc.SpriteFrame",
  "content": {
    "name": "1_38",
    "atlas": "",
    "rect": {
      "x": 34,
      "y": 45,
      "width": 149,
      "height": 154
    },
    "offset": {
      "x": -1.5,
      "y": -12
    },
    "originalSize": {
      "width": 220,
      "height": 220
    },
    "rotated": false,
    "capInsets": [
      0,
      0,
      0,
      0
    ],
    "vertices": {
      "rawPosition": [
        -74.5,
        -77,
        0,
        74.5,
        -77,
        0,
        -74.5,
        77,
        0,
        74.5,
        77,
        0
      ],
      "indexes": [
        0,
        1,
        2,
        2,
        1,
        3
      ],
      "uv": [
        34,
        175,
        183,
        175,
        34,
        21,
        183,
        21
      ],
      "nuv": [
        0.15454545454545454,
        0.09545454545454546,
        0.8318181818181818,
        0.09545454545454546,
        0.15454545454545454,
        0.7954545454545454,
        0.8318181818181818,
        0.7954545454545454
      ],
      "minPos": {
        "x": -74.5,
        "y": -77,
        "z": 0
      },
      "maxPos": {
        "x": 74.5,
        "y": 77,
        "z": 0
      }
    },
    "texture": "b6e5a65d-d1be-4283-b337-7bc7e92aac9b@6c48a",
    "packable": true,
    "pixelsToUnit": 100,
    "pivot": {
      "x": 0.5,
      "y": 0.5
    },
    "meshType": 0
  }
}