{
  "__type__": "cc.SpriteFrame",
  "content": {
    "name": "1_031",
    "atlas": "",
    "rect": {
      "x": 79,
      "y": 68,
      "width": 191,
      "height": 217
    },
    "offset": {
      "x": -13,
      "y": -14.5
    },
    "originalSize": {
      "width": 375,
      "height": 324
    },
    "rotated": false,
    "capInsets": [
      0,
      0,
      0,
      0
    ],
    "vertices": {
      "rawPosition": [
        -95.5,
        -108.5,
        0,
        95.5,
        -108.5,
        0,
        -95.5,
        108.5,
        0,
        95.5,
        108.5,
        0
      ],
      "indexes": [
        0,
        1,
        2,
        2,
        1,
        3
      ],
      "uv": [
        79,
        256,
        270,
        256,
        79,
        39,
        270,
        39
      ],
      "nuv": [
        0.21066666666666667,
        0.12037037037037036,
        0.72,
        0.12037037037037036,
        0.21066666666666667,
        0.7901234567901234,
        0.72,
        0.7901234567901234
      ],
      "minPos": {
        "x": -95.5,
        "y": -108.5,
        "z": 0
      },
      "maxPos": {
        "x": 95.5,
        "y": 108.5,
        "z": 0
      }
    },
    "texture": "7a05c0ef-e3f2-4e64-9c95-22abb1a7ae19@6c48a",
    "packable": true,
    "pixelsToUnit": 100,
    "pivot": {
      "x": 0.5,
      "y": 0.5
    },
    "meshType": 0
  }
}