{
  "__type__": "cc.SpriteFrame",
  "content": {
    "name": "1_09",
    "atlas": "",
    "rect": {
      "x": 36,
      "y": 43,
      "width": 146,
      "height": 163
    },
    "offset": {
      "x": -1,
      "y": -14.5
    },
    "originalSize": {
      "width": 220,
      "height": 220
    },
    "rotated": false,
    "capInsets": [
      0,
      0,
      0,
      0
    ],
    "vertices": {
      "rawPosition": [
        -73,
        -81.5,
        0,
        73,
        -81.5,
        0,
        -73,
        81.5,
        0,
        73,
        81.5,
        0
      ],
      "indexes": [
        0,
        1,
        2,
        2,
        1,
        3
      ],
      "uv": [
        36,
        177,
        182,
        177,
        36,
        14,
        182,
        14
      ],
      "nuv": [
        0.16363636363636364,
        0.06363636363636363,
        0.8272727272727273,
        0.06363636363636363,
        0.16363636363636364,
        0.8045454545454546,
        0.8272727272727273,
        0.8045454545454546
      ],
      "minPos": {
        "x": -73,
        "y": -81.5,
        "z": 0
      },
      "maxPos": {
        "x": 73,
        "y": 81.5,
        "z": 0
      }
    },
    "texture": "7a20bb7e-8083-455b-b40d-af981f0b4c3a@6c48a",
    "packable": true,
    "pixelsToUnit": 100,
    "pivot": {
      "x": 0.5,
      "y": 0.5
    },
    "meshType": 0
  }
}