{
  "__type__": "cc.SpriteFrame",
  "content": {
    "name": "1_09",
    "atlas": "",
    "rect": {
      "x": 36,
      "y": 35,
      "width": 149,
      "height": 149
    },
    "offset": {
      "x": 0.5,
      "y": 0.5
    },
    "originalSize": {
      "width": 220,
      "height": 220
    },
    "rotated": false,
    "capInsets": [
      0,
      0,
      0,
      0
    ],
    "vertices": {
      "rawPosition": [
        -74.5,
        -74.5,
        0,
        74.5,
        -74.5,
        0,
        -74.5,
        74.5,
        0,
        74.5,
        74.5,
        0
      ],
      "indexes": [
        0,
        1,
        2,
        2,
        1,
        3
      ],
      "uv": [
        36,
        185,
        185,
        185,
        36,
        36,
        185,
        36
      ],
      "nuv": [
        0.16363636363636364,
        0.16363636363636364,
        0.8409090909090909,
        0.16363636363636364,
        0.16363636363636364,
        0.8409090909090909,
        0.8409090909090909,
        0.8409090909090909
      ],
      "minPos": {
        "x": -74.5,
        "y": -74.5,
        "z": 0
      },
      "maxPos": {
        "x": 74.5,
        "y": 74.5,
        "z": 0
      }
    },
    "texture": "7a6647a6-f005-491d-878d-80743eb69a35@6c48a",
    "packable": true,
    "pixelsToUnit": 100,
    "pivot": {
      "x": 0.5,
      "y": 0.5
    },
    "meshType": 0
  }
}