{
  "__type__": "cc.SpriteFrame",
  "content": {
    "name": "1_06",
    "atlas": "",
    "rect": {
      "x": 99,
      "y": 222,
      "width": 104,
      "height": 98
    },
    "offset": {
      "x": 10.5,
      "y": -105.5
    },
    "originalSize": {
      "width": 281,
      "height": 331
    },
    "rotated": false,
    "capInsets": [
      0,
      0,
      0,
      0
    ],
    "vertices": {
      "rawPosition": [
        -52,
        -49,
        0,
        52,
        -49,
        0,
        -52,
        49,
        0,
        52,
        49,
        0
      ],
      "indexes": [
        0,
        1,
        2,
        2,
        1,
        3
      ],
      "uv": [
        99,
        109,
        203,
        109,
        99,
        11,
        203,
        11
      ],
      "nuv": [
        0.35231316725978645,
        0.03323262839879154,
        0.7224199288256228,
        0.03323262839879154,
        0.35231316725978645,
        0.3293051359516616,
        0.7224199288256228,
        0.3293051359516616
      ],
      "minPos": {
        "x": -52,
        "y": -49,
        "z": 0
      },
      "maxPos": {
        "x": 52,
        "y": 49,
        "z": 0
      }
    },
    "texture": "fd7c2b6c-e724-4a44-bb16-61a787cd1a43@6c48a",
    "packable": true,
    "pixelsToUnit": 100,
    "pivot": {
      "x": 0.5,
      "y": 0.5
    },
    "meshType": 0
  }
}