{
  "__type__": "cc.SpriteFrame",
  "content": {
    "name": "1_10",
    "atlas": "",
    "rect": {
      "x": 39,
      "y": 44,
      "width": 139,
      "height": 161
    },
    "offset": {
      "x": -1.5,
      "y": -14.5
    },
    "originalSize": {
      "width": 220,
      "height": 220
    },
    "rotated": false,
    "capInsets": [
      0,
      0,
      0,
      0
    ],
    "vertices": {
      "rawPosition": [
        -69.5,
        -80.5,
        0,
        69.5,
        -80.5,
        0,
        -69.5,
        80.5,
        0,
        69.5,
        80.5,
        0
      ],
      "indexes": [
        0,
        1,
        2,
        2,
        1,
        3
      ],
      "uv": [
        39,
        176,
        178,
        176,
        39,
        15,
        178,
        15
      ],
      "nuv": [
        0.17727272727272728,
        0.06818181818181818,
        0.8090909090909091,
        0.06818181818181818,
        0.17727272727272728,
        0.8,
        0.8090909090909091,
        0.8
      ],
      "minPos": {
        "x": -69.5,
        "y": -80.5,
        "z": 0
      },
      "maxPos": {
        "x": 69.5,
        "y": 80.5,
        "z": 0
      }
    },
    "texture": "0329a5b0-1025-4ad2-929c-0c8cf5dd7ab7@6c48a",
    "packable": true,
    "pixelsToUnit": 100,
    "pivot": {
      "x": 0.5,
      "y": 0.5
    },
    "meshType": 0
  }
}