{
  "__type__": "cc.SpriteFrame",
  "content": {
    "name": "sit2_08",
    "atlas": "",
    "rect": {
      "x": 24,
      "y": 41,
      "width": 60,
      "height": 143
    },
    "offset": {
      "x": -6,
      "y": -15
    },
    "originalSize": {
      "width": 120,
      "height": 195
    },
    "rotated": false,
    "capInsets": [
      0,
      0,
      0,
      0
    ],
    "vertices": {
      "rawPosition": [
        -30,
        -71.5,
        0,
        30,
        -71.5,
        0,
        -30,
        71.5,
        0,
        30,
        71.5,
        0
      ],
      "indexes": [
        0,
        1,
        2,
        2,
        1,
        3
      ],
      "uv": [
        24,
        154,
        84,
        154,
        24,
        11,
        84,
        11
      ],
      "nuv": [
        0.2,
        0.05641025641025641,
        0.7,
        0.05641025641025641,
        0.2,
        0.7897435897435897,
        0.7,
        0.7897435897435897
      ],
      "minPos": {
        "x": -30,
        "y": -71.5,
        "z": 0
      },
      "maxPos": {
        "x": 30,
        "y": 71.5,
        "z": 0
      }
    },
    "texture": "0347bdff-20a6-490c-907c-93134c07164c@6c48a",
    "packable": true,
    "pixelsToUnit": 100,
    "pivot": {
      "x": 0.5,
      "y": 0.5
    },
    "meshType": 0
  }
}