{
  "__type__": "cc.SpriteFrame",
  "content": {
    "name": "1_34",
    "atlas": "",
    "rect": {
      "x": 52,
      "y": 41,
      "width": 133,
      "height": 164
    },
    "offset": {
      "x": 8.5,
      "y": -13
    },
    "originalSize": {
      "width": 220,
      "height": 220
    },
    "rotated": false,
    "capInsets": [
      0,
      0,
      0,
      0
    ],
    "vertices": {
      "rawPosition": [
        -66.5,
        -82,
        0,
        66.5,
        -82,
        0,
        -66.5,
        82,
        0,
        66.5,
        82,
        0
      ],
      "indexes": [
        0,
        1,
        2,
        2,
        1,
        3
      ],
      "uv": [
        52,
        179,
        185,
        179,
        52,
        15,
        185,
        15
      ],
      "nuv": [
        0.23636363636363636,
        0.06818181818181818,
        0.8409090909090909,
        0.06818181818181818,
        0.23636363636363636,
        0.8136363636363636,
        0.8409090909090909,
        0.8136363636363636
      ],
      "minPos": {
        "x": -66.5,
        "y": -82,
        "z": 0
      },
      "maxPos": {
        "x": 66.5,
        "y": 82,
        "z": 0
      }
    },
    "texture": "037c1e44-98cb-4a80-b968-74038cdef515@6c48a",
    "packable": true,
    "pixelsToUnit": 100,
    "pivot": {
      "x": 0.5,
      "y": 0.5
    },
    "meshType": 0
  }
}