{
  "__type__": "cc.SpriteFrame",
  "content": {
    "name": "sit_idle_01",
    "atlas": "",
    "rect": {
      "x": 32,
      "y": 41,
      "width": 52,
      "height": 141
    },
    "offset": {
      "x": -2,
      "y": -14
    },
    "originalSize": {
      "width": 120,
      "height": 195
    },
    "rotated": false,
    "capInsets": [
      0,
      0,
      0,
      0
    ],
    "vertices": {
      "rawPosition": [
        -26,
        -70.5,
        0,
        26,
        -70.5,
        0,
        -26,
        70.5,
        0,
        26,
        70.5,
        0
      ],
      "indexes": [
        0,
        1,
        2,
        2,
        1,
        3
      ],
      "uv": [
        32,
        154,
        84,
        154,
        32,
        13,
        84,
        13
      ],
      "nuv": [
        0.26666666666666666,
        0.06666666666666667,
        0.7,
        0.06666666666666667,
        0.26666666666666666,
        0.7897435897435897,
        0.7,
        0.7897435897435897
      ],
      "minPos": {
        "x": -26,
        "y": -70.5,
        "z": 0
      },
      "maxPos": {
        "x": 26,
        "y": 70.5,
        "z": 0
      }
    },
    "texture": "03fbb277-5d47-4a3b-8625-3da248976dab@6c48a",
    "packable": true,
    "pixelsToUnit": 100,
    "pivot": {
      "x": 0.5,
      "y": 0.5
    },
    "meshType": 0
  }
}