{
  "__type__": "cc.SpriteFrame",
  "content": {
    "name": "1_15",
    "atlas": "",
    "rect": {
      "x": 6,
      "y": 8,
      "width": 181,
      "height": 157
    },
    "offset": {
      "x": -13.5,
      "y": 23.5
    },
    "originalSize": {
      "width": 220,
      "height": 220
    },
    "rotated": false,
    "capInsets": [
      0,
      0,
      0,
      0
    ],
    "vertices": {
      "rawPosition": [
        -90.5,
        -78.5,
        0,
        90.5,
        -78.5,
        0,
        -90.5,
        78.5,
        0,
        90.5,
        78.5,
        0
      ],
      "indexes": [
        0,
        1,
        2,
        2,
        1,
        3
      ],
      "uv": [
        6,
        212,
        187,
        212,
        6,
        55,
        187,
        55
      ],
      "nuv": [
        0.02727272727272727,
        0.25,
        0.85,
        0.25,
        0.02727272727272727,
        0.9636363636363636,
        0.85,
        0.9636363636363636
      ],
      "minPos": {
        "x": -90.5,
        "y": -78.5,
        "z": 0
      },
      "maxPos": {
        "x": 90.5,
        "y": 78.5,
        "z": 0
      }
    },
    "texture": "050d4015-2afc-406d-a525-c7d122bf0e33@6c48a",
    "packable": true,
    "pixelsToUnit": 100,
    "pivot": {
      "x": 0.5,
      "y": 0.5
    },
    "meshType": 0
  }
}