{
  "__type__": "cc.SpriteFrame",
  "content": {
    "name": "move_08",
    "atlas": "",
    "rect": {
      "x": 46,
      "y": 26,
      "width": 50,
      "height": 157
    },
    "offset": {
      "x": 3.5,
      "y": -7
    },
    "originalSize": {
      "width": 135,
      "height": 195
    },
    "rotated": false,
    "capInsets": [
      0,
      0,
      0,
      0
    ],
    "vertices": {
      "rawPosition": [
        -25,
        -78.5,
        0,
        25,
        -78.5,
        0,
        -25,
        78.5,
        0,
        25,
        78.5,
        0
      ],
      "indexes": [
        0,
        1,
        2,
        2,
        1,
        3
      ],
      "uv": [
        46,
        169,
        96,
        169,
        46,
        12,
        96,
        12
      ],
      "nuv": [
        0.34074074074074073,
        0.06153846153846154,
        0.7111111111111111,
        0.06153846153846154,
        0.34074074074074073,
        0.8666666666666667,
        0.7111111111111111,
        0.8666666666666667
      ],
      "minPos": {
        "x": -25,
        "y": -78.5,
        "z": 0
      },
      "maxPos": {
        "x": 25,
        "y": 78.5,
        "z": 0
      }
    },
    "texture": "053a562b-f972-426f-8afa-0ce5ee3db7cd@6c48a",
    "packable": true,
    "pixelsToUnit": 100,
    "pivot": {
      "x": 0.5,
      "y": 0.5
    },
    "meshType": 0
  }
}