{
  "__type__": "cc.SpriteFrame",
  "content": {
    "name": "1_24",
    "atlas": "",
    "rect": {
      "x": 38,
      "y": 35,
      "width": 175,
      "height": 121
    },
    "offset": {
      "x": 15.5,
      "y": 14.5
    },
    "originalSize": {
      "width": 220,
      "height": 220
    },
    "rotated": false,
    "capInsets": [
      0,
      0,
      0,
      0
    ],
    "vertices": {
      "rawPosition": [
        -87.5,
        -60.5,
        0,
        87.5,
        -60.5,
        0,
        -87.5,
        60.5,
        0,
        87.5,
        60.5,
        0
      ],
      "indexes": [
        0,
        1,
        2,
        2,
        1,
        3
      ],
      "uv": [
        38,
        185,
        213,
        185,
        38,
        64,
        213,
        64
      ],
      "nuv": [
        0.17272727272727273,
        0.2909090909090909,
        0.9681818181818181,
        0.2909090909090909,
        0.17272727272727273,
        0.8409090909090909,
        0.9681818181818181,
        0.8409090909090909
      ],
      "minPos": {
        "x": -87.5,
        "y": -60.5,
        "z": 0
      },
      "maxPos": {
        "x": 87.5,
        "y": 60.5,
        "z": 0
      }
    },
    "texture": "0589b82e-385c-4e0f-8eb4-d0688bad2c24@6c48a",
    "packable": true,
    "pixelsToUnit": 100,
    "pivot": {
      "x": 0.5,
      "y": 0.5
    },
    "meshType": 0
  }
}