{
  "__type__": "cc.SpriteFrame",
  "content": {
    "name": "1_48",
    "atlas": "",
    "rect": {
      "x": 5,
      "y": 8,
      "width": 178,
      "height": 159
    },
    "offset": {
      "x": -16,
      "y": 22.5
    },
    "originalSize": {
      "width": 220,
      "height": 220
    },
    "rotated": false,
    "capInsets": [
      0,
      0,
      0,
      0
    ],
    "vertices": {
      "rawPosition": [
        -89,
        -79.5,
        0,
        89,
        -79.5,
        0,
        -89,
        79.5,
        0,
        89,
        79.5,
        0
      ],
      "indexes": [
        0,
        1,
        2,
        2,
        1,
        3
      ],
      "uv": [
        5,
        212,
        183,
        212,
        5,
        53,
        183,
        53
      ],
      "nuv": [
        0.022727272727272728,
        0.2409090909090909,
        0.8318181818181818,
        0.2409090909090909,
        0.022727272727272728,
        0.9636363636363636,
        0.8318181818181818,
        0.9636363636363636
      ],
      "minPos": {
        "x": -89,
        "y": -79.5,
        "z": 0
      },
      "maxPos": {
        "x": 89,
        "y": 79.5,
        "z": 0
      }
    },
    "texture": "059fc9d3-3d35-403a-92db-af613112637b@6c48a",
    "packable": true,
    "pixelsToUnit": 100,
    "pivot": {
      "x": 0.5,
      "y": 0.5
    },
    "meshType": 0
  }
}