{
  "__type__": "cc.SpriteFrame",
  "content": {
    "name": "1_15",
    "atlas": "",
    "rect": {
      "x": 39,
      "y": 47,
      "width": 136,
      "height": 159
    },
    "offset": {
      "x": -3,
      "y": -16.5
    },
    "originalSize": {
      "width": 220,
      "height": 220
    },
    "rotated": false,
    "capInsets": [
      0,
      0,
      0,
      0
    ],
    "vertices": {
      "rawPosition": [
        -68,
        -79.5,
        0,
        68,
        -79.5,
        0,
        -68,
        79.5,
        0,
        68,
        79.5,
        0
      ],
      "indexes": [
        0,
        1,
        2,
        2,
        1,
        3
      ],
      "uv": [
        39,
        173,
        175,
        173,
        39,
        14,
        175,
        14
      ],
      "nuv": [
        0.17727272727272728,
        0.06363636363636363,
        0.7954545454545454,
        0.06363636363636363,
        0.17727272727272728,
        0.7863636363636364,
        0.7954545454545454,
        0.7863636363636364
      ],
      "minPos": {
        "x": -68,
        "y": -79.5,
        "z": 0
      },
      "maxPos": {
        "x": 68,
        "y": 79.5,
        "z": 0
      }
    },
    "texture": "05d25778-c85e-4380-836f-751093faabc6@6c48a",
    "packable": true,
    "pixelsToUnit": 100,
    "pivot": {
      "x": 0.5,
      "y": 0.5
    },
    "meshType": 0
  }
}