{
  "__type__": "cc.SpriteFrame",
  "content": {
    "name": "1_11",
    "atlas": "",
    "rect": {
      "x": 51,
      "y": 50,
      "width": 144,
      "height": 158
    },
    "offset": {
      "x": 13,
      "y": -19
    },
    "originalSize": {
      "width": 220,
      "height": 220
    },
    "rotated": false,
    "capInsets": [
      0,
      0,
      0,
      0
    ],
    "vertices": {
      "rawPosition": [
        -72,
        -79,
        0,
        72,
        -79,
        0,
        -72,
        79,
        0,
        72,
        79,
        0
      ],
      "indexes": [
        0,
        1,
        2,
        2,
        1,
        3
      ],
      "uv": [
        51,
        170,
        195,
        170,
        51,
        12,
        195,
        12
      ],
      "nuv": [
        0.2318181818181818,
        0.05454545454545454,
        0.8863636363636364,
        0.05454545454545454,
        0.2318181818181818,
        0.7727272727272727,
        0.8863636363636364,
        0.7727272727272727
      ],
      "minPos": {
        "x": -72,
        "y": -79,
        "z": 0
      },
      "maxPos": {
        "x": 72,
        "y": 79,
        "z": 0
      }
    },
    "texture": "9416802d-3baa-40e7-b891-61b29e973701@6c48a",
    "packable": true,
    "pixelsToUnit": 100,
    "pivot": {
      "x": 0.5,
      "y": 0.5
    },
    "meshType": 0
  }
}