{
  "__type__": "cc.SpriteFrame",
  "content": {
    "name": "1_37",
    "atlas": "",
    "rect": {
      "x": 46,
      "y": 57,
      "width": 128,
      "height": 139
    },
    "offset": {
      "x": 0,
      "y": -16.5
    },
    "originalSize": {
      "width": 220,
      "height": 220
    },
    "rotated": false,
    "capInsets": [
      0,
      0,
      0,
      0
    ],
    "vertices": {
      "rawPosition": [
        -64,
        -69.5,
        0,
        64,
        -69.5,
        0,
        -64,
        69.5,
        0,
        64,
        69.5,
        0
      ],
      "indexes": [
        0,
        1,
        2,
        2,
        1,
        3
      ],
      "uv": [
        46,
        163,
        174,
        163,
        46,
        24,
        174,
        24
      ],
      "nuv": [
        0.20909090909090908,
        0.10909090909090909,
        0.7909090909090909,
        0.10909090909090909,
        0.20909090909090908,
        0.740909090909091,
        0.7909090909090909,
        0.740909090909091
      ],
      "minPos": {
        "x": -64,
        "y": -69.5,
        "z": 0
      },
      "maxPos": {
        "x": 64,
        "y": 69.5,
        "z": 0
      }
    },
    "texture": "941adcee-91de-4c0a-820c-f162cf862db1@6c48a",
    "packable": true,
    "pixelsToUnit": 100,
    "pivot": {
      "x": 0.5,
      "y": 0.5
    },
    "meshType": 0
  }
}