{
  "__type__": "cc.SpriteFrame",
  "content": {
    "name": "1_09",
    "atlas": "",
    "rect": {
      "x": 41,
      "y": 42,
      "width": 138,
      "height": 163
    },
    "offset": {
      "x": 0,
      "y": -13.5
    },
    "originalSize": {
      "width": 220,
      "height": 220
    },
    "rotated": false,
    "capInsets": [
      0,
      0,
      0,
      0
    ],
    "vertices": {
      "rawPosition": [
        -69,
        -81.5,
        0,
        69,
        -81.5,
        0,
        -69,
        81.5,
        0,
        69,
        81.5,
        0
      ],
      "indexes": [
        0,
        1,
        2,
        2,
        1,
        3
      ],
      "uv": [
        41,
        178,
        179,
        178,
        41,
        15,
        179,
        15
      ],
      "nuv": [
        0.18636363636363637,
        0.06818181818181818,
        0.8136363636363636,
        0.06818181818181818,
        0.18636363636363637,
        0.8090909090909091,
        0.8136363636363636,
        0.8090909090909091
      ],
      "minPos": {
        "x": -69,
        "y": -81.5,
        "z": 0
      },
      "maxPos": {
        "x": 69,
        "y": 81.5,
        "z": 0
      }
    },
    "texture": "943dba24-d0e0-45ff-a453-2b89429f3f1d@6c48a",
    "packable": true,
    "pixelsToUnit": 100,
    "pivot": {
      "x": 0.5,
      "y": 0.5
    },
    "meshType": 0
  }
}