{
  "__type__": "cc.SpriteFrame",
  "content": {
    "name": "1_16",
    "atlas": "",
    "rect": {
      "x": 59,
      "y": 46,
      "width": 128,
      "height": 159
    },
    "offset": {
      "x": 13,
      "y": -15.5
    },
    "originalSize": {
      "width": 220,
      "height": 220
    },
    "rotated": false,
    "capInsets": [
      0,
      0,
      0,
      0
    ],
    "vertices": {
      "rawPosition": [
        -64,
        -79.5,
        0,
        64,
        -79.5,
        0,
        -64,
        79.5,
        0,
        64,
        79.5,
        0
      ],
      "indexes": [
        0,
        1,
        2,
        2,
        1,
        3
      ],
      "uv": [
        59,
        174,
        187,
        174,
        59,
        15,
        187,
        15
      ],
      "nuv": [
        0.2681818181818182,
        0.06818181818181818,
        0.85,
        0.06818181818181818,
        0.2681818181818182,
        0.7909090909090909,
        0.85,
        0.7909090909090909
      ],
      "minPos": {
        "x": -64,
        "y": -79.5,
        "z": 0
      },
      "maxPos": {
        "x": 64,
        "y": 79.5,
        "z": 0
      }
    },
    "texture": "944e4678-506b-4ea4-a456-57305137f6d1@6c48a",
    "packable": true,
    "pixelsToUnit": 100,
    "pivot": {
      "x": 0.5,
      "y": 0.5
    },
    "meshType": 0
  }
}