{
  "__type__": "cc.SpriteFrame",
  "content": {
    "name": "sit2_07",
    "atlas": "",
    "rect": {
      "x": 39,
      "y": 39,
      "width": 63,
      "height": 147
    },
    "offset": {
      "x": 3,
      "y": -15
    },
    "originalSize": {
      "width": 135,
      "height": 195
    },
    "rotated": false,
    "capInsets": [
      0,
      0,
      0,
      0
    ],
    "vertices": {
      "rawPosition": [
        -31.5,
        -73.5,
        0,
        31.5,
        -73.5,
        0,
        -31.5,
        73.5,
        0,
        31.5,
        73.5,
        0
      ],
      "indexes": [
        0,
        1,
        2,
        2,
        1,
        3
      ],
      "uv": [
        39,
        156,
        102,
        156,
        39,
        9,
        102,
        9
      ],
      "nuv": [
        0.28888888888888886,
        0.046153846153846156,
        0.7555555555555555,
        0.046153846153846156,
        0.28888888888888886,
        0.8,
        0.7555555555555555,
        0.8
      ],
      "minPos": {
        "x": -31.5,
        "y": -73.5,
        "z": 0
      },
      "maxPos": {
        "x": 31.5,
        "y": 73.5,
        "z": 0
      }
    },
    "texture": "b1590c0a-052d-47ac-b845-ecc29e2b8061@6c48a",
    "packable": true,
    "pixelsToUnit": 100,
    "pivot": {
      "x": 0.5,
      "y": 0.5
    },
    "meshType": 0
  }
}