{
  "__type__": "cc.SpriteFrame",
  "content": {
    "name": "move_09",
    "atlas": "",
    "rect": {
      "x": 46,
      "y": 26,
      "width": 52,
      "height": 157
    },
    "offset": {
      "x": 4.5,
      "y": -7
    },
    "originalSize": {
      "width": 135,
      "height": 195
    },
    "rotated": false,
    "capInsets": [
      0,
      0,
      0,
      0
    ],
    "vertices": {
      "rawPosition": [
        -26,
        -78.5,
        0,
        26,
        -78.5,
        0,
        -26,
        78.5,
        0,
        26,
        78.5,
        0
      ],
      "indexes": [
        0,
        1,
        2,
        2,
        1,
        3
      ],
      "uv": [
        46,
        169,
        98,
        169,
        46,
        12,
        98,
        12
      ],
      "nuv": [
        0.34074074074074073,
        0.06153846153846154,
        0.725925925925926,
        0.06153846153846154,
        0.34074074074074073,
        0.8666666666666667,
        0.725925925925926,
        0.8666666666666667
      ],
      "minPos": {
        "x": -26,
        "y": -78.5,
        "z": 0
      },
      "maxPos": {
        "x": 26,
        "y": 78.5,
        "z": 0
      }
    },
    "texture": "b16e2cdf-dfb5-4045-a88e-0f14c4e267d2@6c48a",
    "packable": true,
    "pixelsToUnit": 100,
    "pivot": {
      "x": 0.5,
      "y": 0.5
    },
    "meshType": 0
  }
}