{
  "__type__": "cc.SpriteFrame",
  "content": {
    "name": "sit2_idle_11",
    "atlas": "",
    "rect": {
      "x": 39,
      "y": 40,
      "width": 68,
      "height": 146
    },
    "offset": {
      "x": 5.5,
      "y": -15.5
    },
    "originalSize": {
      "width": 135,
      "height": 195
    },
    "rotated": false,
    "capInsets": [
      0,
      0,
      0,
      0
    ],
    "vertices": {
      "rawPosition": [
        -34,
        -73,
        0,
        34,
        -73,
        0,
        -34,
        73,
        0,
        34,
        73,
        0
      ],
      "indexes": [
        0,
        1,
        2,
        2,
        1,
        3
      ],
      "uv": [
        39,
        155,
        107,
        155,
        39,
        9,
        107,
        9
      ],
      "nuv": [
        0.28888888888888886,
        0.046153846153846156,
        0.7925925925925926,
        0.046153846153846156,
        0.28888888888888886,
        0.7948717948717948,
        0.7925925925925926,
        0.7948717948717948
      ],
      "minPos": {
        "x": -34,
        "y": -73,
        "z": 0
      },
      "maxPos": {
        "x": 34,
        "y": 73,
        "z": 0
      }
    },
    "texture": "b1b3a7a7-d70a-41ea-88e2-8ae23d200b5d@6c48a",
    "packable": true,
    "pixelsToUnit": 100,
    "pivot": {
      "x": 0.5,
      "y": 0.5
    },
    "meshType": 0
  }
}