{
  "__type__": "cc.SpriteFrame",
  "content": {
    "name": "1_15",
    "atlas": "",
    "rect": {
      "x": 45,
      "y": 41,
      "width": 142,
      "height": 165
    },
    "offset": {
      "x": 6,
      "y": -13.5
    },
    "originalSize": {
      "width": 220,
      "height": 220
    },
    "rotated": false,
    "capInsets": [
      0,
      0,
      0,
      0
    ],
    "vertices": {
      "rawPosition": [
        -71,
        -82.5,
        0,
        71,
        -82.5,
        0,
        -71,
        82.5,
        0,
        71,
        82.5,
        0
      ],
      "indexes": [
        0,
        1,
        2,
        2,
        1,
        3
      ],
      "uv": [
        45,
        179,
        187,
        179,
        45,
        14,
        187,
        14
      ],
      "nuv": [
        0.20454545454545456,
        0.06363636363636363,
        0.85,
        0.06363636363636363,
        0.20454545454545456,
        0.8136363636363636,
        0.85,
        0.8136363636363636
      ],
      "minPos": {
        "x": -71,
        "y": -82.5,
        "z": 0
      },
      "maxPos": {
        "x": 71,
        "y": 82.5,
        "z": 0
      }
    },
    "texture": "dc21959e-7667-4752-b0f3-52131ef7a488@6c48a",
    "packable": true,
    "pixelsToUnit": 100,
    "pivot": {
      "x": 0.5,
      "y": 0.5
    },
    "meshType": 0
  }
}