{
  "__type__": "cc.SpriteFrame",
  "content": {
    "name": "0033",
    "atlas": "",
    "rect": {
      "x": 20,
      "y": 37,
      "width": 110,
      "height": 62
    },
    "offset": {
      "x": 0,
      "y": 7
    },
    "originalSize": {
      "width": 150,
      "height": 150
    },
    "rotated": false,
    "capInsets": [
      0,
      0,
      0,
      0
    ],
    "vertices": {
      "rawPosition": [
        -55,
        -31,
        0,
        55,
        -31,
        0,
        -55,
        31,
        0,
        55,
        31,
        0
      ],
      "indexes": [
        0,
        1,
        2,
        2,
        1,
        3
      ],
      "uv": [
        20,
        113,
        130,
        113,
        20,
        51,
        130,
        51
      ],
      "nuv": [
        0.13333333333333333,
        0.34,
        0.8666666666666667,
        0.34,
        0.13333333333333333,
        0.7533333333333333,
        0.8666666666666667,
        0.7533333333333333
      ],
      "minPos": {
        "x": -55,
        "y": -31,
        "z": 0
      },
      "maxPos": {
        "x": 55,
        "y": 31,
        "z": 0
      }
    },
    "texture": "dc6dcc42-4839-4048-aa3f-842818b2296b@6c48a",
    "packable": true,
    "pixelsToUnit": 100,
    "pivot": {
      "x": 0.5,
      "y": 0.5
    },
    "meshType": 0
  }
}