{
  "__type__": "cc.SpriteFrame",
  "content": {
    "name": "1_30",
    "atlas": "",
    "rect": {
      "x": 43,
      "y": 56,
      "width": 131,
      "height": 140
    },
    "offset": {
      "x": -1.5,
      "y": -16
    },
    "originalSize": {
      "width": 220,
      "height": 220
    },
    "rotated": false,
    "capInsets": [
      0,
      0,
      0,
      0
    ],
    "vertices": {
      "rawPosition": [
        -65.5,
        -70,
        0,
        65.5,
        -70,
        0,
        -65.5,
        70,
        0,
        65.5,
        70,
        0
      ],
      "indexes": [
        0,
        1,
        2,
        2,
        1,
        3
      ],
      "uv": [
        43,
        164,
        174,
        164,
        43,
        24,
        174,
        24
      ],
      "nuv": [
        0.19545454545454546,
        0.10909090909090909,
        0.7909090909090909,
        0.10909090909090909,
        0.19545454545454546,
        0.7454545454545455,
        0.7909090909090909,
        0.7454545454545455
      ],
      "minPos": {
        "x": -65.5,
        "y": -70,
        "z": 0
      },
      "maxPos": {
        "x": 65.5,
        "y": 70,
        "z": 0
      }
    },
    "texture": "c20952ee-cdb8-4ac1-928e-ad987688baca@6c48a",
    "packable": true,
    "pixelsToUnit": 100,
    "pivot": {
      "x": 0.5,
      "y": 0.5
    },
    "meshType": 0
  }
}