{
  "__type__": "cc.SpriteFrame",
  "content": {
    "name": "1_10",
    "atlas": "",
    "rect": {
      "x": 37,
      "y": 43,
      "width": 146,
      "height": 163
    },
    "offset": {
      "x": 0,
      "y": -14.5
    },
    "originalSize": {
      "width": 220,
      "height": 220
    },
    "rotated": false,
    "capInsets": [
      0,
      0,
      0,
      0
    ],
    "vertices": {
      "rawPosition": [
        -73,
        -81.5,
        0,
        73,
        -81.5,
        0,
        -73,
        81.5,
        0,
        73,
        81.5,
        0
      ],
      "indexes": [
        0,
        1,
        2,
        2,
        1,
        3
      ],
      "uv": [
        37,
        177,
        183,
        177,
        37,
        14,
        183,
        14
      ],
      "nuv": [
        0.16818181818181818,
        0.06363636363636363,
        0.8318181818181818,
        0.06363636363636363,
        0.16818181818181818,
        0.8045454545454546,
        0.8318181818181818,
        0.8045454545454546
      ],
      "minPos": {
        "x": -73,
        "y": -81.5,
        "z": 0
      },
      "maxPos": {
        "x": 73,
        "y": 81.5,
        "z": 0
      }
    },
    "texture": "c229616a-0c50-460d-b666-eb462502f383@6c48a",
    "packable": true,
    "pixelsToUnit": 100,
    "pivot": {
      "x": 0.5,
      "y": 0.5
    },
    "meshType": 0
  }
}