{
  "__type__": "cc.SpriteFrame",
  "content": {
    "name": "1_32",
    "atlas": "",
    "rect": {
      "x": 35,
      "y": 45,
      "width": 145,
      "height": 118
    },
    "offset": {
      "x": -2.5,
      "y": 6
    },
    "originalSize": {
      "width": 220,
      "height": 220
    },
    "rotated": false,
    "capInsets": [
      0,
      0,
      0,
      0
    ],
    "vertices": {
      "rawPosition": [
        -72.5,
        -59,
        0,
        72.5,
        -59,
        0,
        -72.5,
        59,
        0,
        72.5,
        59,
        0
      ],
      "indexes": [
        0,
        1,
        2,
        2,
        1,
        3
      ],
      "uv": [
        35,
        175,
        180,
        175,
        35,
        57,
        180,
        57
      ],
      "nuv": [
        0.1590909090909091,
        0.2590909090909091,
        0.8181818181818182,
        0.2590909090909091,
        0.1590909090909091,
        0.7954545454545454,
        0.8181818181818182,
        0.7954545454545454
      ],
      "minPos": {
        "x": -72.5,
        "y": -59,
        "z": 0
      },
      "maxPos": {
        "x": 72.5,
        "y": 59,
        "z": 0
      }
    },
    "texture": "c23bea7e-214e-449b-b5d7-56bcbbb6576c@6c48a",
    "packable": true,
    "pixelsToUnit": 100,
    "pivot": {
      "x": 0.5,
      "y": 0.5
    },
    "meshType": 0
  }
}