{
  "__type__": "cc.SpriteFrame",
  "content": {
    "name": "1_094",
    "atlas": "",
    "rect": {
      "x": 0,
      "y": 65,
      "width": 337,
      "height": 236
    },
    "offset": {
      "x": -19,
      "y": -21
    },
    "originalSize": {
      "width": 375,
      "height": 324
    },
    "rotated": false,
    "capInsets": [
      0,
      0,
      0,
      0
    ],
    "vertices": {
      "rawPosition": [
        -168.5,
        -118,
        0,
        168.5,
        -118,
        0,
        -168.5,
        118,
        0,
        168.5,
        118,
        0
      ],
      "indexes": [
        0,
        1,
        2,
        2,
        1,
        3
      ],
      "uv": [
        0,
        259,
        337,
        259,
        0,
        23,
        337,
        23
      ],
      "nuv": [
        0,
        0.07098765432098765,
        0.8986666666666666,
        0.07098765432098765,
        0,
        0.7993827160493827,
        0.8986666666666666,
        0.7993827160493827
      ],
      "minPos": {
        "x": -168.5,
        "y": -118,
        "z": 0
      },
      "maxPos": {
        "x": 168.5,
        "y": 118,
        "z": 0
      }
    },
    "texture": "c2b8ffcd-871f-4e1c-a71f-287671aca9b4@6c48a",
    "packable": true,
    "pixelsToUnit": 100,
    "pivot": {
      "x": 0.5,
      "y": 0.5
    },
    "meshType": 0
  }
}