{
  "__type__": "cc.SpriteFrame",
  "content": {
    "name": "1_35",
    "atlas": "",
    "rect": {
      "x": 52,
      "y": 40,
      "width": 133,
      "height": 165
    },
    "offset": {
      "x": 8.5,
      "y": -12.5
    },
    "originalSize": {
      "width": 220,
      "height": 220
    },
    "rotated": false,
    "capInsets": [
      0,
      0,
      0,
      0
    ],
    "vertices": {
      "rawPosition": [
        -66.5,
        -82.5,
        0,
        66.5,
        -82.5,
        0,
        -66.5,
        82.5,
        0,
        66.5,
        82.5,
        0
      ],
      "indexes": [
        0,
        1,
        2,
        2,
        1,
        3
      ],
      "uv": [
        52,
        180,
        185,
        180,
        52,
        15,
        185,
        15
      ],
      "nuv": [
        0.23636363636363636,
        0.06818181818181818,
        0.8409090909090909,
        0.06818181818181818,
        0.23636363636363636,
        0.8181818181818182,
        0.8409090909090909,
        0.8181818181818182
      ],
      "minPos": {
        "x": -66.5,
        "y": -82.5,
        "z": 0
      },
      "maxPos": {
        "x": 66.5,
        "y": 82.5,
        "z": 0
      }
    },
    "texture": "56997c74-d4c0-4be6-8b25-d7e44255d3e2@6c48a",
    "packable": true,
    "pixelsToUnit": 100,
    "pivot": {
      "x": 0.5,
      "y": 0.5
    },
    "meshType": 0
  }
}