{
  "__type__": "cc.SpriteFrame",
  "content": {
    "name": "1_08",
    "atlas": "",
    "rect": {
      "x": 41,
      "y": 41,
      "width": 137,
      "height": 164
    },
    "offset": {
      "x": -0.5,
      "y": -13
    },
    "originalSize": {
      "width": 220,
      "height": 220
    },
    "rotated": false,
    "capInsets": [
      0,
      0,
      0,
      0
    ],
    "vertices": {
      "rawPosition": [
        -68.5,
        -82,
        0,
        68.5,
        -82,
        0,
        -68.5,
        82,
        0,
        68.5,
        82,
        0
      ],
      "indexes": [
        0,
        1,
        2,
        2,
        1,
        3
      ],
      "uv": [
        41,
        179,
        178,
        179,
        41,
        15,
        178,
        15
      ],
      "nuv": [
        0.18636363636363637,
        0.06818181818181818,
        0.8090909090909091,
        0.06818181818181818,
        0.18636363636363637,
        0.8136363636363636,
        0.8090909090909091,
        0.8136363636363636
      ],
      "minPos": {
        "x": -68.5,
        "y": -82,
        "z": 0
      },
      "maxPos": {
        "x": 68.5,
        "y": 82,
        "z": 0
      }
    },
    "texture": "56aa43e4-88ac-4155-b264-0742d6ddfd76@6c48a",
    "packable": true,
    "pixelsToUnit": 100,
    "pivot": {
      "x": 0.5,
      "y": 0.5
    },
    "meshType": 0
  }
}