{
  "__type__": "cc.SpriteFrame",
  "content": {
    "name": "0023",
    "atlas": "",
    "rect": {
      "x": 21,
      "y": 37,
      "width": 108,
      "height": 61
    },
    "offset": {
      "x": 0,
      "y": 7.5
    },
    "originalSize": {
      "width": 150,
      "height": 150
    },
    "rotated": false,
    "capInsets": [
      0,
      0,
      0,
      0
    ],
    "vertices": {
      "rawPosition": [
        -54,
        -30.5,
        0,
        54,
        -30.5,
        0,
        -54,
        30.5,
        0,
        54,
        30.5,
        0
      ],
      "indexes": [
        0,
        1,
        2,
        2,
        1,
        3
      ],
      "uv": [
        21,
        113,
        129,
        113,
        21,
        52,
        129,
        52
      ],
      "nuv": [
        0.14,
        0.3466666666666667,
        0.86,
        0.3466666666666667,
        0.14,
        0.7533333333333333,
        0.86,
        0.7533333333333333
      ],
      "minPos": {
        "x": -54,
        "y": -30.5,
        "z": 0
      },
      "maxPos": {
        "x": 54,
        "y": 30.5,
        "z": 0
      }
    },
    "texture": "6013cb99-3556-4aae-99ec-158764c65e6b@6c48a",
    "packable": true,
    "pixelsToUnit": 100,
    "pivot": {
      "x": 0.5,
      "y": 0.5
    },
    "meshType": 0
  }
}