{
  "__type__": "cc.SpriteFrame",
  "content": {
    "name": "sit2_15",
    "atlas": "",
    "rect": {
      "x": 31,
      "y": 43,
      "width": 58,
      "height": 139
    },
    "offset": {
      "x": 0,
      "y": -15
    },
    "originalSize": {
      "width": 120,
      "height": 195
    },
    "rotated": false,
    "capInsets": [
      0,
      0,
      0,
      0
    ],
    "vertices": {
      "rawPosition": [
        -29,
        -69.5,
        0,
        29,
        -69.5,
        0,
        -29,
        69.5,
        0,
        29,
        69.5,
        0
      ],
      "indexes": [
        0,
        1,
        2,
        2,
        1,
        3
      ],
      "uv": [
        31,
        152,
        89,
        152,
        31,
        13,
        89,
        13
      ],
      "nuv": [
        0.25833333333333336,
        0.06666666666666667,
        0.7416666666666667,
        0.06666666666666667,
        0.25833333333333336,
        0.7794871794871795,
        0.7416666666666667,
        0.7794871794871795
      ],
      "minPos": {
        "x": -29,
        "y": -69.5,
        "z": 0
      },
      "maxPos": {
        "x": 29,
        "y": 69.5,
        "z": 0
      }
    },
    "texture": "60328c26-2317-404d-be95-4628ea666970@6c48a",
    "packable": true,
    "pixelsToUnit": 100,
    "pivot": {
      "x": 0.5,
      "y": 0.5
    },
    "meshType": 0
  }
}