{
  "__type__": "cc.SpriteFrame",
  "content": {
    "name": "sit_09",
    "atlas": "",
    "rect": {
      "x": 31,
      "y": 49,
      "width": 51,
      "height": 135
    },
    "offset": {
      "x": -3.5,
      "y": -19
    },
    "originalSize": {
      "width": 120,
      "height": 195
    },
    "rotated": false,
    "capInsets": [
      0,
      0,
      0,
      0
    ],
    "vertices": {
      "rawPosition": [
        -25.5,
        -67.5,
        0,
        25.5,
        -67.5,
        0,
        -25.5,
        67.5,
        0,
        25.5,
        67.5,
        0
      ],
      "indexes": [
        0,
        1,
        2,
        2,
        1,
        3
      ],
      "uv": [
        31,
        146,
        82,
        146,
        31,
        11,
        82,
        11
      ],
      "nuv": [
        0.25833333333333336,
        0.05641025641025641,
        0.6833333333333333,
        0.05641025641025641,
        0.25833333333333336,
        0.7487179487179487,
        0.6833333333333333,
        0.7487179487179487
      ],
      "minPos": {
        "x": -25.5,
        "y": -67.5,
        "z": 0
      },
      "maxPos": {
        "x": 25.5,
        "y": 67.5,
        "z": 0
      }
    },
    "texture": "6078fcba-fa8f-4b8b-8c6c-edd56d19c1ce@6c48a",
    "packable": true,
    "pixelsToUnit": 100,
    "pivot": {
      "x": 0.5,
      "y": 0.5
    },
    "meshType": 0
  }
}