{
  "__type__": "cc.SpriteFrame",
  "content": {
    "name": "tu01-stand1_34",
    "atlas": "",
    "rect": {
      "x": 41,
      "y": 65,
      "width": 129,
      "height": 148
    },
    "offset": {
      "x": -4.5,
      "y": -29
    },
    "originalSize": {
      "width": 220,
      "height": 220
    },
    "rotated": false,
    "capInsets": [
      0,
      0,
      0,
      0
    ],
    "vertices": {
      "rawPosition": [
        -64.5,
        -74,
        0,
        64.5,
        -74,
        0,
        -64.5,
        74,
        0,
        64.5,
        74,
        0
      ],
      "indexes": [
        0,
        1,
        2,
        2,
        1,
        3
      ],
      "uv": [
        41,
        155,
        170,
        155,
        41,
        7,
        170,
        7
      ],
      "nuv": [
        0.18636363636363637,
        0.031818181818181815,
        0.7727272727272727,
        0.031818181818181815,
        0.18636363636363637,
        0.7045454545454546,
        0.7727272727272727,
        0.7045454545454546
      ],
      "minPos": {
        "x": -64.5,
        "y": -74,
        "z": 0
      },
      "maxPos": {
        "x": 64.5,
        "y": 74,
        "z": 0
      }
    },
    "texture": "60aef1c1-0b3a-4faf-b8f0-2392cc47dce9@6c48a",
    "packable": true,
    "pixelsToUnit": 100,
    "pivot": {
      "x": 0.5,
      "y": 0.5
    },
    "meshType": 0
  }
}