{
  "__type__": "cc.SpriteFrame",
  "content": {
    "name": "1_099",
    "atlas": "",
    "rect": {
      "x": 79,
      "y": 89,
      "width": 233,
      "height": 212
    },
    "offset": {
      "x": 8,
      "y": -33
    },
    "originalSize": {
      "width": 375,
      "height": 324
    },
    "rotated": false,
    "capInsets": [
      0,
      0,
      0,
      0
    ],
    "vertices": {
      "rawPosition": [
        -116.5,
        -106,
        0,
        116.5,
        -106,
        0,
        -116.5,
        106,
        0,
        116.5,
        106,
        0
      ],
      "indexes": [
        0,
        1,
        2,
        2,
        1,
        3
      ],
      "uv": [
        79,
        235,
        312,
        235,
        79,
        23,
        312,
        23
      ],
      "nuv": [
        0.21066666666666667,
        0.07098765432098765,
        0.832,
        0.07098765432098765,
        0.21066666666666667,
        0.7253086419753086,
        0.832,
        0.7253086419753086
      ],
      "minPos": {
        "x": -116.5,
        "y": -106,
        "z": 0
      },
      "maxPos": {
        "x": 116.5,
        "y": 106,
        "z": 0
      }
    },
    "texture": "60c4cff2-e3d4-484b-8f30-cd237898c7b6@6c48a",
    "packable": true,
    "pixelsToUnit": 100,
    "pivot": {
      "x": 0.5,
      "y": 0.5
    },
    "meshType": 0
  }
}