{
  "__type__": "cc.SpriteFrame",
  "content": {
    "name": "1_20",
    "atlas": "",
    "rect": {
      "x": 50,
      "y": 50,
      "width": 148,
      "height": 158
    },
    "offset": {
      "x": 14,
      "y": -19
    },
    "originalSize": {
      "width": 220,
      "height": 220
    },
    "rotated": false,
    "capInsets": [
      0,
      0,
      0,
      0
    ],
    "vertices": {
      "rawPosition": [
        -74,
        -79,
        0,
        74,
        -79,
        0,
        -74,
        79,
        0,
        74,
        79,
        0
      ],
      "indexes": [
        0,
        1,
        2,
        2,
        1,
        3
      ],
      "uv": [
        50,
        170,
        198,
        170,
        50,
        12,
        198,
        12
      ],
      "nuv": [
        0.22727272727272727,
        0.05454545454545454,
        0.9,
        0.05454545454545454,
        0.22727272727272727,
        0.7727272727272727,
        0.9,
        0.7727272727272727
      ],
      "minPos": {
        "x": -74,
        "y": -79,
        "z": 0
      },
      "maxPos": {
        "x": 74,
        "y": 79,
        "z": 0
      }
    },
    "texture": "32d47e06-5985-4378-9830-02ca1146b074@6c48a",
    "packable": true,
    "pixelsToUnit": 100,
    "pivot": {
      "x": 0.5,
      "y": 0.5
    },
    "meshType": 0
  }
}