{
  "__type__": "cc.SpriteFrame",
  "content": {
    "name": "move_18",
    "atlas": "",
    "rect": {
      "x": 38,
      "y": 30,
      "width": 49,
      "height": 152
    },
    "offset": {
      "x": 2.5,
      "y": -8.5
    },
    "originalSize": {
      "width": 120,
      "height": 195
    },
    "rotated": false,
    "capInsets": [
      0,
      0,
      0,
      0
    ],
    "vertices": {
      "rawPosition": [
        -24.5,
        -76,
        0,
        24.5,
        -76,
        0,
        -24.5,
        76,
        0,
        24.5,
        76,
        0
      ],
      "indexes": [
        0,
        1,
        2,
        2,
        1,
        3
      ],
      "uv": [
        38,
        165,
        87,
        165,
        38,
        13,
        87,
        13
      ],
      "nuv": [
        0.31666666666666665,
        0.06666666666666667,
        0.725,
        0.06666666666666667,
        0.31666666666666665,
        0.8461538461538461,
        0.725,
        0.8461538461538461
      ],
      "minPos": {
        "x": -24.5,
        "y": -76,
        "z": 0
      },
      "maxPos": {
        "x": 24.5,
        "y": 76,
        "z": 0
      }
    },
    "texture": "32edc4dd-c2b4-4cd3-9b3d-492ca245744e@6c48a",
    "packable": true,
    "pixelsToUnit": 100,
    "pivot": {
      "x": 0.5,
      "y": 0.5
    },
    "meshType": 0
  }
}