{
  "__type__": "cc.SpriteFrame",
  "content": {
    "name": "1_41",
    "atlas": "",
    "rect": {
      "x": 15,
      "y": 16,
      "width": 189,
      "height": 143
    },
    "offset": {
      "x": -0.5,
      "y": 22.5
    },
    "originalSize": {
      "width": 220,
      "height": 220
    },
    "rotated": false,
    "capInsets": [
      0,
      0,
      0,
      0
    ],
    "vertices": {
      "rawPosition": [
        -94.5,
        -71.5,
        0,
        94.5,
        -71.5,
        0,
        -94.5,
        71.5,
        0,
        94.5,
        71.5,
        0
      ],
      "indexes": [
        0,
        1,
        2,
        2,
        1,
        3
      ],
      "uv": [
        15,
        204,
        204,
        204,
        15,
        61,
        204,
        61
      ],
      "nuv": [
        0.06818181818181818,
        0.2772727272727273,
        0.9272727272727272,
        0.2772727272727273,
        0.06818181818181818,
        0.9272727272727272,
        0.9272727272727272,
        0.9272727272727272
      ],
      "minPos": {
        "x": -94.5,
        "y": -71.5,
        "z": 0
      },
      "maxPos": {
        "x": 94.5,
        "y": 71.5,
        "z": 0
      }
    },
    "texture": "c8c33035-e143-4d47-bcad-46b8c2d7e9ff@6c48a",
    "packable": true,
    "pixelsToUnit": 100,
    "pivot": {
      "x": 0.5,
      "y": 0.5
    },
    "meshType": 0
  }
}