{
  "__type__": "cc.SpriteFrame",
  "content": {
    "name": "1_04",
    "atlas": "",
    "rect": {
      "x": 40,
      "y": 49,
      "width": 138,
      "height": 152
    },
    "offset": {
      "x": -1,
      "y": -15
    },
    "originalSize": {
      "width": 220,
      "height": 220
    },
    "rotated": false,
    "capInsets": [
      0,
      0,
      0,
      0
    ],
    "vertices": {
      "rawPosition": [
        -69,
        -76,
        0,
        69,
        -76,
        0,
        -69,
        76,
        0,
        69,
        76,
        0
      ],
      "indexes": [
        0,
        1,
        2,
        2,
        1,
        3
      ],
      "uv": [
        40,
        171,
        178,
        171,
        40,
        19,
        178,
        19
      ],
      "nuv": [
        0.18181818181818182,
        0.08636363636363636,
        0.8090909090909091,
        0.08636363636363636,
        0.18181818181818182,
        0.7772727272727272,
        0.8090909090909091,
        0.7772727272727272
      ],
      "minPos": {
        "x": -69,
        "y": -76,
        "z": 0
      },
      "maxPos": {
        "x": 69,
        "y": 76,
        "z": 0
      }
    },
    "texture": "c8cd3e09-2618-4407-bb44-0d4fae93773a@6c48a",
    "packable": true,
    "pixelsToUnit": 100,
    "pivot": {
      "x": 0.5,
      "y": 0.5
    },
    "meshType": 0
  }
}