{
  "__type__": "cc.SpriteFrame",
  "content": {
    "name": "tu01-stand1_22",
    "atlas": "",
    "rect": {
      "x": 20,
      "y": 66,
      "width": 154,
      "height": 147
    },
    "offset": {
      "x": -13,
      "y": -29.5
    },
    "originalSize": {
      "width": 220,
      "height": 220
    },
    "rotated": false,
    "capInsets": [
      0,
      0,
      0,
      0
    ],
    "vertices": {
      "rawPosition": [
        -77,
        -73.5,
        0,
        77,
        -73.5,
        0,
        -77,
        73.5,
        0,
        77,
        73.5,
        0
      ],
      "indexes": [
        0,
        1,
        2,
        2,
        1,
        3
      ],
      "uv": [
        20,
        154,
        174,
        154,
        20,
        7,
        174,
        7
      ],
      "nuv": [
        0.09090909090909091,
        0.031818181818181815,
        0.7909090909090909,
        0.031818181818181815,
        0.09090909090909091,
        0.7,
        0.7909090909090909,
        0.7
      ],
      "minPos": {
        "x": -77,
        "y": -73.5,
        "z": 0
      },
      "maxPos": {
        "x": 77,
        "y": 73.5,
        "z": 0
      }
    },
    "texture": "c8fd9d14-c129-4379-b333-7b06913d87c5@6c48a",
    "packable": true,
    "pixelsToUnit": 100,
    "pivot": {
      "x": 0.5,
      "y": 0.5
    },
    "meshType": 0
  }
}