{
  "__type__": "cc.SpriteFrame",
  "content": {
    "name": "1_12",
    "atlas": "",
    "rect": {
      "x": 44,
      "y": 44,
      "width": 128,
      "height": 159
    },
    "offset": {
      "x": -2,
      "y": -13.5
    },
    "originalSize": {
      "width": 220,
      "height": 220
    },
    "rotated": false,
    "capInsets": [
      0,
      0,
      0,
      0
    ],
    "vertices": {
      "rawPosition": [
        -64,
        -79.5,
        0,
        64,
        -79.5,
        0,
        -64,
        79.5,
        0,
        64,
        79.5,
        0
      ],
      "indexes": [
        0,
        1,
        2,
        2,
        1,
        3
      ],
      "uv": [
        44,
        176,
        172,
        176,
        44,
        17,
        172,
        17
      ],
      "nuv": [
        0.2,
        0.07727272727272727,
        0.7818181818181819,
        0.07727272727272727,
        0.2,
        0.8,
        0.7818181818181819,
        0.8
      ],
      "minPos": {
        "x": -64,
        "y": -79.5,
        "z": 0
      },
      "maxPos": {
        "x": 64,
        "y": 79.5,
        "z": 0
      }
    },
    "texture": "ba3e4957-4803-40b7-ae8a-898fb0605f0a@6c48a",
    "packable": true,
    "pixelsToUnit": 100,
    "pivot": {
      "x": 0.5,
      "y": 0.5
    },
    "meshType": 0
  }
}