{
  "__type__": "cc.SpriteFrame",
  "content": {
    "name": "idle_08",
    "atlas": "",
    "rect": {
      "x": 31,
      "y": 25,
      "width": 50,
      "height": 157
    },
    "offset": {
      "x": -4,
      "y": -6
    },
    "originalSize": {
      "width": 120,
      "height": 195
    },
    "rotated": false,
    "capInsets": [
      0,
      0,
      0,
      0
    ],
    "vertices": {
      "rawPosition": [
        -25,
        -78.5,
        0,
        25,
        -78.5,
        0,
        -25,
        78.5,
        0,
        25,
        78.5,
        0
      ],
      "indexes": [
        0,
        1,
        2,
        2,
        1,
        3
      ],
      "uv": [
        31,
        170,
        81,
        170,
        31,
        13,
        81,
        13
      ],
      "nuv": [
        0.25833333333333336,
        0.06666666666666667,
        0.675,
        0.06666666666666667,
        0.25833333333333336,
        0.8717948717948718,
        0.675,
        0.8717948717948718
      ],
      "minPos": {
        "x": -25,
        "y": -78.5,
        "z": 0
      },
      "maxPos": {
        "x": 25,
        "y": 78.5,
        "z": 0
      }
    },
    "texture": "ba3e71f3-32c0-4d7f-a896-bb8088e15dd3@6c48a",
    "packable": true,
    "pixelsToUnit": 100,
    "pivot": {
      "x": 0.5,
      "y": 0.5
    },
    "meshType": 0
  }
}