{
  "__type__": "cc.SpriteFrame",
  "content": {
    "name": "sit_05",
    "atlas": "",
    "rect": {
      "x": 42,
      "y": 43,
      "width": 56,
      "height": 142
    },
    "offset": {
      "x": 2.5,
      "y": -16.5
    },
    "originalSize": {
      "width": 135,
      "height": 195
    },
    "rotated": false,
    "capInsets": [
      0,
      0,
      0,
      0
    ],
    "vertices": {
      "rawPosition": [
        -28,
        -71,
        0,
        28,
        -71,
        0,
        -28,
        71,
        0,
        28,
        71,
        0
      ],
      "indexes": [
        0,
        1,
        2,
        2,
        1,
        3
      ],
      "uv": [
        42,
        152,
        98,
        152,
        42,
        10,
        98,
        10
      ],
      "nuv": [
        0.3111111111111111,
        0.05128205128205128,
        0.725925925925926,
        0.05128205128205128,
        0.3111111111111111,
        0.7794871794871795,
        0.725925925925926,
        0.7794871794871795
      ],
      "minPos": {
        "x": -28,
        "y": -71,
        "z": 0
      },
      "maxPos": {
        "x": 28,
        "y": 71,
        "z": 0
      }
    },
    "texture": "ba5fb3a4-27c7-410b-a8bf-22b8687c1886@6c48a",
    "packable": true,
    "pixelsToUnit": 100,
    "pivot": {
      "x": 0.5,
      "y": 0.5
    },
    "meshType": 0
  }
}