{
  "__type__": "cc.SpriteFrame",
  "content": {
    "name": "1_04",
    "atlas": "",
    "rect": {
      "x": 47,
      "y": 58,
      "width": 127,
      "height": 139
    },
    "offset": {
      "x": 0.5,
      "y": -17.5
    },
    "originalSize": {
      "width": 220,
      "height": 220
    },
    "rotated": false,
    "capInsets": [
      0,
      0,
      0,
      0
    ],
    "vertices": {
      "rawPosition": [
        -63.5,
        -69.5,
        0,
        63.5,
        -69.5,
        0,
        -63.5,
        69.5,
        0,
        63.5,
        69.5,
        0
      ],
      "indexes": [
        0,
        1,
        2,
        2,
        1,
        3
      ],
      "uv": [
        47,
        162,
        174,
        162,
        47,
        23,
        174,
        23
      ],
      "nuv": [
        0.21363636363636362,
        0.10454545454545454,
        0.7909090909090909,
        0.10454545454545454,
        0.21363636363636362,
        0.7363636363636363,
        0.7909090909090909,
        0.7363636363636363
      ],
      "minPos": {
        "x": -63.5,
        "y": -69.5,
        "z": 0
      },
      "maxPos": {
        "x": 63.5,
        "y": 69.5,
        "z": 0
      }
    },
    "texture": "ba68a39c-152d-4ec8-810c-eaa8e6a607fb@6c48a",
    "packable": true,
    "pixelsToUnit": 100,
    "pivot": {
      "x": 0.5,
      "y": 0.5
    },
    "meshType": 0
  }
}