{
  "__type__": "cc.SpriteFrame",
  "content": {
    "name": "sit2_04",
    "atlas": "",
    "rect": {
      "x": 35,
      "y": 39,
      "width": 54,
      "height": 143
    },
    "offset": {
      "x": 2,
      "y": -13
    },
    "originalSize": {
      "width": 120,
      "height": 195
    },
    "rotated": false,
    "capInsets": [
      0,
      0,
      0,
      0
    ],
    "vertices": {
      "rawPosition": [
        -27,
        -71.5,
        0,
        27,
        -71.5,
        0,
        -27,
        71.5,
        0,
        27,
        71.5,
        0
      ],
      "indexes": [
        0,
        1,
        2,
        2,
        1,
        3
      ],
      "uv": [
        35,
        156,
        89,
        156,
        35,
        13,
        89,
        13
      ],
      "nuv": [
        0.2916666666666667,
        0.06666666666666667,
        0.7416666666666667,
        0.06666666666666667,
        0.2916666666666667,
        0.8,
        0.7416666666666667,
        0.8
      ],
      "minPos": {
        "x": -27,
        "y": -71.5,
        "z": 0
      },
      "maxPos": {
        "x": 27,
        "y": 71.5,
        "z": 0
      }
    },
    "texture": "ba9da2f7-d079-4343-a212-c06f83d937bb@6c48a",
    "packable": true,
    "pixelsToUnit": 100,
    "pivot": {
      "x": 0.5,
      "y": 0.5
    },
    "meshType": 0
  }
}