{
  "__type__": "cc.SpriteFrame",
  "content": {
    "name": "tu01-stand1_83",
    "atlas": "",
    "rect": {
      "x": 12,
      "y": 46,
      "width": 185,
      "height": 167
    },
    "offset": {
      "x": -5.5,
      "y": -19.5
    },
    "originalSize": {
      "width": 220,
      "height": 220
    },
    "rotated": false,
    "capInsets": [
      0,
      0,
      0,
      0
    ],
    "vertices": {
      "rawPosition": [
        -92.5,
        -83.5,
        0,
        92.5,
        -83.5,
        0,
        -92.5,
        83.5,
        0,
        92.5,
        83.5,
        0
      ],
      "indexes": [
        0,
        1,
        2,
        2,
        1,
        3
      ],
      "uv": [
        12,
        174,
        197,
        174,
        12,
        7,
        197,
        7
      ],
      "nuv": [
        0.05454545454545454,
        0.031818181818181815,
        0.8954545454545455,
        0.031818181818181815,
        0.05454545454545454,
        0.7909090909090909,
        0.8954545454545455,
        0.7909090909090909
      ],
      "minPos": {
        "x": -92.5,
        "y": -83.5,
        "z": 0
      },
      "maxPos": {
        "x": 92.5,
        "y": 83.5,
        "z": 0
      }
    },
    "texture": "ba9ec6e9-b8ed-4b35-b378-9af9747bfe53@6c48a",
    "packable": true,
    "pixelsToUnit": 100,
    "pivot": {
      "x": 0.5,
      "y": 0.5
    },
    "meshType": 0
  }
}