{
  "__type__": "cc.SpriteFrame",
  "content": {
    "name": "1_12",
    "atlas": "",
    "rect": {
      "x": 44,
      "y": 46,
      "width": 137,
      "height": 159
    },
    "offset": {
      "x": 2.5,
      "y": -15.5
    },
    "originalSize": {
      "width": 220,
      "height": 220
    },
    "rotated": false,
    "capInsets": [
      0,
      0,
      0,
      0
    ],
    "vertices": {
      "rawPosition": [
        -68.5,
        -79.5,
        0,
        68.5,
        -79.5,
        0,
        -68.5,
        79.5,
        0,
        68.5,
        79.5,
        0
      ],
      "indexes": [
        0,
        1,
        2,
        2,
        1,
        3
      ],
      "uv": [
        44,
        174,
        181,
        174,
        44,
        15,
        181,
        15
      ],
      "nuv": [
        0.2,
        0.06818181818181818,
        0.8227272727272728,
        0.06818181818181818,
        0.2,
        0.7909090909090909,
        0.8227272727272728,
        0.7909090909090909
      ],
      "minPos": {
        "x": -68.5,
        "y": -79.5,
        "z": 0
      },
      "maxPos": {
        "x": 68.5,
        "y": 79.5,
        "z": 0
      }
    },
    "texture": "d902330f-807f-4d66-98c7-acb59fb1b9b2@6c48a",
    "packable": true,
    "pixelsToUnit": 100,
    "pivot": {
      "x": 0.5,
      "y": 0.5
    },
    "meshType": 0
  }
}