{
  "__type__": "cc.SpriteFrame",
  "content": {
    "name": "1_11",
    "atlas": "",
    "rect": {
      "x": 27,
      "y": 26,
      "width": 167,
      "height": 167
    },
    "offset": {
      "x": 0.5,
      "y": 0.5
    },
    "originalSize": {
      "width": 220,
      "height": 220
    },
    "rotated": false,
    "capInsets": [
      0,
      0,
      0,
      0
    ],
    "vertices": {
      "rawPosition": [
        -83.5,
        -83.5,
        0,
        83.5,
        -83.5,
        0,
        -83.5,
        83.5,
        0,
        83.5,
        83.5,
        0
      ],
      "indexes": [
        0,
        1,
        2,
        2,
        1,
        3
      ],
      "uv": [
        27,
        194,
        194,
        194,
        27,
        27,
        194,
        27
      ],
      "nuv": [
        0.12272727272727273,
        0.12272727272727273,
        0.8818181818181818,
        0.12272727272727273,
        0.12272727272727273,
        0.8818181818181818,
        0.8818181818181818,
        0.8818181818181818
      ],
      "minPos": {
        "x": -83.5,
        "y": -83.5,
        "z": 0
      },
      "maxPos": {
        "x": 83.5,
        "y": 83.5,
        "z": 0
      }
    },
    "texture": "d944a92f-ed4d-4171-ae42-6827413c165e@6c48a",
    "packable": true,
    "pixelsToUnit": 100,
    "pivot": {
      "x": 0.5,
      "y": 0.5
    },
    "meshType": 0
  }
}