{
  "__type__": "cc.SpriteFrame",
  "content": {
    "name": "1_20",
    "atlas": "",
    "rect": {
      "x": 80,
      "y": 259,
      "width": 116,
      "height": 60
    },
    "offset": {
      "x": -2.5,
      "y": -123.5
    },
    "originalSize": {
      "width": 281,
      "height": 331
    },
    "rotated": false,
    "capInsets": [
      0,
      0,
      0,
      0
    ],
    "vertices": {
      "rawPosition": [
        -58,
        -30,
        0,
        58,
        -30,
        0,
        -58,
        30,
        0,
        58,
        30,
        0
      ],
      "indexes": [
        0,
        1,
        2,
        2,
        1,
        3
      ],
      "uv": [
        80,
        72,
        196,
        72,
        80,
        12,
        196,
        12
      ],
      "nuv": [
        0.2846975088967972,
        0.03625377643504532,
        0.697508896797153,
        0.03625377643504532,
        0.2846975088967972,
        0.2175226586102719,
        0.697508896797153,
        0.2175226586102719
      ],
      "minPos": {
        "x": -58,
        "y": -30,
        "z": 0
      },
      "maxPos": {
        "x": 58,
        "y": 30,
        "z": 0
      }
    },
    "texture": "d95ad315-9afb-47af-8f41-eb2bad009ef6@6c48a",
    "packable": true,
    "pixelsToUnit": 100,
    "pivot": {
      "x": 0.5,
      "y": 0.5
    },
    "meshType": 0
  }
}