{
  "__type__": "cc.SpriteFrame",
  "content": {
    "name": "1_27",
    "atlas": "",
    "rect": {
      "x": 36,
      "y": 32,
      "width": 181,
      "height": 126
    },
    "offset": {
      "x": 16.5,
      "y": 15
    },
    "originalSize": {
      "width": 220,
      "height": 220
    },
    "rotated": false,
    "capInsets": [
      0,
      0,
      0,
      0
    ],
    "vertices": {
      "rawPosition": [
        -90.5,
        -63,
        0,
        90.5,
        -63,
        0,
        -90.5,
        63,
        0,
        90.5,
        63,
        0
      ],
      "indexes": [
        0,
        1,
        2,
        2,
        1,
        3
      ],
      "uv": [
        36,
        188,
        217,
        188,
        36,
        62,
        217,
        62
      ],
      "nuv": [
        0.16363636363636364,
        0.2818181818181818,
        0.9863636363636363,
        0.2818181818181818,
        0.16363636363636364,
        0.8545454545454545,
        0.9863636363636363,
        0.8545454545454545
      ],
      "minPos": {
        "x": -90.5,
        "y": -63,
        "z": 0
      },
      "maxPos": {
        "x": 90.5,
        "y": 63,
        "z": 0
      }
    },
    "texture": "d98c5ecc-76eb-4baf-b0d6-f9fc905c7766@6c48a",
    "packable": true,
    "pixelsToUnit": 100,
    "pivot": {
      "x": 0.5,
      "y": 0.5
    },
    "meshType": 0
  }
}