{
  "__type__": "cc.SpriteFrame",
  "content": {
    "name": "1_52",
    "atlas": "",
    "rect": {
      "x": 19,
      "y": 60,
      "width": 168,
      "height": 111
    },
    "offset": {
      "x": -7,
      "y": -5.5
    },
    "originalSize": {
      "width": 220,
      "height": 220
    },
    "rotated": false,
    "capInsets": [
      0,
      0,
      0,
      0
    ],
    "vertices": {
      "rawPosition": [
        -84,
        -55.5,
        0,
        84,
        -55.5,
        0,
        -84,
        55.5,
        0,
        84,
        55.5,
        0
      ],
      "indexes": [
        0,
        1,
        2,
        2,
        1,
        3
      ],
      "uv": [
        19,
        160,
        187,
        160,
        19,
        49,
        187,
        49
      ],
      "nuv": [
        0.08636363636363636,
        0.22272727272727272,
        0.85,
        0.22272727272727272,
        0.08636363636363636,
        0.7272727272727273,
        0.85,
        0.7272727272727273
      ],
      "minPos": {
        "x": -84,
        "y": -55.5,
        "z": 0
      },
      "maxPos": {
        "x": 84,
        "y": 55.5,
        "z": 0
      }
    },
    "texture": "d9b1cba7-7df8-4fda-81f5-cdac452bee9e@6c48a",
    "packable": true,
    "pixelsToUnit": 100,
    "pivot": {
      "x": 0.5,
      "y": 0.5
    },
    "meshType": 0
  }
}