{
  "__type__": "cc.SpriteFrame",
  "content": {
    "name": "1_16",
    "atlas": "",
    "rect": {
      "x": 44,
      "y": 49,
      "width": 150,
      "height": 159
    },
    "offset": {
      "x": 9,
      "y": -18.5
    },
    "originalSize": {
      "width": 220,
      "height": 220
    },
    "rotated": false,
    "capInsets": [
      0,
      0,
      0,
      0
    ],
    "vertices": {
      "rawPosition": [
        -75,
        -79.5,
        0,
        75,
        -79.5,
        0,
        -75,
        79.5,
        0,
        75,
        79.5,
        0
      ],
      "indexes": [
        0,
        1,
        2,
        2,
        1,
        3
      ],
      "uv": [
        44,
        171,
        194,
        171,
        44,
        12,
        194,
        12
      ],
      "nuv": [
        0.2,
        0.05454545454545454,
        0.8818181818181818,
        0.05454545454545454,
        0.2,
        0.7772727272727272,
        0.8818181818181818,
        0.7772727272727272
      ],
      "minPos": {
        "x": -75,
        "y": -79.5,
        "z": 0
      },
      "maxPos": {
        "x": 75,
        "y": 79.5,
        "z": 0
      }
    },
    "texture": "d9db291b-6fb6-452f-828e-9167e616c9bd@6c48a",
    "packable": true,
    "pixelsToUnit": 100,
    "pivot": {
      "x": 0.5,
      "y": 0.5
    },
    "meshType": 0
  }
}