{
  "__type__": "cc.SpriteFrame",
  "content": {
    "name": "move_13",
    "atlas": "",
    "rect": {
      "x": 46,
      "y": 26,
      "width": 51,
      "height": 158
    },
    "offset": {
      "x": 4,
      "y": -7.5
    },
    "originalSize": {
      "width": 135,
      "height": 195
    },
    "rotated": false,
    "capInsets": [
      0,
      0,
      0,
      0
    ],
    "vertices": {
      "rawPosition": [
        -25.5,
        -79,
        0,
        25.5,
        -79,
        0,
        -25.5,
        79,
        0,
        25.5,
        79,
        0
      ],
      "indexes": [
        0,
        1,
        2,
        2,
        1,
        3
      ],
      "uv": [
        46,
        169,
        97,
        169,
        46,
        11,
        97,
        11
      ],
      "nuv": [
        0.34074074074074073,
        0.05641025641025641,
        0.7185185185185186,
        0.05641025641025641,
        0.34074074074074073,
        0.8666666666666667,
        0.7185185185185186,
        0.8666666666666667
      ],
      "minPos": {
        "x": -25.5,
        "y": -79,
        "z": 0
      },
      "maxPos": {
        "x": 25.5,
        "y": 79,
        "z": 0
      }
    },
    "texture": "d9fbe668-cf30-4a79-83ae-954b8ffd4ffc@6c48a",
    "packable": true,
    "pixelsToUnit": 100,
    "pivot": {
      "x": 0.5,
      "y": 0.5
    },
    "meshType": 0
  }
}