{
  "__type__": "cc.SpriteFrame",
  "content": {
    "name": "tu01-stand1_65",
    "atlas": "",
    "rect": {
      "x": 38,
      "y": 63,
      "width": 132,
      "height": 150
    },
    "offset": {
      "x": -6,
      "y": -28
    },
    "originalSize": {
      "width": 220,
      "height": 220
    },
    "rotated": false,
    "capInsets": [
      0,
      0,
      0,
      0
    ],
    "vertices": {
      "rawPosition": [
        -66,
        -75,
        0,
        66,
        -75,
        0,
        -66,
        75,
        0,
        66,
        75,
        0
      ],
      "indexes": [
        0,
        1,
        2,
        2,
        1,
        3
      ],
      "uv": [
        38,
        157,
        170,
        157,
        38,
        7,
        170,
        7
      ],
      "nuv": [
        0.17272727272727273,
        0.031818181818181815,
        0.7727272727272727,
        0.031818181818181815,
        0.17272727272727273,
        0.7136363636363636,
        0.7727272727272727,
        0.7136363636363636
      ],
      "minPos": {
        "x": -66,
        "y": -75,
        "z": 0
      },
      "maxPos": {
        "x": 66,
        "y": 75,
        "z": 0
      }
    },
    "texture": "c710bb43-3f4e-415f-82d4-4eb5920369b1@6c48a",
    "packable": true,
    "pixelsToUnit": 100,
    "pivot": {
      "x": 0.5,
      "y": 0.5
    },
    "meshType": 0
  }
}