{
  "__type__": "cc.SpriteFrame",
  "content": {
    "name": "1_26",
    "atlas": "",
    "rect": {
      "x": 18,
      "y": 98,
      "width": 214,
      "height": 203
    },
    "offset": {
      "x": -15.5,
      "y": -34
    },
    "originalSize": {
      "width": 281,
      "height": 331
    },
    "rotated": false,
    "capInsets": [
      0,
      0,
      0,
      0
    ],
    "vertices": {
      "rawPosition": [
        -107,
        -101.5,
        0,
        107,
        -101.5,
        0,
        -107,
        101.5,
        0,
        107,
        101.5,
        0
      ],
      "indexes": [
        0,
        1,
        2,
        2,
        1,
        3
      ],
      "uv": [
        18,
        233,
        232,
        233,
        18,
        30,
        232,
        30
      ],
      "nuv": [
        0.06405693950177936,
        0.09063444108761329,
        0.8256227758007118,
        0.09063444108761329,
        0.06405693950177936,
        0.7039274924471299,
        0.8256227758007118,
        0.7039274924471299
      ],
      "minPos": {
        "x": -107,
        "y": -101.5,
        "z": 0
      },
      "maxPos": {
        "x": 107,
        "y": 101.5,
        "z": 0
      }
    },
    "texture": "c74c4ba5-8828-4946-8e3d-ec5778fd0e41@6c48a",
    "packable": true,
    "pixelsToUnit": 100,
    "pivot": {
      "x": 0.5,
      "y": 0.5
    },
    "meshType": 0
  }
}