{
  "__type__": "cc.SpriteFrame",
  "content": {
    "name": "1_108",
    "atlas": "",
    "rect": {
      "x": 79,
      "y": 129,
      "width": 191,
      "height": 172
    },
    "offset": {
      "x": -13,
      "y": -53
    },
    "originalSize": {
      "width": 375,
      "height": 324
    },
    "rotated": false,
    "capInsets": [
      0,
      0,
      0,
      0
    ],
    "vertices": {
      "rawPosition": [
        -95.5,
        -86,
        0,
        95.5,
        -86,
        0,
        -95.5,
        86,
        0,
        95.5,
        86,
        0
      ],
      "indexes": [
        0,
        1,
        2,
        2,
        1,
        3
      ],
      "uv": [
        79,
        195,
        270,
        195,
        79,
        23,
        270,
        23
      ],
      "nuv": [
        0.21066666666666667,
        0.07098765432098765,
        0.72,
        0.07098765432098765,
        0.21066666666666667,
        0.6018518518518519,
        0.72,
        0.6018518518518519
      ],
      "minPos": {
        "x": -95.5,
        "y": -86,
        "z": 0
      },
      "maxPos": {
        "x": 95.5,
        "y": 86,
        "z": 0
      }
    },
    "texture": "c7b05b66-e3fd-4b58-b3af-eeb3a9a33e50@6c48a",
    "packable": true,
    "pixelsToUnit": 100,
    "pivot": {
      "x": 0.5,
      "y": 0.5
    },
    "meshType": 0
  }
}