{
  "__type__": "cc.SpriteFrame",
  "content": {
    "name": "1_33",
    "atlas": "",
    "rect": {
      "x": 38,
      "y": 45,
      "width": 142,
      "height": 161
    },
    "offset": {
      "x": -1,
      "y": -15.5
    },
    "originalSize": {
      "width": 220,
      "height": 220
    },
    "rotated": false,
    "capInsets": [
      0,
      0,
      0,
      0
    ],
    "vertices": {
      "rawPosition": [
        -71,
        -80.5,
        0,
        71,
        -80.5,
        0,
        -71,
        80.5,
        0,
        71,
        80.5,
        0
      ],
      "indexes": [
        0,
        1,
        2,
        2,
        1,
        3
      ],
      "uv": [
        38,
        175,
        180,
        175,
        38,
        14,
        180,
        14
      ],
      "nuv": [
        0.17272727272727273,
        0.06363636363636363,
        0.8181818181818182,
        0.06363636363636363,
        0.17272727272727273,
        0.7954545454545454,
        0.8181818181818182,
        0.7954545454545454
      ],
      "minPos": {
        "x": -71,
        "y": -80.5,
        "z": 0
      },
      "maxPos": {
        "x": 71,
        "y": 80.5,
        "z": 0
      }
    },
    "texture": "c7db15f2-5e98-422a-bd3d-c034079fad46@6c48a",
    "packable": true,
    "pixelsToUnit": 100,
    "pivot": {
      "x": 0.5,
      "y": 0.5
    },
    "meshType": 0
  }
}