{
  "__type__": "cc.SpriteFrame",
  "content": {
    "name": "1_31",
    "atlas": "",
    "rect": {
      "x": 48,
      "y": 48,
      "width": 150,
      "height": 160
    },
    "offset": {
      "x": 13,
      "y": -18
    },
    "originalSize": {
      "width": 220,
      "height": 220
    },
    "rotated": false,
    "capInsets": [
      0,
      0,
      0,
      0
    ],
    "vertices": {
      "rawPosition": [
        -75,
        -80,
        0,
        75,
        -80,
        0,
        -75,
        80,
        0,
        75,
        80,
        0
      ],
      "indexes": [
        0,
        1,
        2,
        2,
        1,
        3
      ],
      "uv": [
        48,
        172,
        198,
        172,
        48,
        12,
        198,
        12
      ],
      "nuv": [
        0.21818181818181817,
        0.05454545454545454,
        0.9,
        0.05454545454545454,
        0.21818181818181817,
        0.7818181818181819,
        0.9,
        0.7818181818181819
      ],
      "minPos": {
        "x": -75,
        "y": -80,
        "z": 0
      },
      "maxPos": {
        "x": 75,
        "y": 80,
        "z": 0
      }
    },
    "texture": "e312c330-1206-48eb-afae-0021f91c4e75@6c48a",
    "packable": true,
    "pixelsToUnit": 100,
    "pivot": {
      "x": 0.5,
      "y": 0.5
    },
    "meshType": 0
  }
}