{
  "__type__": "cc.SpriteFrame",
  "content": {
    "name": "0015",
    "atlas": "",
    "rect": {
      "x": 20,
      "y": 41,
      "width": 110,
      "height": 63
    },
    "offset": {
      "x": 0,
      "y": 2.5
    },
    "originalSize": {
      "width": 150,
      "height": 150
    },
    "rotated": false,
    "capInsets": [
      0,
      0,
      0,
      0
    ],
    "vertices": {
      "rawPosition": [
        -55,
        -31.5,
        0,
        55,
        -31.5,
        0,
        -55,
        31.5,
        0,
        55,
        31.5,
        0
      ],
      "indexes": [
        0,
        1,
        2,
        2,
        1,
        3
      ],
      "uv": [
        20,
        109,
        130,
        109,
        20,
        46,
        130,
        46
      ],
      "nuv": [
        0.13333333333333333,
        0.30666666666666664,
        0.8666666666666667,
        0.30666666666666664,
        0.13333333333333333,
        0.7266666666666667,
        0.8666666666666667,
        0.7266666666666667
      ],
      "minPos": {
        "x": -55,
        "y": -31.5,
        "z": 0
      },
      "maxPos": {
        "x": 55,
        "y": 31.5,
        "z": 0
      }
    },
    "texture": "e3305865-b723-4bf6-a6f5-0026142398af@6c48a",
    "packable": true,
    "pixelsToUnit": 100,
    "pivot": {
      "x": 0.5,
      "y": 0.5
    },
    "meshType": 0
  }
}