{
  "__type__": "cc.SpriteFrame",
  "content": {
    "name": "1_091",
    "atlas": "",
    "rect": {
      "x": 0,
      "y": 53,
      "width": 351,
      "height": 248
    },
    "offset": {
      "x": -12,
      "y": -15
    },
    "originalSize": {
      "width": 375,
      "height": 324
    },
    "rotated": false,
    "capInsets": [
      0,
      0,
      0,
      0
    ],
    "vertices": {
      "rawPosition": [
        -175.5,
        -124,
        0,
        175.5,
        -124,
        0,
        -175.5,
        124,
        0,
        175.5,
        124,
        0
      ],
      "indexes": [
        0,
        1,
        2,
        2,
        1,
        3
      ],
      "uv": [
        0,
        271,
        351,
        271,
        0,
        23,
        351,
        23
      ],
      "nuv": [
        0,
        0.07098765432098765,
        0.936,
        0.07098765432098765,
        0,
        0.8364197530864198,
        0.936,
        0.8364197530864198
      ],
      "minPos": {
        "x": -175.5,
        "y": -124,
        "z": 0
      },
      "maxPos": {
        "x": 175.5,
        "y": 124,
        "z": 0
      }
    },
    "texture": "e3c58c76-9ae1-42c0-b489-f880be146bc7@6c48a",
    "packable": true,
    "pixelsToUnit": 100,
    "pivot": {
      "x": 0.5,
      "y": 0.5
    },
    "meshType": 0
  }
}