{
  "__type__": "cc.SpriteFrame",
  "content": {
    "name": "sit_idle_08",
    "atlas": "",
    "rect": {
      "x": 32,
      "y": 41,
      "width": 54,
      "height": 141
    },
    "offset": {
      "x": -1,
      "y": -14
    },
    "originalSize": {
      "width": 120,
      "height": 195
    },
    "rotated": false,
    "capInsets": [
      0,
      0,
      0,
      0
    ],
    "vertices": {
      "rawPosition": [
        -27,
        -70.5,
        0,
        27,
        -70.5,
        0,
        -27,
        70.5,
        0,
        27,
        70.5,
        0
      ],
      "indexes": [
        0,
        1,
        2,
        2,
        1,
        3
      ],
      "uv": [
        32,
        154,
        86,
        154,
        32,
        13,
        86,
        13
      ],
      "nuv": [
        0.26666666666666666,
        0.06666666666666667,
        0.7166666666666667,
        0.06666666666666667,
        0.26666666666666666,
        0.7897435897435897,
        0.7166666666666667,
        0.7897435897435897
      ],
      "minPos": {
        "x": -27,
        "y": -70.5,
        "z": 0
      },
      "maxPos": {
        "x": 27,
        "y": 70.5,
        "z": 0
      }
    },
    "texture": "e3f24344-a895-4ea8-8e46-fc413d375998@6c48a",
    "packable": true,
    "pixelsToUnit": 100,
    "pivot": {
      "x": 0.5,
      "y": 0.5
    },
    "meshType": 0
  }
}