{
  "__type__": "cc.SpriteFrame",
  "content": {
    "name": "tu01-stand1_11",
    "atlas": "",
    "rect": {
      "x": 26,
      "y": 69,
      "width": 144,
      "height": 144
    },
    "offset": {
      "x": -12,
      "y": -31
    },
    "originalSize": {
      "width": 220,
      "height": 220
    },
    "rotated": false,
    "capInsets": [
      0,
      0,
      0,
      0
    ],
    "vertices": {
      "rawPosition": [
        -72,
        -72,
        0,
        72,
        -72,
        0,
        -72,
        72,
        0,
        72,
        72,
        0
      ],
      "indexes": [
        0,
        1,
        2,
        2,
        1,
        3
      ],
      "uv": [
        26,
        151,
        170,
        151,
        26,
        7,
        170,
        7
      ],
      "nuv": [
        0.11818181818181818,
        0.031818181818181815,
        0.7727272727272727,
        0.031818181818181815,
        0.11818181818181818,
        0.6863636363636364,
        0.7727272727272727,
        0.6863636363636364
      ],
      "minPos": {
        "x": -72,
        "y": -72,
        "z": 0
      },
      "maxPos": {
        "x": 72,
        "y": 72,
        "z": 0
      }
    },
    "texture": "0125c3d4-6a07-44fc-afd6-8a03e7382250@6c48a",
    "packable": true,
    "pixelsToUnit": 100,
    "pivot": {
      "x": 0.5,
      "y": 0.5
    },
    "meshType": 0
  }
}