{
  "__type__": "cc.SpriteFrame",
  "content": {
    "name": "1_084",
    "atlas": "",
    "rect": {
      "x": 59,
      "y": 77,
      "width": 218,
      "height": 224
    },
    "offset": {
      "x": -19.5,
      "y": -27
    },
    "originalSize": {
      "width": 375,
      "height": 324
    },
    "rotated": false,
    "capInsets": [
      0,
      0,
      0,
      0
    ],
    "vertices": {
      "rawPosition": [
        -109,
        -112,
        0,
        109,
        -112,
        0,
        -109,
        112,
        0,
        109,
        112,
        0
      ],
      "indexes": [
        0,
        1,
        2,
        2,
        1,
        3
      ],
      "uv": [
        59,
        247,
        277,
        247,
        59,
        23,
        277,
        23
      ],
      "nuv": [
        0.15733333333333333,
        0.07098765432098765,
        0.7386666666666667,
        0.07098765432098765,
        0.15733333333333333,
        0.7623456790123457,
        0.7386666666666667,
        0.7623456790123457
      ],
      "minPos": {
        "x": -109,
        "y": -112,
        "z": 0
      },
      "maxPos": {
        "x": 109,
        "y": 112,
        "z": 0
      }
    },
    "texture": "01c83bad-341c-43a8-886e-d5716439b6f4@6c48a",
    "packable": true,
    "pixelsToUnit": 100,
    "pivot": {
      "x": 0.5,
      "y": 0.5
    },
    "meshType": 0
  }
}