{
  "__type__": "cc.SpriteFrame",
  "content": {
    "name": "1_31",
    "atlas": "",
    "rect": {
      "x": 20,
      "y": 64,
      "width": 218,
      "height": 247
    },
    "offset": {
      "x": -11.5,
      "y": -22
    },
    "originalSize": {
      "width": 281,
      "height": 331
    },
    "rotated": false,
    "capInsets": [
      0,
      0,
      0,
      0
    ],
    "vertices": {
      "rawPosition": [
        -109,
        -123.5,
        0,
        109,
        -123.5,
        0,
        -109,
        123.5,
        0,
        109,
        123.5,
        0
      ],
      "indexes": [
        0,
        1,
        2,
        2,
        1,
        3
      ],
      "uv": [
        20,
        267,
        238,
        267,
        20,
        20,
        238,
        20
      ],
      "nuv": [
        0.0711743772241993,
        0.06042296072507553,
        0.8469750889679716,
        0.06042296072507553,
        0.0711743772241993,
        0.8066465256797583,
        0.8469750889679716,
        0.8066465256797583
      ],
      "minPos": {
        "x": -109,
        "y": -123.5,
        "z": 0
      },
      "maxPos": {
        "x": 109,
        "y": 123.5,
        "z": 0
      }
    },
    "texture": "d71eebe4-1127-4790-9c9a-5d9f9913a589@6c48a",
    "packable": true,
    "pixelsToUnit": 100,
    "pivot": {
      "x": 0.5,
      "y": 0.5
    },
    "meshType": 0
  }
}