{
  "__type__": "cc.SpriteFrame",
  "content": {
    "name": "1_27",
    "atlas": "",
    "rect": {
      "x": 66,
      "y": 47,
      "width": 133,
      "height": 158
    },
    "offset": {
      "x": 22.5,
      "y": -16
    },
    "originalSize": {
      "width": 220,
      "height": 220
    },
    "rotated": false,
    "capInsets": [
      0,
      0,
      0,
      0
    ],
    "vertices": {
      "rawPosition": [
        -66.5,
        -79,
        0,
        66.5,
        -79,
        0,
        -66.5,
        79,
        0,
        66.5,
        79,
        0
      ],
      "indexes": [
        0,
        1,
        2,
        2,
        1,
        3
      ],
      "uv": [
        66,
        173,
        199,
        173,
        66,
        15,
        199,
        15
      ],
      "nuv": [
        0.3,
        0.06818181818181818,
        0.9045454545454545,
        0.06818181818181818,
        0.3,
        0.7863636363636364,
        0.9045454545454545,
        0.7863636363636364
      ],
      "minPos": {
        "x": -66.5,
        "y": -79,
        "z": 0
      },
      "maxPos": {
        "x": 66.5,
        "y": 79,
        "z": 0
      }
    },
    "texture": "d78e7f76-1b44-4419-999f-92c65cbe3562@6c48a",
    "packable": true,
    "pixelsToUnit": 100,
    "pivot": {
      "x": 0.5,
      "y": 0.5
    },
    "meshType": 0
  }
}