{
  "__type__": "cc.SpriteFrame",
  "content": {
    "name": "sit_06",
    "atlas": "",
    "rect": {
      "x": 40,
      "y": 48,
      "width": 56,
      "height": 134
    },
    "offset": {
      "x": 0.5,
      "y": -17.5
    },
    "originalSize": {
      "width": 135,
      "height": 195
    },
    "rotated": false,
    "capInsets": [
      0,
      0,
      0,
      0
    ],
    "vertices": {
      "rawPosition": [
        -28,
        -67,
        0,
        28,
        -67,
        0,
        -28,
        67,
        0,
        28,
        67,
        0
      ],
      "indexes": [
        0,
        1,
        2,
        2,
        1,
        3
      ],
      "uv": [
        40,
        147,
        96,
        147,
        40,
        13,
        96,
        13
      ],
      "nuv": [
        0.2962962962962963,
        0.06666666666666667,
        0.7111111111111111,
        0.06666666666666667,
        0.2962962962962963,
        0.7538461538461538,
        0.7111111111111111,
        0.7538461538461538
      ],
      "minPos": {
        "x": -28,
        "y": -67,
        "z": 0
      },
      "maxPos": {
        "x": 28,
        "y": 67,
        "z": 0
      }
    },
    "texture": "d7aefbbf-2e2c-44e6-afa6-1e7516b666f6@6c48a",
    "packable": true,
    "pixelsToUnit": 100,
    "pivot": {
      "x": 0.5,
      "y": 0.5
    },
    "meshType": 0
  }
}