{
  "__type__": "cc.SpriteFrame",
  "content": {
    "name": "1_30",
    "atlas": "",
    "rect": {
      "x": 60,
      "y": 44,
      "width": 137,
      "height": 161
    },
    "offset": {
      "x": 18.5,
      "y": -14.5
    },
    "originalSize": {
      "width": 220,
      "height": 220
    },
    "rotated": false,
    "capInsets": [
      0,
      0,
      0,
      0
    ],
    "vertices": {
      "rawPosition": [
        -68.5,
        -80.5,
        0,
        68.5,
        -80.5,
        0,
        -68.5,
        80.5,
        0,
        68.5,
        80.5,
        0
      ],
      "indexes": [
        0,
        1,
        2,
        2,
        1,
        3
      ],
      "uv": [
        60,
        176,
        197,
        176,
        60,
        15,
        197,
        15
      ],
      "nuv": [
        0.2727272727272727,
        0.06818181818181818,
        0.8954545454545455,
        0.06818181818181818,
        0.2727272727272727,
        0.8,
        0.8954545454545455,
        0.8
      ],
      "minPos": {
        "x": -68.5,
        "y": -80.5,
        "z": 0
      },
      "maxPos": {
        "x": 68.5,
        "y": 80.5,
        "z": 0
      }
    },
    "texture": "fe31ca1c-eaa4-4e61-98ca-6ea0b5f7eb47@6c48a",
    "packable": true,
    "pixelsToUnit": 100,
    "pivot": {
      "x": 0.5,
      "y": 0.5
    },
    "meshType": 0
  }
}