{
  "__type__": "cc.SpriteFrame",
  "content": {
    "name": "0018",
    "atlas": "",
    "rect": {
      "x": 21,
      "y": 37,
      "width": 108,
      "height": 66
    },
    "offset": {
      "x": 0,
      "y": 5
    },
    "originalSize": {
      "width": 150,
      "height": 150
    },
    "rotated": false,
    "capInsets": [
      0,
      0,
      0,
      0
    ],
    "vertices": {
      "rawPosition": [
        -54,
        -33,
        0,
        54,
        -33,
        0,
        -54,
        33,
        0,
        54,
        33,
        0
      ],
      "indexes": [
        0,
        1,
        2,
        2,
        1,
        3
      ],
      "uv": [
        21,
        113,
        129,
        113,
        21,
        47,
        129,
        47
      ],
      "nuv": [
        0.14,
        0.31333333333333335,
        0.86,
        0.31333333333333335,
        0.14,
        0.7533333333333333,
        0.86,
        0.7533333333333333
      ],
      "minPos": {
        "x": -54,
        "y": -33,
        "z": 0
      },
      "maxPos": {
        "x": 54,
        "y": 33,
        "z": 0
      }
    },
    "texture": "fe39b4d9-cd44-41a0-a96b-64ece7d771de@6c48a",
    "packable": true,
    "pixelsToUnit": 100,
    "pivot": {
      "x": 0.5,
      "y": 0.5
    },
    "meshType": 0
  }
}