{
  "__type__": "cc.SpriteFrame",
  "content": {
    "name": "tu01-stand1_01",
    "atlas": "",
    "rect": {
      "x": 40,
      "y": 67,
      "width": 155,
      "height": 146
    },
    "offset": {
      "x": 7.5,
      "y": -30
    },
    "originalSize": {
      "width": 220,
      "height": 220
    },
    "rotated": false,
    "capInsets": [
      0,
      0,
      0,
      0
    ],
    "vertices": {
      "rawPosition": [
        -77.5,
        -73,
        0,
        77.5,
        -73,
        0,
        -77.5,
        73,
        0,
        77.5,
        73,
        0
      ],
      "indexes": [
        0,
        1,
        2,
        2,
        1,
        3
      ],
      "uv": [
        40,
        153,
        195,
        153,
        40,
        7,
        195,
        7
      ],
      "nuv": [
        0.18181818181818182,
        0.031818181818181815,
        0.8863636363636364,
        0.031818181818181815,
        0.18181818181818182,
        0.6954545454545454,
        0.8863636363636364,
        0.6954545454545454
      ],
      "minPos": {
        "x": -77.5,
        "y": -73,
        "z": 0
      },
      "maxPos": {
        "x": 77.5,
        "y": 73,
        "z": 0
      }
    },
    "texture": "fe60d7da-d5c1-43a7-8f26-d1f93acec718@6c48a",
    "packable": true,
    "pixelsToUnit": 100,
    "pivot": {
      "x": 0.5,
      "y": 0.5
    },
    "meshType": 0
  }
}