{
  "__type__": "cc.SpriteFrame",
  "content": {
    "name": "1_52",
    "atlas": "",
    "rect": {
      "x": 32,
      "y": 43,
      "width": 143,
      "height": 163
    },
    "offset": {
      "x": -6.5,
      "y": -14.5
    },
    "originalSize": {
      "width": 220,
      "height": 220
    },
    "rotated": false,
    "capInsets": [
      0,
      0,
      0,
      0
    ],
    "vertices": {
      "rawPosition": [
        -71.5,
        -81.5,
        0,
        71.5,
        -81.5,
        0,
        -71.5,
        81.5,
        0,
        71.5,
        81.5,
        0
      ],
      "indexes": [
        0,
        1,
        2,
        2,
        1,
        3
      ],
      "uv": [
        32,
        177,
        175,
        177,
        32,
        14,
        175,
        14
      ],
      "nuv": [
        0.14545454545454545,
        0.06363636363636363,
        0.7954545454545454,
        0.06363636363636363,
        0.14545454545454545,
        0.8045454545454546,
        0.7954545454545454,
        0.8045454545454546
      ],
      "minPos": {
        "x": -71.5,
        "y": -81.5,
        "z": 0
      },
      "maxPos": {
        "x": 71.5,
        "y": 81.5,
        "z": 0
      }
    },
    "texture": "feb8ea4e-5118-4ed6-a508-c4152a34ac93@6c48a",
    "packable": true,
    "pixelsToUnit": 100,
    "pivot": {
      "x": 0.5,
      "y": 0.5
    },
    "meshType": 0
  }
}