{
  "__type__": "cc.SpriteFrame",
  "content": {
    "name": "1_003",
    "atlas": "",
    "rect": {
      "x": 195,
      "y": 66,
      "width": 141,
      "height": 132
    },
    "offset": {
      "x": 78,
      "y": 30
    },
    "originalSize": {
      "width": 375,
      "height": 324
    },
    "rotated": false,
    "capInsets": [
      0,
      0,
      0,
      0
    ],
    "vertices": {
      "rawPosition": [
        -70.5,
        -66,
        0,
        70.5,
        -66,
        0,
        -70.5,
        66,
        0,
        70.5,
        66,
        0
      ],
      "indexes": [
        0,
        1,
        2,
        2,
        1,
        3
      ],
      "uv": [
        195,
        258,
        336,
        258,
        195,
        126,
        336,
        126
      ],
      "nuv": [
        0.52,
        0.3888888888888889,
        0.896,
        0.3888888888888889,
        0.52,
        0.7962962962962963,
        0.896,
        0.7962962962962963
      ],
      "minPos": {
        "x": -70.5,
        "y": -66,
        "z": 0
      },
      "maxPos": {
        "x": 70.5,
        "y": 66,
        "z": 0
      }
    },
    "texture": "955384c6-106b-4a03-b188-f9c3ea51d14c@6c48a",
    "packable": true,
    "pixelsToUnit": 100,
    "pivot": {
      "x": 0.5,
      "y": 0.5
    },
    "meshType": 0
  }
}