{
  "__type__": "cc.SpriteFrame",
  "content": {
    "name": "1_47",
    "atlas": "",
    "rect": {
      "x": 26,
      "y": 37,
      "width": 133,
      "height": 164
    },
    "offset": {
      "x": -17.5,
      "y": -9
    },
    "originalSize": {
      "width": 220,
      "height": 220
    },
    "rotated": false,
    "capInsets": [
      0,
      0,
      0,
      0
    ],
    "vertices": {
      "rawPosition": [
        -66.5,
        -82,
        0,
        66.5,
        -82,
        0,
        -66.5,
        82,
        0,
        66.5,
        82,
        0
      ],
      "indexes": [
        0,
        1,
        2,
        2,
        1,
        3
      ],
      "uv": [
        26,
        183,
        159,
        183,
        26,
        19,
        159,
        19
      ],
      "nuv": [
        0.11818181818181818,
        0.08636363636363636,
        0.7227272727272728,
        0.08636363636363636,
        0.11818181818181818,
        0.8318181818181818,
        0.7227272727272728,
        0.8318181818181818
      ],
      "minPos": {
        "x": -66.5,
        "y": -82,
        "z": 0
      },
      "maxPos": {
        "x": 66.5,
        "y": 82,
        "z": 0
      }
    },
    "texture": "956c4a4b-a64e-4619-9727-e49fb77fa9a9@6c48a",
    "packable": true,
    "pixelsToUnit": 100,
    "pivot": {
      "x": 0.5,
      "y": 0.5
    },
    "meshType": 0
  }
}