{
  "__type__": "cc.SpriteFrame",
  "content": {
    "name": "1_32",
    "atlas": "",
    "rect": {
      "x": 57,
      "y": 41,
      "width": 139,
      "height": 164
    },
    "offset": {
      "x": 16.5,
      "y": -13
    },
    "originalSize": {
      "width": 220,
      "height": 220
    },
    "rotated": false,
    "capInsets": [
      0,
      0,
      0,
      0
    ],
    "vertices": {
      "rawPosition": [
        -69.5,
        -82,
        0,
        69.5,
        -82,
        0,
        -69.5,
        82,
        0,
        69.5,
        82,
        0
      ],
      "indexes": [
        0,
        1,
        2,
        2,
        1,
        3
      ],
      "uv": [
        57,
        179,
        196,
        179,
        57,
        15,
        196,
        15
      ],
      "nuv": [
        0.2590909090909091,
        0.06818181818181818,
        0.8909090909090909,
        0.06818181818181818,
        0.2590909090909091,
        0.8136363636363636,
        0.8909090909090909,
        0.8136363636363636
      ],
      "minPos": {
        "x": -69.5,
        "y": -82,
        "z": 0
      },
      "maxPos": {
        "x": 69.5,
        "y": 82,
        "z": 0
      }
    },
    "texture": "95fb277c-9b05-4522-8361-c65f31bb671f@6c48a",
    "packable": true,
    "pixelsToUnit": 100,
    "pivot": {
      "x": 0.5,
      "y": 0.5
    },
    "meshType": 0
  }
}