{
  "__type__": "cc.SpriteFrame",
  "content": {
    "name": "1_000",
    "atlas": "",
    "rect": {
      "x": 203,
      "y": 53,
      "width": 148,
      "height": 121
    },
    "offset": {
      "x": 89.5,
      "y": 48.5
    },
    "originalSize": {
      "width": 375,
      "height": 324
    },
    "rotated": false,
    "capInsets": [
      0,
      0,
      0,
      0
    ],
    "vertices": {
      "rawPosition": [
        -74,
        -60.5,
        0,
        74,
        -60.5,
        0,
        -74,
        60.5,
        0,
        74,
        60.5,
        0
      ],
      "indexes": [
        0,
        1,
        2,
        2,
        1,
        3
      ],
      "uv": [
        203,
        271,
        351,
        271,
        203,
        150,
        351,
        150
      ],
      "nuv": [
        0.5413333333333333,
        0.46296296296296297,
        0.936,
        0.46296296296296297,
        0.5413333333333333,
        0.8364197530864198,
        0.936,
        0.8364197530864198
      ],
      "minPos": {
        "x": -74,
        "y": -60.5,
        "z": 0
      },
      "maxPos": {
        "x": 74,
        "y": 60.5,
        "z": 0
      }
    },
    "texture": "2510531c-4f8f-407c-8a71-ea7c34dad212@6c48a",
    "packable": true,
    "pixelsToUnit": 100,
    "pivot": {
      "x": 0.5,
      "y": 0.5
    },
    "meshType": 0
  }
}