{
  "__type__": "cc.SpriteFrame",
  "content": {
    "name": "move_03",
    "atlas": "",
    "rect": {
      "x": 31,
      "y": 26,
      "width": 48,
      "height": 158
    },
    "offset": {
      "x": -5,
      "y": -7.5
    },
    "originalSize": {
      "width": 120,
      "height": 195
    },
    "rotated": false,
    "capInsets": [
      0,
      0,
      0,
      0
    ],
    "vertices": {
      "rawPosition": [
        -24,
        -79,
        0,
        24,
        -79,
        0,
        -24,
        79,
        0,
        24,
        79,
        0
      ],
      "indexes": [
        0,
        1,
        2,
        2,
        1,
        3
      ],
      "uv": [
        31,
        169,
        79,
        169,
        31,
        11,
        79,
        11
      ],
      "nuv": [
        0.25833333333333336,
        0.05641025641025641,
        0.6583333333333333,
        0.05641025641025641,
        0.25833333333333336,
        0.8666666666666667,
        0.6583333333333333,
        0.8666666666666667
      ],
      "minPos": {
        "x": -24,
        "y": -79,
        "z": 0
      },
      "maxPos": {
        "x": 24,
        "y": 79,
        "z": 0
      }
    },
    "texture": "2537e7ca-504c-46df-968e-088458a75a35@6c48a",
    "packable": true,
    "pixelsToUnit": 100,
    "pivot": {
      "x": 0.5,
      "y": 0.5
    },
    "meshType": 0
  }
}