{
  "__type__": "cc.SpriteFrame",
  "content": {
    "name": "sit_04",
    "atlas": "",
    "rect": {
      "x": 31,
      "y": 38,
      "width": 61,
      "height": 144
    },
    "offset": {
      "x": 1.5,
      "y": -12.5
    },
    "originalSize": {
      "width": 120,
      "height": 195
    },
    "rotated": false,
    "capInsets": [
      0,
      0,
      0,
      0
    ],
    "vertices": {
      "rawPosition": [
        -30.5,
        -72,
        0,
        30.5,
        -72,
        0,
        -30.5,
        72,
        0,
        30.5,
        72,
        0
      ],
      "indexes": [
        0,
        1,
        2,
        2,
        1,
        3
      ],
      "uv": [
        31,
        157,
        92,
        157,
        31,
        13,
        92,
        13
      ],
      "nuv": [
        0.25833333333333336,
        0.06666666666666667,
        0.7666666666666667,
        0.06666666666666667,
        0.25833333333333336,
        0.8051282051282052,
        0.7666666666666667,
        0.8051282051282052
      ],
      "minPos": {
        "x": -30.5,
        "y": -72,
        "z": 0
      },
      "maxPos": {
        "x": 30.5,
        "y": 72,
        "z": 0
      }
    },
    "texture": "254e994d-b633-4c7c-9d3f-bde71b26d089@6c48a",
    "packable": true,
    "pixelsToUnit": 100,
    "pivot": {
      "x": 0.5,
      "y": 0.5
    },
    "meshType": 0
  }
}