{
  "__type__": "cc.SpriteFrame",
  "content": {
    "name": "1_44",
    "atlas": "",
    "rect": {
      "x": 47,
      "y": 50,
      "width": 139,
      "height": 152
    },
    "offset": {
      "x": 6.5,
      "y": -16
    },
    "originalSize": {
      "width": 220,
      "height": 220
    },
    "rotated": false,
    "capInsets": [
      0,
      0,
      0,
      0
    ],
    "vertices": {
      "rawPosition": [
        -69.5,
        -76,
        0,
        69.5,
        -76,
        0,
        -69.5,
        76,
        0,
        69.5,
        76,
        0
      ],
      "indexes": [
        0,
        1,
        2,
        2,
        1,
        3
      ],
      "uv": [
        47,
        170,
        186,
        170,
        47,
        18,
        186,
        18
      ],
      "nuv": [
        0.21363636363636362,
        0.08181818181818182,
        0.8454545454545455,
        0.08181818181818182,
        0.21363636363636362,
        0.7727272727272727,
        0.8454545454545455,
        0.7727272727272727
      ],
      "minPos": {
        "x": -69.5,
        "y": -76,
        "z": 0
      },
      "maxPos": {
        "x": 69.5,
        "y": 76,
        "z": 0
      }
    },
    "texture": "25744f1e-99f6-440f-9046-36d75c07eb6e@6c48a",
    "packable": true,
    "pixelsToUnit": 100,
    "pivot": {
      "x": 0.5,
      "y": 0.5
    },
    "meshType": 0
  }
}