{
  "__type__": "cc.SpriteFrame",
  "content": {
    "name": "1_30",
    "atlas": "",
    "rect": {
      "x": 43,
      "y": 43,
      "width": 141,
      "height": 163
    },
    "offset": {
      "x": 3.5,
      "y": -14.5
    },
    "originalSize": {
      "width": 220,
      "height": 220
    },
    "rotated": false,
    "capInsets": [
      0,
      0,
      0,
      0
    ],
    "vertices": {
      "rawPosition": [
        -70.5,
        -81.5,
        0,
        70.5,
        -81.5,
        0,
        -70.5,
        81.5,
        0,
        70.5,
        81.5,
        0
      ],
      "indexes": [
        0,
        1,
        2,
        2,
        1,
        3
      ],
      "uv": [
        43,
        177,
        184,
        177,
        43,
        14,
        184,
        14
      ],
      "nuv": [
        0.19545454545454546,
        0.06363636363636363,
        0.8363636363636363,
        0.06363636363636363,
        0.19545454545454546,
        0.8045454545454546,
        0.8363636363636363,
        0.8045454545454546
      ],
      "minPos": {
        "x": -70.5,
        "y": -81.5,
        "z": 0
      },
      "maxPos": {
        "x": 70.5,
        "y": 81.5,
        "z": 0
      }
    },
    "texture": "258070dd-b970-42b4-a10f-0b04f21f0723@6c48a",
    "packable": true,
    "pixelsToUnit": 100,
    "pivot": {
      "x": 0.5,
      "y": 0.5
    },
    "meshType": 0
  }
}