{
  "__type__": "cc.SpriteFrame",
  "content": {
    "name": "1_34",
    "atlas": "",
    "rect": {
      "x": 45,
      "y": 57,
      "width": 129,
      "height": 139
    },
    "offset": {
      "x": -0.5,
      "y": -16.5
    },
    "originalSize": {
      "width": 220,
      "height": 220
    },
    "rotated": false,
    "capInsets": [
      0,
      0,
      0,
      0
    ],
    "vertices": {
      "rawPosition": [
        -64.5,
        -69.5,
        0,
        64.5,
        -69.5,
        0,
        -64.5,
        69.5,
        0,
        64.5,
        69.5,
        0
      ],
      "indexes": [
        0,
        1,
        2,
        2,
        1,
        3
      ],
      "uv": [
        45,
        163,
        174,
        163,
        45,
        24,
        174,
        24
      ],
      "nuv": [
        0.20454545454545456,
        0.10909090909090909,
        0.7909090909090909,
        0.10909090909090909,
        0.20454545454545456,
        0.740909090909091,
        0.7909090909090909,
        0.740909090909091
      ],
      "minPos": {
        "x": -64.5,
        "y": -69.5,
        "z": 0
      },
      "maxPos": {
        "x": 64.5,
        "y": 69.5,
        "z": 0
      }
    },
    "texture": "07091295-794f-4a19-a0a3-98cad25167b7@6c48a",
    "packable": true,
    "pixelsToUnit": 100,
    "pivot": {
      "x": 0.5,
      "y": 0.5
    },
    "meshType": 0
  }
}