{
  "__type__": "cc.SpriteFrame",
  "content": {
    "name": "1_23",
    "atlas": "",
    "rect": {
      "x": 16,
      "y": 33,
      "width": 143,
      "height": 168
    },
    "offset": {
      "x": -22.5,
      "y": -7
    },
    "originalSize": {
      "width": 220,
      "height": 220
    },
    "rotated": false,
    "capInsets": [
      0,
      0,
      0,
      0
    ],
    "vertices": {
      "rawPosition": [
        -71.5,
        -84,
        0,
        71.5,
        -84,
        0,
        -71.5,
        84,
        0,
        71.5,
        84,
        0
      ],
      "indexes": [
        0,
        1,
        2,
        2,
        1,
        3
      ],
      "uv": [
        16,
        187,
        159,
        187,
        16,
        19,
        159,
        19
      ],
      "nuv": [
        0.07272727272727272,
        0.08636363636363636,
        0.7227272727272728,
        0.08636363636363636,
        0.07272727272727272,
        0.85,
        0.7227272727272728,
        0.85
      ],
      "minPos": {
        "x": -71.5,
        "y": -84,
        "z": 0
      },
      "maxPos": {
        "x": 71.5,
        "y": 84,
        "z": 0
      }
    },
    "texture": "072d2803-9582-4de2-9a4a-7b5c93214713@6c48a",
    "packable": true,
    "pixelsToUnit": 100,
    "pivot": {
      "x": 0.5,
      "y": 0.5
    },
    "meshType": 0
  }
}