{
  "__type__": "cc.SpriteFrame",
  "content": {
    "name": "1_10",
    "atlas": "",
    "rect": {
      "x": 51,
      "y": 54,
      "width": 135,
      "height": 148
    },
    "offset": {
      "x": 8.5,
      "y": -18
    },
    "originalSize": {
      "width": 220,
      "height": 220
    },
    "rotated": false,
    "capInsets": [
      0,
      0,
      0,
      0
    ],
    "vertices": {
      "rawPosition": [
        -67.5,
        -74,
        0,
        67.5,
        -74,
        0,
        -67.5,
        74,
        0,
        67.5,
        74,
        0
      ],
      "indexes": [
        0,
        1,
        2,
        2,
        1,
        3
      ],
      "uv": [
        51,
        166,
        186,
        166,
        51,
        18,
        186,
        18
      ],
      "nuv": [
        0.2318181818181818,
        0.08181818181818182,
        0.8454545454545455,
        0.08181818181818182,
        0.2318181818181818,
        0.7545454545454545,
        0.8454545454545455,
        0.7545454545454545
      ],
      "minPos": {
        "x": -67.5,
        "y": -74,
        "z": 0
      },
      "maxPos": {
        "x": 67.5,
        "y": 74,
        "z": 0
      }
    },
    "texture": "07a7c15e-79c7-46a0-b155-4b8c587058cf@6c48a",
    "packable": true,
    "pixelsToUnit": 100,
    "pivot": {
      "x": 0.5,
      "y": 0.5
    },
    "meshType": 0
  }
}