{
  "__type__": "cc.SpriteFrame",
  "content": {
    "name": "1_11",
    "atlas": "",
    "rect": {
      "x": 43,
      "y": 48,
      "width": 137,
      "height": 153
    },
    "offset": {
      "x": 1.5,
      "y": -14.5
    },
    "originalSize": {
      "width": 220,
      "height": 220
    },
    "rotated": false,
    "capInsets": [
      0,
      0,
      0,
      0
    ],
    "vertices": {
      "rawPosition": [
        -68.5,
        -76.5,
        0,
        68.5,
        -76.5,
        0,
        -68.5,
        76.5,
        0,
        68.5,
        76.5,
        0
      ],
      "indexes": [
        0,
        1,
        2,
        2,
        1,
        3
      ],
      "uv": [
        43,
        172,
        180,
        172,
        43,
        19,
        180,
        19
      ],
      "nuv": [
        0.19545454545454546,
        0.08636363636363636,
        0.8181818181818182,
        0.08636363636363636,
        0.19545454545454546,
        0.7818181818181819,
        0.8181818181818182,
        0.7818181818181819
      ],
      "minPos": {
        "x": -68.5,
        "y": -76.5,
        "z": 0
      },
      "maxPos": {
        "x": 68.5,
        "y": 76.5,
        "z": 0
      }
    },
    "texture": "07dda0f3-ffe5-4b5f-82f7-c78defd41998@6c48a",
    "packable": true,
    "pixelsToUnit": 100,
    "pivot": {
      "x": 0.5,
      "y": 0.5
    },
    "meshType": 0
  }
}