{
  "__type__": "cc.SpriteFrame",
  "content": {
    "name": "sit2_06",
    "atlas": "",
    "rect": {
      "x": 24,
      "y": 41,
      "width": 58,
      "height": 143
    },
    "offset": {
      "x": -7,
      "y": -15
    },
    "originalSize": {
      "width": 120,
      "height": 195
    },
    "rotated": false,
    "capInsets": [
      0,
      0,
      0,
      0
    ],
    "vertices": {
      "rawPosition": [
        -29,
        -71.5,
        0,
        29,
        -71.5,
        0,
        -29,
        71.5,
        0,
        29,
        71.5,
        0
      ],
      "indexes": [
        0,
        1,
        2,
        2,
        1,
        3
      ],
      "uv": [
        24,
        154,
        82,
        154,
        24,
        11,
        82,
        11
      ],
      "nuv": [
        0.2,
        0.05641025641025641,
        0.6833333333333333,
        0.05641025641025641,
        0.2,
        0.7897435897435897,
        0.6833333333333333,
        0.7897435897435897
      ],
      "minPos": {
        "x": -29,
        "y": -71.5,
        "z": 0
      },
      "maxPos": {
        "x": 29,
        "y": 71.5,
        "z": 0
      }
    },
    "texture": "296e5c03-0857-430d-a565-3b8509f6ad69@6c48a",
    "packable": true,
    "pixelsToUnit": 100,
    "pivot": {
      "x": 0.5,
      "y": 0.5
    },
    "meshType": 0
  }
}