{
  "__type__": "cc.SpriteFrame",
  "content": {
    "name": "1_01",
    "atlas": "",
    "rect": {
      "x": 37,
      "y": 38,
      "width": 132,
      "height": 167
    },
    "offset": {
      "x": -7,
      "y": -11.5
    },
    "originalSize": {
      "width": 220,
      "height": 220
    },
    "rotated": false,
    "capInsets": [
      0,
      0,
      0,
      0
    ],
    "vertices": {
      "rawPosition": [
        -66,
        -83.5,
        0,
        66,
        -83.5,
        0,
        -66,
        83.5,
        0,
        66,
        83.5,
        0
      ],
      "indexes": [
        0,
        1,
        2,
        2,
        1,
        3
      ],
      "uv": [
        37,
        182,
        169,
        182,
        37,
        15,
        169,
        15
      ],
      "nuv": [
        0.16818181818181818,
        0.06818181818181818,
        0.7681818181818182,
        0.06818181818181818,
        0.16818181818181818,
        0.8272727272727273,
        0.7681818181818182,
        0.8272727272727273
      ],
      "minPos": {
        "x": -66,
        "y": -83.5,
        "z": 0
      },
      "maxPos": {
        "x": 66,
        "y": 83.5,
        "z": 0
      }
    },
    "texture": "2974fb45-0766-496c-81ad-57051a1021e4@6c48a",
    "packable": true,
    "pixelsToUnit": 100,
    "pivot": {
      "x": 0.5,
      "y": 0.5
    },
    "meshType": 0
  }
}