{
  "__type__": "cc.SpriteFrame",
  "content": {
    "name": "tu01-stand1_57",
    "atlas": "",
    "rect": {
      "x": 21,
      "y": 66,
      "width": 153,
      "height": 147
    },
    "offset": {
      "x": -12.5,
      "y": -29.5
    },
    "originalSize": {
      "width": 220,
      "height": 220
    },
    "rotated": false,
    "capInsets": [
      0,
      0,
      0,
      0
    ],
    "vertices": {
      "rawPosition": [
        -76.5,
        -73.5,
        0,
        76.5,
        -73.5,
        0,
        -76.5,
        73.5,
        0,
        76.5,
        73.5,
        0
      ],
      "indexes": [
        0,
        1,
        2,
        2,
        1,
        3
      ],
      "uv": [
        21,
        154,
        174,
        154,
        21,
        7,
        174,
        7
      ],
      "nuv": [
        0.09545454545454546,
        0.031818181818181815,
        0.7909090909090909,
        0.031818181818181815,
        0.09545454545454546,
        0.7,
        0.7909090909090909,
        0.7
      ],
      "minPos": {
        "x": -76.5,
        "y": -73.5,
        "z": 0
      },
      "maxPos": {
        "x": 76.5,
        "y": 73.5,
        "z": 0
      }
    },
    "texture": "5e43c7b5-5506-4a47-add6-6c6e16f953d6@6c48a",
    "packable": true,
    "pixelsToUnit": 100,
    "pivot": {
      "x": 0.5,
      "y": 0.5
    },
    "meshType": 0
  }
}