{
  "__type__": "cc.SpriteFrame",
  "content": {
    "name": "1_16",
    "atlas": "",
    "rect": {
      "x": 5,
      "y": 44,
      "width": 185,
      "height": 121
    },
    "offset": {
      "x": -12.5,
      "y": 5.5
    },
    "originalSize": {
      "width": 220,
      "height": 220
    },
    "rotated": false,
    "capInsets": [
      0,
      0,
      0,
      0
    ],
    "vertices": {
      "rawPosition": [
        -92.5,
        -60.5,
        0,
        92.5,
        -60.5,
        0,
        -92.5,
        60.5,
        0,
        92.5,
        60.5,
        0
      ],
      "indexes": [
        0,
        1,
        2,
        2,
        1,
        3
      ],
      "uv": [
        5,
        176,
        190,
        176,
        5,
        55,
        190,
        55
      ],
      "nuv": [
        0.022727272727272728,
        0.25,
        0.8636363636363636,
        0.25,
        0.022727272727272728,
        0.8,
        0.8636363636363636,
        0.8
      ],
      "minPos": {
        "x": -92.5,
        "y": -60.5,
        "z": 0
      },
      "maxPos": {
        "x": 92.5,
        "y": 60.5,
        "z": 0
      }
    },
    "texture": "5e52f192-19b6-4a29-a6f2-646285853b86@6c48a",
    "packable": true,
    "pixelsToUnit": 100,
    "pivot": {
      "x": 0.5,
      "y": 0.5
    },
    "meshType": 0
  }
}