{
  "__type__": "cc.SpriteFrame",
  "content": {
    "name": "move_14",
    "atlas": "",
    "rect": {
      "x": 38,
      "y": 30,
      "width": 49,
      "height": 153
    },
    "offset": {
      "x": 2.5,
      "y": -9
    },
    "originalSize": {
      "width": 120,
      "height": 195
    },
    "rotated": false,
    "capInsets": [
      0,
      0,
      0,
      0
    ],
    "vertices": {
      "rawPosition": [
        -24.5,
        -76.5,
        0,
        24.5,
        -76.5,
        0,
        -24.5,
        76.5,
        0,
        24.5,
        76.5,
        0
      ],
      "indexes": [
        0,
        1,
        2,
        2,
        1,
        3
      ],
      "uv": [
        38,
        165,
        87,
        165,
        38,
        12,
        87,
        12
      ],
      "nuv": [
        0.31666666666666665,
        0.06153846153846154,
        0.725,
        0.06153846153846154,
        0.31666666666666665,
        0.8461538461538461,
        0.725,
        0.8461538461538461
      ],
      "minPos": {
        "x": -24.5,
        "y": -76.5,
        "z": 0
      },
      "maxPos": {
        "x": 24.5,
        "y": 76.5,
        "z": 0
      }
    },
    "texture": "5e69ce4f-385e-49b1-bfca-e9894b2feff4@6c48a",
    "packable": true,
    "pixelsToUnit": 100,
    "pivot": {
      "x": 0.5,
      "y": 0.5
    },
    "meshType": 0
  }
}