{
  "__type__": "cc.SpriteFrame",
  "content": {
    "name": "1_15",
    "atlas": "",
    "rect": {
      "x": 56,
      "y": 45,
      "width": 128,
      "height": 160
    },
    "offset": {
      "x": 10,
      "y": -15
    },
    "originalSize": {
      "width": 220,
      "height": 220
    },
    "rotated": false,
    "capInsets": [
      0,
      0,
      0,
      0
    ],
    "vertices": {
      "rawPosition": [
        -64,
        -80,
        0,
        64,
        -80,
        0,
        -64,
        80,
        0,
        64,
        80,
        0
      ],
      "indexes": [
        0,
        1,
        2,
        2,
        1,
        3
      ],
      "uv": [
        56,
        175,
        184,
        175,
        56,
        15,
        184,
        15
      ],
      "nuv": [
        0.2545454545454545,
        0.06818181818181818,
        0.8363636363636363,
        0.06818181818181818,
        0.2545454545454545,
        0.7954545454545454,
        0.8363636363636363,
        0.7954545454545454
      ],
      "minPos": {
        "x": -64,
        "y": -80,
        "z": 0
      },
      "maxPos": {
        "x": 64,
        "y": 80,
        "z": 0
      }
    },
    "texture": "5e7c0f99-8ab6-4e24-9b58-8b7de5ae1e32@6c48a",
    "packable": true,
    "pixelsToUnit": 100,
    "pivot": {
      "x": 0.5,
      "y": 0.5
    },
    "meshType": 0
  }
}