{
  "__type__": "cc.SpriteFrame",
  "content": {
    "name": "move_02",
    "atlas": "",
    "rect": {
      "x": 48,
      "y": 25,
      "width": 51,
      "height": 159
    },
    "offset": {
      "x": 6,
      "y": -7
    },
    "originalSize": {
      "width": 135,
      "height": 195
    },
    "rotated": false,
    "capInsets": [
      0,
      0,
      0,
      0
    ],
    "vertices": {
      "rawPosition": [
        -25.5,
        -79.5,
        0,
        25.5,
        -79.5,
        0,
        -25.5,
        79.5,
        0,
        25.5,
        79.5,
        0
      ],
      "indexes": [
        0,
        1,
        2,
        2,
        1,
        3
      ],
      "uv": [
        48,
        170,
        99,
        170,
        48,
        11,
        99,
        11
      ],
      "nuv": [
        0.35555555555555557,
        0.05641025641025641,
        0.7333333333333333,
        0.05641025641025641,
        0.35555555555555557,
        0.8717948717948718,
        0.7333333333333333,
        0.8717948717948718
      ],
      "minPos": {
        "x": -25.5,
        "y": -79.5,
        "z": 0
      },
      "maxPos": {
        "x": 25.5,
        "y": 79.5,
        "z": 0
      }
    },
    "texture": "983cdbb2-f745-4d29-8bff-f5eac3dff604@6c48a",
    "packable": true,
    "pixelsToUnit": 100,
    "pivot": {
      "x": 0.5,
      "y": 0.5
    },
    "meshType": 0
  }
}