{
  "__type__": "cc.SpriteFrame",
  "content": {
    "name": "1_07",
    "atlas": "",
    "rect": {
      "x": 13,
      "y": 11,
      "width": 195,
      "height": 195
    },
    "offset": {
      "x": 0.5,
      "y": 1.5
    },
    "originalSize": {
      "width": 220,
      "height": 220
    },
    "rotated": false,
    "capInsets": [
      0,
      0,
      0,
      0
    ],
    "vertices": {
      "rawPosition": [
        -97.5,
        -97.5,
        0,
        97.5,
        -97.5,
        0,
        -97.5,
        97.5,
        0,
        97.5,
        97.5,
        0
      ],
      "indexes": [
        0,
        1,
        2,
        2,
        1,
        3
      ],
      "uv": [
        13,
        209,
        208,
        209,
        13,
        14,
        208,
        14
      ],
      "nuv": [
        0.05909090909090909,
        0.06363636363636363,
        0.9454545454545454,
        0.06363636363636363,
        0.05909090909090909,
        0.95,
        0.9454545454545454,
        0.95
      ],
      "minPos": {
        "x": -97.5,
        "y": -97.5,
        "z": 0
      },
      "maxPos": {
        "x": 97.5,
        "y": 97.5,
        "z": 0
      }
    },
    "texture": "98fef852-3c24-4ab8-a2d4-5f82d75f2da0@6c48a",
    "packable": true,
    "pixelsToUnit": 100,
    "pivot": {
      "x": 0.5,
      "y": 0.5
    },
    "meshType": 0
  }
}