{
  "__type__": "cc.SpriteFrame",
  "content": {
    "name": "idle_25",
    "atlas": "",
    "rect": {
      "x": 30,
      "y": 26,
      "width": 51,
      "height": 156
    },
    "offset": {
      "x": -4.5,
      "y": -6.5
    },
    "originalSize": {
      "width": 120,
      "height": 195
    },
    "rotated": false,
    "capInsets": [
      0,
      0,
      0,
      0
    ],
    "vertices": {
      "rawPosition": [
        -25.5,
        -78,
        0,
        25.5,
        -78,
        0,
        -25.5,
        78,
        0,
        25.5,
        78,
        0
      ],
      "indexes": [
        0,
        1,
        2,
        2,
        1,
        3
      ],
      "uv": [
        30,
        169,
        81,
        169,
        30,
        13,
        81,
        13
      ],
      "nuv": [
        0.25,
        0.06666666666666667,
        0.675,
        0.06666666666666667,
        0.25,
        0.8666666666666667,
        0.675,
        0.8666666666666667
      ],
      "minPos": {
        "x": -25.5,
        "y": -78,
        "z": 0
      },
      "maxPos": {
        "x": 25.5,
        "y": 78,
        "z": 0
      }
    },
    "texture": "2a2b6aac-186e-4532-b6fa-ee5564b32d1b@6c48a",
    "packable": true,
    "pixelsToUnit": 100,
    "pivot": {
      "x": 0.5,
      "y": 0.5
    },
    "meshType": 0
  }
}