{
  "__type__": "cc.SpriteFrame",
  "content": {
    "name": "1_048",
    "atlas": "",
    "rect": {
      "x": 3,
      "y": 65,
      "width": 334,
      "height": 220
    },
    "offset": {
      "x": -17.5,
      "y": -13
    },
    "originalSize": {
      "width": 375,
      "height": 324
    },
    "rotated": false,
    "capInsets": [
      0,
      0,
      0,
      0
    ],
    "vertices": {
      "rawPosition": [
        -167,
        -110,
        0,
        167,
        -110,
        0,
        -167,
        110,
        0,
        167,
        110,
        0
      ],
      "indexes": [
        0,
        1,
        2,
        2,
        1,
        3
      ],
      "uv": [
        3,
        259,
        337,
        259,
        3,
        39,
        337,
        39
      ],
      "nuv": [
        0.008,
        0.12037037037037036,
        0.8986666666666666,
        0.12037037037037036,
        0.008,
        0.7993827160493827,
        0.8986666666666666,
        0.7993827160493827
      ],
      "minPos": {
        "x": -167,
        "y": -110,
        "z": 0
      },
      "maxPos": {
        "x": 167,
        "y": 110,
        "z": 0
      }
    },
    "texture": "2a5cb59e-2dd6-4755-99f2-bc78962448a5@6c48a",
    "packable": true,
    "pixelsToUnit": 100,
    "pivot": {
      "x": 0.5,
      "y": 0.5
    },
    "meshType": 0
  }
}