{
  "__type__": "cc.SpriteFrame",
  "content": {
    "name": "1_35",
    "atlas": "",
    "rect": {
      "x": 32,
      "y": 44,
      "width": 133,
      "height": 157
    },
    "offset": {
      "x": -11.5,
      "y": -12.5
    },
    "originalSize": {
      "width": 220,
      "height": 220
    },
    "rotated": false,
    "capInsets": [
      0,
      0,
      0,
      0
    ],
    "vertices": {
      "rawPosition": [
        -66.5,
        -78.5,
        0,
        66.5,
        -78.5,
        0,
        -66.5,
        78.5,
        0,
        66.5,
        78.5,
        0
      ],
      "indexes": [
        0,
        1,
        2,
        2,
        1,
        3
      ],
      "uv": [
        32,
        176,
        165,
        176,
        32,
        19,
        165,
        19
      ],
      "nuv": [
        0.14545454545454545,
        0.08636363636363636,
        0.75,
        0.08636363636363636,
        0.14545454545454545,
        0.8,
        0.75,
        0.8
      ],
      "minPos": {
        "x": -66.5,
        "y": -78.5,
        "z": 0
      },
      "maxPos": {
        "x": 66.5,
        "y": 78.5,
        "z": 0
      }
    },
    "texture": "2a928d91-9626-4fb4-b47c-8235f5a59978@6c48a",
    "packable": true,
    "pixelsToUnit": 100,
    "pivot": {
      "x": 0.5,
      "y": 0.5
    },
    "meshType": 0
  }
}