{
  "__type__": "cc.SpriteFrame",
  "content": {
    "name": "move_16",
    "atlas": "",
    "rect": {
      "x": 38,
      "y": 29,
      "width": 49,
      "height": 154
    },
    "offset": {
      "x": 2.5,
      "y": -8.5
    },
    "originalSize": {
      "width": 120,
      "height": 195
    },
    "rotated": false,
    "capInsets": [
      0,
      0,
      0,
      0
    ],
    "vertices": {
      "rawPosition": [
        -24.5,
        -77,
        0,
        24.5,
        -77,
        0,
        -24.5,
        77,
        0,
        24.5,
        77,
        0
      ],
      "indexes": [
        0,
        1,
        2,
        2,
        1,
        3
      ],
      "uv": [
        38,
        166,
        87,
        166,
        38,
        12,
        87,
        12
      ],
      "nuv": [
        0.31666666666666665,
        0.06153846153846154,
        0.725,
        0.06153846153846154,
        0.31666666666666665,
        0.8512820512820513,
        0.725,
        0.8512820512820513
      ],
      "minPos": {
        "x": -24.5,
        "y": -77,
        "z": 0
      },
      "maxPos": {
        "x": 24.5,
        "y": 77,
        "z": 0
      }
    },
    "texture": "2adfaa31-5506-4429-a9e0-8f396cb5e103@6c48a",
    "packable": true,
    "pixelsToUnit": 100,
    "pivot": {
      "x": 0.5,
      "y": 0.5
    },
    "meshType": 0
  }
}