{
  "__type__": "cc.SpriteFrame",
  "content": {
    "name": "tu01-stand_75",
    "atlas": "",
    "rect": {
      "x": 31,
      "y": 65,
      "width": 154,
      "height": 148
    },
    "offset": {
      "x": -2,
      "y": -29
    },
    "originalSize": {
      "width": 220,
      "height": 220
    },
    "rotated": false,
    "capInsets": [
      0,
      0,
      0,
      0
    ],
    "vertices": {
      "rawPosition": [
        -77,
        -74,
        0,
        77,
        -74,
        0,
        -77,
        74,
        0,
        77,
        74,
        0
      ],
      "indexes": [
        0,
        1,
        2,
        2,
        1,
        3
      ],
      "uv": [
        31,
        155,
        185,
        155,
        31,
        7,
        185,
        7
      ],
      "nuv": [
        0.1409090909090909,
        0.031818181818181815,
        0.8409090909090909,
        0.031818181818181815,
        0.1409090909090909,
        0.7045454545454546,
        0.8409090909090909,
        0.7045454545454546
      ],
      "minPos": {
        "x": -77,
        "y": -74,
        "z": 0
      },
      "maxPos": {
        "x": 77,
        "y": 74,
        "z": 0
      }
    },
    "texture": "380be932-8fa1-47dd-827f-e7418c77a04f@6c48a",
    "packable": true,
    "pixelsToUnit": 100,
    "pivot": {
      "x": 0.5,
      "y": 0.5
    },
    "meshType": 0
  }
}