{
  "__type__": "cc.SpriteFrame",
  "content": {
    "name": "1_21",
    "atlas": "",
    "rect": {
      "x": 45,
      "y": 48,
      "width": 146,
      "height": 153
    },
    "offset": {
      "x": 8,
      "y": -14.5
    },
    "originalSize": {
      "width": 220,
      "height": 220
    },
    "rotated": false,
    "capInsets": [
      0,
      0,
      0,
      0
    ],
    "vertices": {
      "rawPosition": [
        -73,
        -76.5,
        0,
        73,
        -76.5,
        0,
        -73,
        76.5,
        0,
        73,
        76.5,
        0
      ],
      "indexes": [
        0,
        1,
        2,
        2,
        1,
        3
      ],
      "uv": [
        45,
        172,
        191,
        172,
        45,
        19,
        191,
        19
      ],
      "nuv": [
        0.20454545454545456,
        0.08636363636363636,
        0.8681818181818182,
        0.08636363636363636,
        0.20454545454545456,
        0.7818181818181819,
        0.8681818181818182,
        0.7818181818181819
      ],
      "minPos": {
        "x": -73,
        "y": -76.5,
        "z": 0
      },
      "maxPos": {
        "x": 73,
        "y": 76.5,
        "z": 0
      }
    },
    "texture": "383647af-6f5c-43e2-9a0e-075ebcef0829@6c48a",
    "packable": true,
    "pixelsToUnit": 100,
    "pivot": {
      "x": 0.5,
      "y": 0.5
    },
    "meshType": 0
  }
}