{
  "__type__": "cc.SpriteFrame",
  "content": {
    "name": "1_100",
    "atlas": "",
    "rect": {
      "x": 79,
      "y": 94,
      "width": 228,
      "height": 207
    },
    "offset": {
      "x": 5.5,
      "y": -35.5
    },
    "originalSize": {
      "width": 375,
      "height": 324
    },
    "rotated": false,
    "capInsets": [
      0,
      0,
      0,
      0
    ],
    "vertices": {
      "rawPosition": [
        -114,
        -103.5,
        0,
        114,
        -103.5,
        0,
        -114,
        103.5,
        0,
        114,
        103.5,
        0
      ],
      "indexes": [
        0,
        1,
        2,
        2,
        1,
        3
      ],
      "uv": [
        79,
        230,
        307,
        230,
        79,
        23,
        307,
        23
      ],
      "nuv": [
        0.21066666666666667,
        0.07098765432098765,
        0.8186666666666667,
        0.07098765432098765,
        0.21066666666666667,
        0.7098765432098766,
        0.8186666666666667,
        0.7098765432098766
      ],
      "minPos": {
        "x": -114,
        "y": -103.5,
        "z": 0
      },
      "maxPos": {
        "x": 114,
        "y": 103.5,
        "z": 0
      }
    },
    "texture": "38791742-30dc-4d4d-a2d4-28352571c579@6c48a",
    "packable": true,
    "pixelsToUnit": 100,
    "pivot": {
      "x": 0.5,
      "y": 0.5
    },
    "meshType": 0
  }
}