{
  "__type__": "cc.SpriteFrame",
  "content": {
    "name": "1_45",
    "atlas": "",
    "rect": {
      "x": 9,
      "y": 10,
      "width": 209,
      "height": 155
    },
    "offset": {
      "x": 3.5,
      "y": 22.5
    },
    "originalSize": {
      "width": 220,
      "height": 220
    },
    "rotated": false,
    "capInsets": [
      0,
      0,
      0,
      0
    ],
    "vertices": {
      "rawPosition": [
        -104.5,
        -77.5,
        0,
        104.5,
        -77.5,
        0,
        -104.5,
        77.5,
        0,
        104.5,
        77.5,
        0
      ],
      "indexes": [
        0,
        1,
        2,
        2,
        1,
        3
      ],
      "uv": [
        9,
        210,
        218,
        210,
        9,
        55,
        218,
        55
      ],
      "nuv": [
        0.04090909090909091,
        0.25,
        0.990909090909091,
        0.25,
        0.04090909090909091,
        0.9545454545454546,
        0.990909090909091,
        0.9545454545454546
      ],
      "minPos": {
        "x": -104.5,
        "y": -77.5,
        "z": 0
      },
      "maxPos": {
        "x": 104.5,
        "y": 77.5,
        "z": 0
      }
    },
    "texture": "388a715b-2b29-494f-936f-36163153a7e5@6c48a",
    "packable": true,
    "pixelsToUnit": 100,
    "pivot": {
      "x": 0.5,
      "y": 0.5
    },
    "meshType": 0
  }
}