{
  "__type__": "cc.SpriteFrame",
  "content": {
    "name": "1_38",
    "atlas": "",
    "rect": {
      "x": 39,
      "y": 48,
      "width": 147,
      "height": 160
    },
    "offset": {
      "x": 2.5,
      "y": -18
    },
    "originalSize": {
      "width": 220,
      "height": 220
    },
    "rotated": false,
    "capInsets": [
      0,
      0,
      0,
      0
    ],
    "vertices": {
      "rawPosition": [
        -73.5,
        -80,
        0,
        73.5,
        -80,
        0,
        -73.5,
        80,
        0,
        73.5,
        80,
        0
      ],
      "indexes": [
        0,
        1,
        2,
        2,
        1,
        3
      ],
      "uv": [
        39,
        172,
        186,
        172,
        39,
        12,
        186,
        12
      ],
      "nuv": [
        0.17727272727272728,
        0.05454545454545454,
        0.8454545454545455,
        0.05454545454545454,
        0.17727272727272728,
        0.7818181818181819,
        0.8454545454545455,
        0.7818181818181819
      ],
      "minPos": {
        "x": -73.5,
        "y": -80,
        "z": 0
      },
      "maxPos": {
        "x": 73.5,
        "y": 80,
        "z": 0
      }
    },
    "texture": "388f9a15-5742-4026-aed7-6d8a4c917178@6c48a",
    "packable": true,
    "pixelsToUnit": 100,
    "pivot": {
      "x": 0.5,
      "y": 0.5
    },
    "meshType": 0
  }
}