{
  "__type__": "cc.SpriteFrame",
  "content": {
    "name": "1_13",
    "atlas": "",
    "rect": {
      "x": 40,
      "y": 47,
      "width": 149,
      "height": 159
    },
    "offset": {
      "x": 4.5,
      "y": -16.5
    },
    "originalSize": {
      "width": 220,
      "height": 220
    },
    "rotated": false,
    "capInsets": [
      0,
      0,
      0,
      0
    ],
    "vertices": {
      "rawPosition": [
        -74.5,
        -79.5,
        0,
        74.5,
        -79.5,
        0,
        -74.5,
        79.5,
        0,
        74.5,
        79.5,
        0
      ],
      "indexes": [
        0,
        1,
        2,
        2,
        1,
        3
      ],
      "uv": [
        40,
        173,
        189,
        173,
        40,
        14,
        189,
        14
      ],
      "nuv": [
        0.18181818181818182,
        0.06363636363636363,
        0.8590909090909091,
        0.06363636363636363,
        0.18181818181818182,
        0.7863636363636364,
        0.8590909090909091,
        0.7863636363636364
      ],
      "minPos": {
        "x": -74.5,
        "y": -79.5,
        "z": 0
      },
      "maxPos": {
        "x": 74.5,
        "y": 79.5,
        "z": 0
      }
    },
    "texture": "38acef59-37c5-48c1-910e-aa00ab6d8daf@6c48a",
    "packable": true,
    "pixelsToUnit": 100,
    "pivot": {
      "x": 0.5,
      "y": 0.5
    },
    "meshType": 0
  }
}