{
  "__type__": "cc.SpriteFrame",
  "content": {
    "name": "1_110",
    "atlas": "",
    "rect": {
      "x": 79,
      "y": 132,
      "width": 191,
      "height": 169
    },
    "offset": {
      "x": -13,
      "y": -54.5
    },
    "originalSize": {
      "width": 375,
      "height": 324
    },
    "rotated": false,
    "capInsets": [
      0,
      0,
      0,
      0
    ],
    "vertices": {
      "rawPosition": [
        -95.5,
        -84.5,
        0,
        95.5,
        -84.5,
        0,
        -95.5,
        84.5,
        0,
        95.5,
        84.5,
        0
      ],
      "indexes": [
        0,
        1,
        2,
        2,
        1,
        3
      ],
      "uv": [
        79,
        192,
        270,
        192,
        79,
        23,
        270,
        23
      ],
      "nuv": [
        0.21066666666666667,
        0.07098765432098765,
        0.72,
        0.07098765432098765,
        0.21066666666666667,
        0.5925925925925926,
        0.72,
        0.5925925925925926
      ],
      "minPos": {
        "x": -95.5,
        "y": -84.5,
        "z": 0
      },
      "maxPos": {
        "x": 95.5,
        "y": 84.5,
        "z": 0
      }
    },
    "texture": "38c945ce-dbbe-4208-9ed9-0fd8d38d1b76@6c48a",
    "packable": true,
    "pixelsToUnit": 100,
    "pivot": {
      "x": 0.5,
      "y": 0.5
    },
    "meshType": 0
  }
}