{
  "__type__": "cc.SpriteFrame",
  "content": {
    "name": "sit2_idle_01",
    "atlas": "",
    "rect": {
      "x": 37,
      "y": 49,
      "width": 59,
      "height": 133
    },
    "offset": {
      "x": 6.5,
      "y": -18
    },
    "originalSize": {
      "width": 120,
      "height": 195
    },
    "rotated": false,
    "capInsets": [
      0,
      0,
      0,
      0
    ],
    "vertices": {
      "rawPosition": [
        -29.5,
        -66.5,
        0,
        29.5,
        -66.5,
        0,
        -29.5,
        66.5,
        0,
        29.5,
        66.5,
        0
      ],
      "indexes": [
        0,
        1,
        2,
        2,
        1,
        3
      ],
      "uv": [
        37,
        146,
        96,
        146,
        37,
        13,
        96,
        13
      ],
      "nuv": [
        0.30833333333333335,
        0.06666666666666667,
        0.8,
        0.06666666666666667,
        0.30833333333333335,
        0.7487179487179487,
        0.8,
        0.7487179487179487
      ],
      "minPos": {
        "x": -29.5,
        "y": -66.5,
        "z": 0
      },
      "maxPos": {
        "x": 29.5,
        "y": 66.5,
        "z": 0
      }
    },
    "texture": "38f08c94-53f9-4858-88a0-4650ae3ade5d@6c48a",
    "packable": true,
    "pixelsToUnit": 100,
    "pivot": {
      "x": 0.5,
      "y": 0.5
    },
    "meshType": 0
  }
}