{
  "__type__": "cc.SpriteFrame",
  "content": {
    "name": "tu01-stand_32",
    "atlas": "",
    "rect": {
      "x": 24,
      "y": 64,
      "width": 153,
      "height": 149
    },
    "offset": {
      "x": -9.5,
      "y": -28.5
    },
    "originalSize": {
      "width": 220,
      "height": 220
    },
    "rotated": false,
    "capInsets": [
      0,
      0,
      0,
      0
    ],
    "vertices": {
      "rawPosition": [
        -76.5,
        -74.5,
        0,
        76.5,
        -74.5,
        0,
        -76.5,
        74.5,
        0,
        76.5,
        74.5,
        0
      ],
      "indexes": [
        0,
        1,
        2,
        2,
        1,
        3
      ],
      "uv": [
        24,
        156,
        177,
        156,
        24,
        7,
        177,
        7
      ],
      "nuv": [
        0.10909090909090909,
        0.031818181818181815,
        0.8045454545454546,
        0.031818181818181815,
        0.10909090909090909,
        0.7090909090909091,
        0.8045454545454546,
        0.7090909090909091
      ],
      "minPos": {
        "x": -76.5,
        "y": -74.5,
        "z": 0
      },
      "maxPos": {
        "x": 76.5,
        "y": 74.5,
        "z": 0
      }
    },
    "texture": "499f1b17-685f-4d92-8f44-1aa47ac06077@6c48a",
    "packable": true,
    "pixelsToUnit": 100,
    "pivot": {
      "x": 0.5,
      "y": 0.5
    },
    "meshType": 0
  }
}