{
  "__type__": "cc.SpriteFrame",
  "content": {
    "name": "tu01-stand_14",
    "atlas": "",
    "rect": {
      "x": 32,
      "y": 64,
      "width": 152,
      "height": 149
    },
    "offset": {
      "x": -2,
      "y": -28.5
    },
    "originalSize": {
      "width": 220,
      "height": 220
    },
    "rotated": false,
    "capInsets": [
      0,
      0,
      0,
      0
    ],
    "vertices": {
      "rawPosition": [
        -76,
        -74.5,
        0,
        76,
        -74.5,
        0,
        -76,
        74.5,
        0,
        76,
        74.5,
        0
      ],
      "indexes": [
        0,
        1,
        2,
        2,
        1,
        3
      ],
      "uv": [
        32,
        156,
        184,
        156,
        32,
        7,
        184,
        7
      ],
      "nuv": [
        0.14545454545454545,
        0.031818181818181815,
        0.8363636363636363,
        0.031818181818181815,
        0.14545454545454545,
        0.7090909090909091,
        0.8363636363636363,
        0.7090909090909091
      ],
      "minPos": {
        "x": -76,
        "y": -74.5,
        "z": 0
      },
      "maxPos": {
        "x": 76,
        "y": 74.5,
        "z": 0
      }
    },
    "texture": "49a900f5-c8ed-40cf-a022-6ff8c9b15de7@6c48a",
    "packable": true,
    "pixelsToUnit": 100,
    "pivot": {
      "x": 0.5,
      "y": 0.5
    },
    "meshType": 0
  }
}