{
  "__type__": "cc.SpriteFrame",
  "content": {
    "name": "move_18",
    "atlas": "",
    "rect": {
      "x": 48,
      "y": 25,
      "width": 46,
      "height": 159
    },
    "offset": {
      "x": 3.5,
      "y": -7
    },
    "originalSize": {
      "width": 135,
      "height": 195
    },
    "rotated": false,
    "capInsets": [
      0,
      0,
      0,
      0
    ],
    "vertices": {
      "rawPosition": [
        -23,
        -79.5,
        0,
        23,
        -79.5,
        0,
        -23,
        79.5,
        0,
        23,
        79.5,
        0
      ],
      "indexes": [
        0,
        1,
        2,
        2,
        1,
        3
      ],
      "uv": [
        48,
        170,
        94,
        170,
        48,
        11,
        94,
        11
      ],
      "nuv": [
        0.35555555555555557,
        0.05641025641025641,
        0.6962962962962963,
        0.05641025641025641,
        0.35555555555555557,
        0.8717948717948718,
        0.6962962962962963,
        0.8717948717948718
      ],
      "minPos": {
        "x": -23,
        "y": -79.5,
        "z": 0
      },
      "maxPos": {
        "x": 23,
        "y": 79.5,
        "z": 0
      }
    },
    "texture": "c05470cd-2c53-449a-a172-5b193cd41079@6c48a",
    "packable": true,
    "pixelsToUnit": 100,
    "pivot": {
      "x": 0.5,
      "y": 0.5
    },
    "meshType": 0
  }
}