{
  "__type__": "cc.SpriteFrame",
  "content": {
    "name": "1_03",
    "atlas": "",
    "rect": {
      "x": 22,
      "y": 22,
      "width": 53,
      "height": 57
    },
    "offset": {
      "x": 0,
      "y": -2
    },
    "originalSize": {
      "width": 97,
      "height": 97
    },
    "rotated": false,
    "capInsets": [
      0,
      0,
      0,
      0
    ],
    "vertices": {
      "rawPosition": [
        -26.5,
        -28.5,
        0,
        26.5,
        -28.5,
        0,
        -26.5,
        28.5,
        0,
        26.5,
        28.5,
        0
      ],
      "indexes": [
        0,
        1,
        2,
        2,
        1,
        3
      ],
      "uv": [
        22,
        75,
        75,
        75,
        22,
        18,
        75,
        18
      ],
      "nuv": [
        0.2268041237113402,
        0.18556701030927836,
        0.7731958762886598,
        0.18556701030927836,
        0.2268041237113402,
        0.7731958762886598,
        0.7731958762886598,
        0.7731958762886598
      ],
      "minPos": {
        "x": -26.5,
        "y": -28.5,
        "z": 0
      },
      "maxPos": {
        "x": 26.5,
        "y": 28.5,
        "z": 0
      }
    },
    "texture": "c0e29b2c-0df8-4c65-8c64-ad7d9c64f1c0@6c48a",
    "packable": true,
    "pixelsToUnit": 100,
    "pivot": {
      "x": 0.5,
      "y": 0.5
    },
    "meshType": 0
  }
}