{
  "__type__": "cc.SpriteFrame",
  "content": {
    "name": "sit_03",
    "atlas": "",
    "rect": {
      "x": 38,
      "y": 37,
      "width": 52,
      "height": 145
    },
    "offset": {
      "x": 4,
      "y": -12
    },
    "originalSize": {
      "width": 120,
      "height": 195
    },
    "rotated": false,
    "capInsets": [
      0,
      0,
      0,
      0
    ],
    "vertices": {
      "rawPosition": [
        -26,
        -72.5,
        0,
        26,
        -72.5,
        0,
        -26,
        72.5,
        0,
        26,
        72.5,
        0
      ],
      "indexes": [
        0,
        1,
        2,
        2,
        1,
        3
      ],
      "uv": [
        38,
        158,
        90,
        158,
        38,
        13,
        90,
        13
      ],
      "nuv": [
        0.31666666666666665,
        0.06666666666666667,
        0.75,
        0.06666666666666667,
        0.31666666666666665,
        0.8102564102564103,
        0.75,
        0.8102564102564103
      ],
      "minPos": {
        "x": -26,
        "y": -72.5,
        "z": 0
      },
      "maxPos": {
        "x": 26,
        "y": 72.5,
        "z": 0
      }
    },
    "texture": "aa9b9957-09fd-4b5b-a71d-f5d99195d044@6c48a",
    "packable": true,
    "pixelsToUnit": 100,
    "pivot": {
      "x": 0.5,
      "y": 0.5
    },
    "meshType": 0
  }
}