{
  "__type__": "cc.SpriteFrame",
  "content": {
    "name": "1_155",
    "atlas": "",
    "rect": {
      "x": 79,
      "y": 125,
      "width": 191,
      "height": 176
    },
    "offset": {
      "x": -13,
      "y": -51
    },
    "originalSize": {
      "width": 375,
      "height": 324
    },
    "rotated": false,
    "capInsets": [
      0,
      0,
      0,
      0
    ],
    "vertices": {
      "rawPosition": [
        -95.5,
        -88,
        0,
        95.5,
        -88,
        0,
        -95.5,
        88,
        0,
        95.5,
        88,
        0
      ],
      "indexes": [
        0,
        1,
        2,
        2,
        1,
        3
      ],
      "uv": [
        79,
        199,
        270,
        199,
        79,
        23,
        270,
        23
      ],
      "nuv": [
        0.21066666666666667,
        0.07098765432098765,
        0.72,
        0.07098765432098765,
        0.21066666666666667,
        0.6141975308641975,
        0.72,
        0.6141975308641975
      ],
      "minPos": {
        "x": -95.5,
        "y": -88,
        "z": 0
      },
      "maxPos": {
        "x": 95.5,
        "y": 88,
        "z": 0
      }
    },
    "texture": "aac4ef7a-0f25-41ca-8a9f-ab9cc3f36dcd@6c48a",
    "packable": true,
    "pixelsToUnit": 100,
    "pivot": {
      "x": 0.5,
      "y": 0.5
    },
    "meshType": 0
  }
}