{
  "__type__": "cc.SpriteFrame",
  "content": {
    "name": "1_51",
    "atlas": "",
    "rect": {
      "x": 20,
      "y": 60,
      "width": 166,
      "height": 111
    },
    "offset": {
      "x": -7,
      "y": -5.5
    },
    "originalSize": {
      "width": 220,
      "height": 220
    },
    "rotated": false,
    "capInsets": [
      0,
      0,
      0,
      0
    ],
    "vertices": {
      "rawPosition": [
        -83,
        -55.5,
        0,
        83,
        -55.5,
        0,
        -83,
        55.5,
        0,
        83,
        55.5,
        0
      ],
      "indexes": [
        0,
        1,
        2,
        2,
        1,
        3
      ],
      "uv": [
        20,
        160,
        186,
        160,
        20,
        49,
        186,
        49
      ],
      "nuv": [
        0.09090909090909091,
        0.22272727272727272,
        0.8454545454545455,
        0.22272727272727272,
        0.09090909090909091,
        0.7272727272727273,
        0.8454545454545455,
        0.7272727272727273
      ],
      "minPos": {
        "x": -83,
        "y": -55.5,
        "z": 0
      },
      "maxPos": {
        "x": 83,
        "y": 55.5,
        "z": 0
      }
    },
    "texture": "aacd6767-ba64-4ac6-99fc-c6970f127939@6c48a",
    "packable": true,
    "pixelsToUnit": 100,
    "pivot": {
      "x": 0.5,
      "y": 0.5
    },
    "meshType": 0
  }
}