{
  "__type__": "cc.SpriteFrame",
  "content": {
    "name": "0019",
    "atlas": "",
    "rect": {
      "x": 21,
      "y": 37,
      "width": 108,
      "height": 65
    },
    "offset": {
      "x": 0,
      "y": 5.5
    },
    "originalSize": {
      "width": 150,
      "height": 150
    },
    "rotated": false,
    "capInsets": [
      0,
      0,
      0,
      0
    ],
    "vertices": {
      "rawPosition": [
        -54,
        -32.5,
        0,
        54,
        -32.5,
        0,
        -54,
        32.5,
        0,
        54,
        32.5,
        0
      ],
      "indexes": [
        0,
        1,
        2,
        2,
        1,
        3
      ],
      "uv": [
        21,
        113,
        129,
        113,
        21,
        48,
        129,
        48
      ],
      "nuv": [
        0.14,
        0.32,
        0.86,
        0.32,
        0.14,
        0.7533333333333333,
        0.86,
        0.7533333333333333
      ],
      "minPos": {
        "x": -54,
        "y": -32.5,
        "z": 0
      },
      "maxPos": {
        "x": 54,
        "y": 32.5,
        "z": 0
      }
    },
    "texture": "9cdfe1ae-711a-406d-8255-1858cea692ce@6c48a",
    "packable": true,
    "pixelsToUnit": 100,
    "pivot": {
      "x": 0.5,
      "y": 0.5
    },
    "meshType": 0
  }
}