{
  "__type__": "cc.SpriteFrame",
  "content": {
    "name": "sit_09",
    "atlas": "",
    "rect": {
      "x": 32,
      "y": 48,
      "width": 61,
      "height": 134
    },
    "offset": {
      "x": 2.5,
      "y": -17.5
    },
    "originalSize": {
      "width": 120,
      "height": 195
    },
    "rotated": false,
    "capInsets": [
      0,
      0,
      0,
      0
    ],
    "vertices": {
      "rawPosition": [
        -30.5,
        -67,
        0,
        30.5,
        -67,
        0,
        -30.5,
        67,
        0,
        30.5,
        67,
        0
      ],
      "indexes": [
        0,
        1,
        2,
        2,
        1,
        3
      ],
      "uv": [
        32,
        147,
        93,
        147,
        32,
        13,
        93,
        13
      ],
      "nuv": [
        0.26666666666666666,
        0.06666666666666667,
        0.775,
        0.06666666666666667,
        0.26666666666666666,
        0.7538461538461538,
        0.775,
        0.7538461538461538
      ],
      "minPos": {
        "x": -30.5,
        "y": -67,
        "z": 0
      },
      "maxPos": {
        "x": 30.5,
        "y": 67,
        "z": 0
      }
    },
    "texture": "63000dc9-809e-4cf4-b637-e249594c524e@6c48a",
    "packable": true,
    "pixelsToUnit": 100,
    "pivot": {
      "x": 0.5,
      "y": 0.5
    },
    "meshType": 0
  }
}