{
  "__type__": "cc.SpriteFrame",
  "content": {
    "name": "1_37",
    "atlas": "",
    "rect": {
      "x": 48,
      "y": 58,
      "width": 128,
      "height": 139
    },
    "offset": {
      "x": 2,
      "y": -17.5
    },
    "originalSize": {
      "width": 220,
      "height": 220
    },
    "rotated": false,
    "capInsets": [
      0,
      0,
      0,
      0
    ],
    "vertices": {
      "rawPosition": [
        -64,
        -69.5,
        0,
        64,
        -69.5,
        0,
        -64,
        69.5,
        0,
        64,
        69.5,
        0
      ],
      "indexes": [
        0,
        1,
        2,
        2,
        1,
        3
      ],
      "uv": [
        48,
        162,
        176,
        162,
        48,
        23,
        176,
        23
      ],
      "nuv": [
        0.21818181818181817,
        0.10454545454545454,
        0.8,
        0.10454545454545454,
        0.21818181818181817,
        0.7363636363636363,
        0.8,
        0.7363636363636363
      ],
      "minPos": {
        "x": -64,
        "y": -69.5,
        "z": 0
      },
      "maxPos": {
        "x": 64,
        "y": 69.5,
        "z": 0
      }
    },
    "texture": "630ed7a2-a701-4b96-84c8-696ef620f7d5@6c48a",
    "packable": true,
    "pixelsToUnit": 100,
    "pivot": {
      "x": 0.5,
      "y": 0.5
    },
    "meshType": 0
  }
}