{
  "__type__": "cc.SpriteFrame",
  "content": {
    "name": "1_12",
    "atlas": "",
    "rect": {
      "x": 47,
      "y": 43,
      "width": 135,
      "height": 162
    },
    "offset": {
      "x": 4.5,
      "y": -14
    },
    "originalSize": {
      "width": 220,
      "height": 220
    },
    "rotated": false,
    "capInsets": [
      0,
      0,
      0,
      0
    ],
    "vertices": {
      "rawPosition": [
        -67.5,
        -81,
        0,
        67.5,
        -81,
        0,
        -67.5,
        81,
        0,
        67.5,
        81,
        0
      ],
      "indexes": [
        0,
        1,
        2,
        2,
        1,
        3
      ],
      "uv": [
        47,
        177,
        182,
        177,
        47,
        15,
        182,
        15
      ],
      "nuv": [
        0.21363636363636362,
        0.06818181818181818,
        0.8272727272727273,
        0.06818181818181818,
        0.21363636363636362,
        0.8045454545454546,
        0.8272727272727273,
        0.8045454545454546
      ],
      "minPos": {
        "x": -67.5,
        "y": -81,
        "z": 0
      },
      "maxPos": {
        "x": 67.5,
        "y": 81,
        "z": 0
      }
    },
    "texture": "635963e4-0443-4e64-8667-b751e387325f@6c48a",
    "packable": true,
    "pixelsToUnit": 100,
    "pivot": {
      "x": 0.5,
      "y": 0.5
    },
    "meshType": 0
  }
}