{
  "__type__": "cc.SpriteFrame",
  "content": {
    "name": "move_21",
    "atlas": "",
    "rect": {
      "x": 49,
      "y": 26,
      "width": 54,
      "height": 160
    },
    "offset": {
      "x": 8.5,
      "y": -8.5
    },
    "originalSize": {
      "width": 135,
      "height": 195
    },
    "rotated": false,
    "capInsets": [
      0,
      0,
      0,
      0
    ],
    "vertices": {
      "rawPosition": [
        -27,
        -80,
        0,
        27,
        -80,
        0,
        -27,
        80,
        0,
        27,
        80,
        0
      ],
      "indexes": [
        0,
        1,
        2,
        2,
        1,
        3
      ],
      "uv": [
        49,
        169,
        103,
        169,
        49,
        9,
        103,
        9
      ],
      "nuv": [
        0.362962962962963,
        0.046153846153846156,
        0.762962962962963,
        0.046153846153846156,
        0.362962962962963,
        0.8666666666666667,
        0.762962962962963,
        0.8666666666666667
      ],
      "minPos": {
        "x": -27,
        "y": -80,
        "z": 0
      },
      "maxPos": {
        "x": 27,
        "y": 80,
        "z": 0
      }
    },
    "texture": "637f926e-3842-49c1-b26c-c5354b34c6e2@6c48a",
    "packable": true,
    "pixelsToUnit": 100,
    "pivot": {
      "x": 0.5,
      "y": 0.5
    },
    "meshType": 0
  }
}