{
  "__type__": "cc.SpriteFrame",
  "content": {
    "name": "tu01-stand1_71",
    "atlas": "",
    "rect": {
      "x": 37,
      "y": 67,
      "width": 133,
      "height": 146
    },
    "offset": {
      "x": -6.5,
      "y": -30
    },
    "originalSize": {
      "width": 220,
      "height": 220
    },
    "rotated": false,
    "capInsets": [
      0,
      0,
      0,
      0
    ],
    "vertices": {
      "rawPosition": [
        -66.5,
        -73,
        0,
        66.5,
        -73,
        0,
        -66.5,
        73,
        0,
        66.5,
        73,
        0
      ],
      "indexes": [
        0,
        1,
        2,
        2,
        1,
        3
      ],
      "uv": [
        37,
        153,
        170,
        153,
        37,
        7,
        170,
        7
      ],
      "nuv": [
        0.16818181818181818,
        0.031818181818181815,
        0.7727272727272727,
        0.031818181818181815,
        0.16818181818181818,
        0.6954545454545454,
        0.7727272727272727,
        0.6954545454545454
      ],
      "minPos": {
        "x": -66.5,
        "y": -73,
        "z": 0
      },
      "maxPos": {
        "x": 66.5,
        "y": 73,
        "z": 0
      }
    },
    "texture": "63a8a72c-28bc-4dd8-8c5b-60802270946f@6c48a",
    "packable": true,
    "pixelsToUnit": 100,
    "pivot": {
      "x": 0.5,
      "y": 0.5
    },
    "meshType": 0
  }
}