{
  "__type__": "cc.SpriteFrame",
  "content": {
    "name": "1_36",
    "atlas": "",
    "rect": {
      "x": 36,
      "y": 46,
      "width": 142,
      "height": 160
    },
    "offset": {
      "x": -3,
      "y": -16
    },
    "originalSize": {
      "width": 220,
      "height": 220
    },
    "rotated": false,
    "capInsets": [
      0,
      0,
      0,
      0
    ],
    "vertices": {
      "rawPosition": [
        -71,
        -80,
        0,
        71,
        -80,
        0,
        -71,
        80,
        0,
        71,
        80,
        0
      ],
      "indexes": [
        0,
        1,
        2,
        2,
        1,
        3
      ],
      "uv": [
        36,
        174,
        178,
        174,
        36,
        14,
        178,
        14
      ],
      "nuv": [
        0.16363636363636364,
        0.06363636363636363,
        0.8090909090909091,
        0.06363636363636363,
        0.16363636363636364,
        0.7909090909090909,
        0.8090909090909091,
        0.7909090909090909
      ],
      "minPos": {
        "x": -71,
        "y": -80,
        "z": 0
      },
      "maxPos": {
        "x": 71,
        "y": 80,
        "z": 0
      }
    },
    "texture": "63beb7ec-7626-4b01-b8fa-c243670a2ab3@6c48a",
    "packable": true,
    "pixelsToUnit": 100,
    "pivot": {
      "x": 0.5,
      "y": 0.5
    },
    "meshType": 0
  }
}