{
  "__type__": "cc.SpriteFrame",
  "content": {
    "name": "1_060",
    "atlas": "",
    "rect": {
      "x": 79,
      "y": 126,
      "width": 194,
      "height": 159
    },
    "offset": {
      "x": -11.5,
      "y": -43.5
    },
    "originalSize": {
      "width": 375,
      "height": 324
    },
    "rotated": false,
    "capInsets": [
      0,
      0,
      0,
      0
    ],
    "vertices": {
      "rawPosition": [
        -97,
        -79.5,
        0,
        97,
        -79.5,
        0,
        -97,
        79.5,
        0,
        97,
        79.5,
        0
      ],
      "indexes": [
        0,
        1,
        2,
        2,
        1,
        3
      ],
      "uv": [
        79,
        198,
        273,
        198,
        79,
        39,
        273,
        39
      ],
      "nuv": [
        0.21066666666666667,
        0.12037037037037036,
        0.728,
        0.12037037037037036,
        0.21066666666666667,
        0.6111111111111112,
        0.728,
        0.6111111111111112
      ],
      "minPos": {
        "x": -97,
        "y": -79.5,
        "z": 0
      },
      "maxPos": {
        "x": 97,
        "y": 79.5,
        "z": 0
      }
    },
    "texture": "5545756d-62d1-44c4-ac9c-0db82c7e6e23@6c48a",
    "packable": true,
    "pixelsToUnit": 100,
    "pivot": {
      "x": 0.5,
      "y": 0.5
    },
    "meshType": 0
  }
}