{
  "__type__": "cc.SpriteFrame",
  "content": {
    "name": "tu01-stand_74",
    "atlas": "",
    "rect": {
      "x": 28,
      "y": 65,
      "width": 154,
      "height": 148
    },
    "offset": {
      "x": -5,
      "y": -29
    },
    "originalSize": {
      "width": 220,
      "height": 220
    },
    "rotated": false,
    "capInsets": [
      0,
      0,
      0,
      0
    ],
    "vertices": {
      "rawPosition": [
        -77,
        -74,
        0,
        77,
        -74,
        0,
        -77,
        74,
        0,
        77,
        74,
        0
      ],
      "indexes": [
        0,
        1,
        2,
        2,
        1,
        3
      ],
      "uv": [
        28,
        155,
        182,
        155,
        28,
        7,
        182,
        7
      ],
      "nuv": [
        0.12727272727272726,
        0.031818181818181815,
        0.8272727272727273,
        0.031818181818181815,
        0.12727272727272726,
        0.7045454545454546,
        0.8272727272727273,
        0.7045454545454546
      ],
      "minPos": {
        "x": -77,
        "y": -74,
        "z": 0
      },
      "maxPos": {
        "x": 77,
        "y": 74,
        "z": 0
      }
    },
    "texture": "5565d73f-b649-45b0-9f26-81af16fdaf56@6c48a",
    "packable": true,
    "pixelsToUnit": 100,
    "pivot": {
      "x": 0.5,
      "y": 0.5
    },
    "meshType": 0
  }
}