{
  "__type__": "cc.SpriteFrame",
  "content": {
    "name": "sit_07",
    "atlas": "",
    "rect": {
      "x": 34,
      "y": 42,
      "width": 51,
      "height": 140
    },
    "offset": {
      "x": -0.5,
      "y": -14.5
    },
    "originalSize": {
      "width": 120,
      "height": 195
    },
    "rotated": false,
    "capInsets": [
      0,
      0,
      0,
      0
    ],
    "vertices": {
      "rawPosition": [
        -25.5,
        -70,
        0,
        25.5,
        -70,
        0,
        -25.5,
        70,
        0,
        25.5,
        70,
        0
      ],
      "indexes": [
        0,
        1,
        2,
        2,
        1,
        3
      ],
      "uv": [
        34,
        153,
        85,
        153,
        34,
        13,
        85,
        13
      ],
      "nuv": [
        0.2833333333333333,
        0.06666666666666667,
        0.7083333333333334,
        0.06666666666666667,
        0.2833333333333333,
        0.7846153846153846,
        0.7083333333333334,
        0.7846153846153846
      ],
      "minPos": {
        "x": -25.5,
        "y": -70,
        "z": 0
      },
      "maxPos": {
        "x": 25.5,
        "y": 70,
        "z": 0
      }
    },
    "texture": "55f24614-2ee1-4996-8549-6ee43d5db076@6c48a",
    "packable": true,
    "pixelsToUnit": 100,
    "pivot": {
      "x": 0.5,
      "y": 0.5
    },
    "meshType": 0
  }
}