{
  "__version__": "1.0.0",
  "builder": {},
  "gizmos-infos": {
    "is2D": false,
    "is3DIcon": false,
    "iconSize": 2,
    "gridVisible": true,
    "gridColor": [
      166,
      166,
      166,
      255
    ],
    "transformToolName": "position",
    "pivot": "pivot",
    "coordinate": "local",
    "toolsVisibility3d": true
  },
  "snap-configs": {
    "position": {
      "x": 1,
      "y": 1,
      "z": 1
    },
    "rotation": 1,
    "scale": 1,
    "isPositionSnapEnabled": false,
    "isRotationSnapEnabled": false,
    "isScaleSnapEnabled": false
  },
  "rect-snap-configs": {
    "enableSnapping": true,
    "snapThreshold": 4
  },
  "camera-infos": {
    "758000e5-90f5-4a4a-bb1a-cf053890fd81": {
      "position": {
        "x": 5069.66539345515,
        "y": 5069.665393455149,
        "z": 5069.665393455147
      },
      "rotation": {
        "x": -0.27984814233312133,
        "y": 0.3647051996310009,
        "z": 0.11591689595929512,
        "w": 0.8804762392171493
      },
      "viewCenter": {
        "x": 0,
        "y": 0,
        "z": 0
      },
      "contentRect": {
        "x": 0,
        "y": 0,
        "width": 531,
        "height": 414
      },
      "scale": 1
    },
    "0c027b7c-a6a6-4d36-98f4-cbaaefc3cead": {
      "position": {
        "x": 4291.223537287948,
        "y": 4291.223537287947,
        "z": 4291.223537287946
      },
      "rotation": {
        "x": -0.27984814233312133,
        "y": 0.3647051996310009,
        "z": 0.11591689595929512,
        "w": 0.8804762392171493
      },
      "viewCenter": {
        "x": 0,
        "y": 0,
        "z": 0
      },
      "contentRect": {
        "x": 0,
        "y": 0,
        "width": 654,
        "height": 535
      },
      "scale": 1
    },
    "4bca9bab-4cc2-412e-a15b-1d328078fe56": {
      "position": {
        "x": 2121.130902224471,
        "y": 2121.1309022244704,
        "z": 2121.13090222447
      },
      "rotation": {
        "x": -0.27984814233312133,
        "y": 0.3647051996310009,
        "z": 0.11591689595929512,
        "w": 0.8804762392171493
      },
      "viewCenter": {
        "x": 0,
        "y": 0,
        "z": 0
      },
      "contentRect": {
        "x": 0,
        "y": 0,
        "width": 1500,
        "height": 1000
      },
      "scale": 1
    },
    "5daf13ff-2b36-4c9e-989e-1f77e160f1e9": {
      "position": {
        "x": 2792.528452869414,
        "y": 2792.5284528694137,
        "z": 2792.5284528694133
      },
      "rotation": {
        "x": -0.27984814233312133,
        "y": 0.3647051996310009,
        "z": 0.11591689595929512,
        "w": 0.8804762392171493
      },
      "viewCenter": {
        "x": 0,
        "y": 0,
        "z": 0
      },
      "contentRect": {
        "x": 0,
        "y": 0,
        "width": 686,
        "height": 670
      },
      "scale": 1
    },
    "c9635ab8-4dbf-41de-a064-c96f03ab961b": {
      "position": {
        "x": 1663.0079254863083,
        "y": 1663.007925486308,
        "z": 1663.0079254863078
      },
      "rotation": {
        "x": -0.27984814233312133,
        "y": 0.3647051996310009,
        "z": 0.11591689595929512,
        "w": 0.8804762392171493
      },
      "viewCenter": {
        "x": 0,
        "y": 0,
        "z": 0
      },
      "contentRect": {
        "x": 0,
        "y": 0,
        "width": 640,
        "height": 960
      },
      "scale": 1
    },
    "506188c0-f0d0-44bf-a847-5cd9a28375da": {
      "position": {
        "x": 4291.223537287948,
        "y": 4291.223537287947,
        "z": 4291.223537287946
      },
      "rotation": {
        "x": -0.2798481423331214,
        "y": 0.364705199631001,
        "z": 0.11591689595929515,
        "w": 0.8804762392171492
      },
      "viewCenter": {
        "x": 0,
        "y": 0,
        "z": 0
      },
      "contentRect": {
        "x": 0,
        "y": 0,
        "width": 654,
        "height": 535
      },
      "scale": 1
    },
    "d0cdd600-921e-4695-b243-4a0338e018f7": {
      "position": {
        "x": 2993.226326951775,
        "y": 2993.226326951774,
        "z": 2993.2263269517734
      },
      "rotation": {
        "x": -0.27984814233312133,
        "y": 0.3647051996310009,
        "z": 0.11591689595929512,
        "w": 0.8804762392171493
      },
      "viewCenter": {
        "x": 0,
        "y": 0,
        "z": 0
      },
      "contentRect": {
        "x": 0,
        "y": 0,
        "width": 686,
        "height": 767
      },
      "scale": 1
    },
    "4b83af96-0964-468f-850f-ccabbd37b0ef": {
      "position": {
        "x": 2225.935116553902,
        "y": 2225.9351165539015,
        "z": 2225.935116553901
      },
      "rotation": {
        "x": -0.27984814233312133,
        "y": 0.3647051996310009,
        "z": 0.11591689595929512,
        "w": 0.8804762392171493
      },
      "viewCenter": {
        "x": 0,
        "y": 0,
        "z": 0
      },
      "contentRect": {
        "x": 0,
        "y": 0,
        "width": 1500,
        "height": 1000
      },
      "scale": 1
    },
    "d4618b8b-5ae1-4e07-86ce-9e9c12cde494": {
      "position": {
        "x": 1537.221708103355,
        "y": 1537.2217081033548,
        "z": 1537.2217081033543
      },
      "rotation": {
        "x": -0.27984814233312133,
        "y": 0.3647051996310009,
        "z": 0.11591689595929512,
        "w": 0.8804762392171493
      },
      "viewCenter": {
        "x": 0,
        "y": 0,
        "z": 0
      },
      "contentRect": {
        "x": 0,
        "y": 0,
        "width": 1500,
        "height": 1000
      },
      "scale": 1
    },
    "af0c899f-e218-450f-bc9a-d5f2fd5ca8ef": {
      "position": {
        "x": 1311.788457840096,
        "y": 1311.7884578400958,
        "z": 1311.7884578400956
      },
      "rotation": {
        "x": -0.27984814233312133,
        "y": 0.3647051996310009,
        "z": 0.11591689595929512,
        "w": 0.8804762392171493
      },
      "viewCenter": {
        "x": 0,
        "y": 0,
        "z": 0
      },
      "contentRect": {
        "x": 0,
        "y": 0,
        "width": 640,
        "height": 960
      },
      "scale": 1
    },
    "8353e225-7c82-4149-8168-def06b75123e": {
      "position": {
        "x": 2993.226326951775,
        "y": 2993.226326951774,
        "z": 2993.2263269517734
      },
      "rotation": {
        "x": -0.27984814233312133,
        "y": 0.36470519963100073,
        "z": 0.1159168959592951,
        "w": 0.8804762392171493
      },
      "viewCenter": {
        "x": 0,
        "y": 0,
        "z": 0
      },
      "contentRect": {
        "x": 0,
        "y": 0,
        "width": 686,
        "height": 767
      },
      "scale": 1
    },
    "da0ea2b1-752b-4da0-9546-7d0c76d20a3c": {
      "position": {
        "x": 2993.226326951775,
        "y": 2993.226326951774,
        "z": 2993.2263269517734
      },
      "rotation": {
        "x": -0.27984814233312133,
        "y": 0.3647051996310009,
        "z": 0.11591689595929512,
        "w": 0.8804762392171493
      },
      "viewCenter": {
        "x": 0,
        "y": 0,
        "z": 0
      },
      "contentRect": {
        "x": 0,
        "y": 0,
        "width": 686,
        "height": 767
      },
      "scale": 1
    },
    "4ea410c2-f9b1-485e-a53b-cb4a7bad7af9": {
      "position": {
        "x": 3990.9684359356993,
        "y": 3990.9684359356984,
        "z": 3990.9684359356975
      },
      "rotation": {
        "x": -0.27984814233312133,
        "y": 0.3647051996310009,
        "z": 0.11591689595929512,
        "w": 0.8804762392171493
      },
      "viewCenter": {
        "x": 0,
        "y": 0,
        "z": 0
      },
      "contentRect": {
        "x": 0,
        "y": 0,
        "width": 686,
        "height": 767
      },
      "scale": 1
    },
    "3b71aea1-6ef2-4067-8586-8eb64ebdfd9b": {
      "position": {
        "x": 3990.9684359356993,
        "y": 3990.9684359356984,
        "z": 3990.9684359356975
      },
      "rotation": {
        "x": -0.27984814233312133,