{
  "__type__": "cc.SpriteFrame",
  "content": {
    "name": "move_00",
    "atlas": "",
    "rect": {
      "x": 33,
      "y": 32,
      "width": 67,
      "height": 150
    },
    "offset": {
      "x": 6.5,
      "y": -9.5
    },
    "originalSize": {
      "width": 120,
      "height": 195
    },
    "rotated": false,
    "capInsets": [
      0,
      0,
      0,
      0
    ],
    "vertices": {
      "rawPosition": [
        -33.5,
        -75,
        0,
        33.5,
        -75,
        0,
        -33.5,
        75,
        0,
        33.5,
        75,
        0
      ],
      "indexes": [
        0,
        1,
        2,
        2,
        1,
        3
      ],
      "uv": [
        33,
        163,
        100,
        163,
        33,
        13,
        100,
        13
      ],
      "nuv": [
        0.275,
        0.06666666666666667,
        0.8333333333333334,
        0.06666666666666667,
        0.275,
        0.8358974358974359,
        0.8333333333333334,
        0.8358974358974359
      ],
      "minPos": {
        "x": -33.5,
        "y": -75,
        "z": 0
      },
      "maxPos": {
        "x": 33.5,
        "y": 75,
        "z": 0
      }
    },
    "texture": "eb588ebf-7cf1-46ff-b79b-afe843709c8e@6c48a",
    "packable": true,
    "pixelsToUnit": 100,
    "pivot": {
      "x": 0.5,
      "y": 0.5
    },
    "meshType": 0
  }
}