{
  "__type__": "cc.SpriteFrame",
  "content": {
    "name": "1_21",
    "atlas": "",
    "rect": {
      "x": 36,
      "y": 55,
      "width": 131,
      "height": 141
    },
    "offset": {
      "x": -8.5,
      "y": -15.5
    },
    "originalSize": {
      "width": 220,
      "height": 220
    },
    "rotated": false,
    "capInsets": [
      0,
      0,
      0,
      0
    ],
    "vertices": {
      "rawPosition": [
        -65.5,
        -70.5,
        0,
        65.5,
        -70.5,
        0,
        -65.5,
        70.5,
        0,
        65.5,
        70.5,
        0
      ],
      "indexes": [
        0,
        1,
        2,
        2,
        1,
        3
      ],
      "uv": [
        36,
        165,
        167,
        165,
        36,
        24,
        167,
        24
      ],
      "nuv": [
        0.16363636363636364,
        0.10909090909090909,
        0.759090909090909,
        0.10909090909090909,
        0.16363636363636364,
        0.75,
        0.759090909090909,
        0.75
      ],
      "minPos": {
        "x": -65.5,
        "y": -70.5,
        "z": 0
      },
      "maxPos": {
        "x": 65.5,
        "y": 70.5,
        "z": 0
      }
    },
    "texture": "ebcfc1e5-e77b-47e3-bc6a-5c4d5150af11@6c48a",
    "packable": true,
    "pixelsToUnit": 100,
    "pivot": {
      "x": 0.5,
      "y": 0.5
    },
    "meshType": 0
  }
}