{
  "__type__": "cc.SpriteFrame",
  "content": {
    "name": "1_07",
    "atlas": "",
    "rect": {
      "x": 32,
      "y": 46,
      "width": 158,
      "height": 160
    },
    "offset": {
      "x": 1,
      "y": -16
    },
    "originalSize": {
      "width": 220,
      "height": 220
    },
    "rotated": false,
    "capInsets": [
      0,
      0,
      0,
      0
    ],
    "vertices": {
      "rawPosition": [
        -79,
        -80,
        0,
        79,
        -80,
        0,
        -79,
        80,
        0,
        79,
        80,
        0
      ],
      "indexes": [
        0,
        1,
        2,
        2,
        1,
        3
      ],
      "uv": [
        32,
        174,
        190,
        174,
        32,
        14,
        190,
        14
      ],
      "nuv": [
        0.14545454545454545,
        0.06363636363636363,
        0.8636363636363636,
        0.06363636363636363,
        0.14545454545454545,
        0.7909090909090909,
        0.8636363636363636,
        0.7909090909090909
      ],
      "minPos": {
        "x": -79,
        "y": -80,
        "z": 0
      },
      "maxPos": {
        "x": 79,
        "y": 80,
        "z": 0
      }
    },
    "texture": "ebe68ff0-2e8c-4602-a013-44311be50634@6c48a",
    "packable": true,
    "pixelsToUnit": 100,
    "pivot": {
      "x": 0.5,
      "y": 0.5
    },
    "meshType": 0
  }
}