{
  "__type__": "cc.SpriteFrame",
  "content": {
    "name": "sit_idle_24",
    "atlas": "",
    "rect": {
      "x": 29,
      "y": 47,
      "width": 65,
      "height": 135
    },
    "offset": {
      "x": 1.5,
      "y": -17
    },
    "originalSize": {
      "width": 120,
      "height": 195
    },
    "rotated": false,
    "capInsets": [
      0,
      0,
      0,
      0
    ],
    "vertices": {
      "rawPosition": [
        -32.5,
        -67.5,
        0,
        32.5,
        -67.5,
        0,
        -32.5,
        67.5,
        0,
        32.5,
        67.5,
        0
      ],
      "indexes": [
        0,
        1,
        2,
        2,
        1,
        3
      ],
      "uv": [
        29,
        148,
        94,
        148,
        29,
        13,
        94,
        13
      ],
      "nuv": [
        0.24166666666666667,
        0.06666666666666667,
        0.7833333333333333,
        0.06666666666666667,
        0.24166666666666667,
        0.7589743589743589,
        0.7833333333333333,
        0.7589743589743589
      ],
      "minPos": {
        "x": -32.5,
        "y": -67.5,
        "z": 0
      },
      "maxPos": {
        "x": 32.5,
        "y": 67.5,
        "z": 0
      }
    },
    "texture": "ebf39635-11f6-4fdb-befd-306e4440d747@6c48a",
    "packable": true,
    "pixelsToUnit": 100,
    "pivot": {
      "x": 0.5,
      "y": 0.5
    },
    "meshType": 0
  }
}