{
  "__type__": "cc.SpriteFrame",
  "content": {
    "name": "1_39",
    "atlas": "",
    "rect": {
      "x": 38,
      "y": 47,
      "width": 140,
      "height": 154
    },
    "offset": {
      "x": -2,
      "y": -14
    },
    "originalSize": {
      "width": 220,
      "height": 220
    },
    "rotated": false,
    "capInsets": [
      0,
      0,
      0,
      0
    ],
    "vertices": {
      "rawPosition": [
        -70,
        -77,
        0,
        70,
        -77,
        0,
        -70,
        77,
        0,
        70,
        77,
        0
      ],
      "indexes": [
        0,
        1,
        2,
        2,
        1,
        3
      ],
      "uv": [
        38,
        173,
        178,
        173,
        38,
        19,
        178,
        19
      ],
      "nuv": [
        0.17272727272727273,
        0.08636363636363636,
        0.8090909090909091,
        0.08636363636363636,
        0.17272727272727273,
        0.7863636363636364,
        0.8090909090909091,
        0.7863636363636364
      ],
      "minPos": {
        "x": -70,
        "y": -77,
        "z": 0
      },
      "maxPos": {
        "x": 70,
        "y": 77,
        "z": 0
      }
    },
    "texture": "2d0d3efc-9307-4459-99ef-c235d0b9a1f1@6c48a",
    "packable": true,
    "pixelsToUnit": 100,
    "pivot": {
      "x": 0.5,
      "y": 0.5
    },
    "meshType": 0
  }
}