{
  "__type__": "cc.SpriteFrame",
  "content": {
    "name": "tu01-stand1_62",
    "atlas": "",
    "rect": {
      "x": 31,
      "y": 64,
      "width": 140,
      "height": 149
    },
    "offset": {
      "x": -9,
      "y": -28.5
    },
    "originalSize": {
      "width": 220,
      "height": 220
    },
    "rotated": false,
    "capInsets": [
      0,
      0,
      0,
      0
    ],
    "vertices": {
      "rawPosition": [
        -70,
        -74.5,
        0,
        70,
        -74.5,
        0,
        -70,
        74.5,
        0,
        70,
        74.5,
        0
      ],
      "indexes": [
        0,
        1,
        2,
        2,
        1,
        3
      ],
      "uv": [
        31,
        156,
        171,
        156,
        31,
        7,
        171,
        7
      ],
      "nuv": [
        0.1409090909090909,
        0.031818181818181815,
        0.7772727272727272,
        0.031818181818181815,
        0.1409090909090909,
        0.7090909090909091,
        0.7772727272727272,
        0.7090909090909091
      ],
      "minPos": {
        "x": -70,
        "y": -74.5,
        "z": 0
      },
      "maxPos": {
        "x": 70,
        "y": 74.5,
        "z": 0
      }
    },
    "texture": "2d45d81f-c28b-440b-b1df-125b57578343@6c48a",
    "packable": true,
    "pixelsToUnit": 100,
    "pivot": {
      "x": 0.5,
      "y": 0.5
    },
    "meshType": 0
  }
}