{
  "__type__": "cc.SpriteFrame",
  "content": {
    "name": "1_02",
    "atlas": "",
    "rect": {
      "x": 33,
      "y": 48,
      "width": 138,
      "height": 154
    },
    "offset": {
      "x": -8,
      "y": -15
    },
    "originalSize": {
      "width": 220,
      "height": 220
    },
    "rotated": false,
    "capInsets": [
      0,
      0,
      0,
      0
    ],
    "vertices": {
      "rawPosition": [
        -69,
        -77,
        0,
        69,
        -77,
        0,
        -69,
        77,
        0,
        69,
        77,
        0
      ],
      "indexes": [
        0,
        1,
        2,
        2,
        1,
        3
      ],
      "uv": [
        33,
        172,
        171,
        172,
        33,
        18,
        171,
        18
      ],
      "nuv": [
        0.15,
        0.08181818181818182,
        0.7772727272727272,
        0.08181818181818182,
        0.15,
        0.7818181818181819,
        0.7772727272727272,
        0.7818181818181819
      ],
      "minPos": {
        "x": -69,
        "y": -77,
        "z": 0
      },
      "maxPos": {
        "x": 69,
        "y": 77,
        "z": 0
      }
    },
    "texture": "2dc70d7d-cd72-453d-a561-7dc7ae805f86@6c48a",
    "packable": true,
    "pixelsToUnit": 100,
    "pivot": {
      "x": 0.5,
      "y": 0.5
    },
    "meshType": 0
  }
}