{
  "__type__": "cc.SpriteFrame",
  "content": {
    "name": "1_09",
    "atlas": "",
    "rect": {
      "x": 7,
      "y": 6,
      "width": 205,
      "height": 206
    },
    "offset": {
      "x": -0.5,
      "y": 1
    },
    "originalSize": {
      "width": 220,
      "height": 220
    },
    "rotated": false,
    "capInsets": [
      0,
      0,
      0,
      0
    ],
    "vertices": {
      "rawPosition": [
        -102.5,
        -103,
        0,
        102.5,
        -103,
        0,
        -102.5,
        103,
        0,
        102.5,
        103,
        0
      ],
      "indexes": [
        0,
        1,
        2,
        2,
        1,
        3
      ],
      "uv": [
        7,
        214,
        212,
        214,
        7,
        8,
        212,
        8
      ],
      "nuv": [
        0.031818181818181815,
        0.03636363636363636,
        0.9636363636363636,
        0.03636363636363636,
        0.031818181818181815,
        0.9727272727272728,
        0.9636363636363636,
        0.9727272727272728
      ],
      "minPos": {
        "x": -102.5,
        "y": -103,
        "z": 0
      },
      "maxPos": {
        "x": 102.5,
        "y": 103,
        "z": 0
      }
    },
    "texture": "2de0fa5f-6e9c-48aa-a5d7-b61366f00300@6c48a",
    "packable": true,
    "pixelsToUnit": 100,
    "pivot": {
      "x": 0.5,
      "y": 0.5
    },
    "meshType": 0
  }
}