{
  "__type__": "cc.SpriteFrame",
  "content": {
    "name": "1_00",
    "atlas": "",
    "rect": {
      "x": 22,
      "y": 22,
      "width": 57,
      "height": 53
    },
    "offset": {
      "x": 2,
      "y": 0
    },
    "originalSize": {
      "width": 97,
      "height": 97
    },
    "rotated": false,
    "capInsets": [
      0,
      0,
      0,
      0
    ],
    "vertices": {
      "rawPosition": [
        -28.5,
        -26.5,
        0,
        28.5,
        -26.5,
        0,
        -28.5,
        26.5,
        0,
        28.5,
        26.5,
        0
      ],
      "indexes": [
        0,
        1,
        2,
        2,
        1,
        3
      ],
      "uv": [
        22,
        75,
        79,
        75,
        22,
        22,
        79,
        22
      ],
      "nuv": [
        0.2268041237113402,
        0.2268041237113402,
        0.8144329896907216,
        0.2268041237113402,
        0.2268041237113402,
        0.7731958762886598,
        0.8144329896907216,
        0.7731958762886598
      ],
      "minPos": {
        "x": -28.5,
        "y": -26.5,
        "z": 0
      },
      "maxPos": {
        "x": 28.5,
        "y": 26.5,
        "z": 0
      }
    },
    "texture": "2de273f7-7c06-4e62-9fbf-2b6acc10f2d3@6c48a",
    "packable": true,
    "pixelsToUnit": 100,
    "pivot": {
      "x": 0.5,
      "y": 0.5
    },
    "meshType": 0
  }
}