{
  "__type__": "cc.SpriteFrame",
  "content": {
    "name": "1_27",
    "atlas": "",
    "rect": {
      "x": 21,
      "y": 35,
      "width": 138,
      "height": 166
    },
    "offset": {
      "x": -20,
      "y": -8
    },
    "originalSize": {
      "width": 220,
      "height": 220
    },
    "rotated": false,
    "capInsets": [
      0,
      0,
      0,
      0
    ],
    "vertices": {
      "rawPosition": [
        -69,
        -83,
        0,
        69,
        -83,
        0,
        -69,
        83,
        0,
        69,
        83,
        0
      ],
      "indexes": [
        0,
        1,
        2,
        2,
        1,
        3
      ],
      "uv": [
        21,
        185,
        159,
        185,
        21,
        19,
        159,
        19
      ],
      "nuv": [
        0.09545454545454546,
        0.08636363636363636,
        0.7227272727272728,
        0.08636363636363636,
        0.09545454545454546,
        0.8409090909090909,
        0.7227272727272728,
        0.8409090909090909
      ],
      "minPos": {
        "x": -69,
        "y": -83,
        "z": 0
      },
      "maxPos": {
        "x": 69,
        "y": 83,
        "z": 0
      }
    },
    "texture": "7c454337-e944-4d90-8083-dbe335041136@6c48a",
    "packable": true,
    "pixelsToUnit": 100,
    "pivot": {
      "x": 0.5,
      "y": 0.5
    },
    "meshType": 0
  }
}