{
  "__type__": "cc.SpriteFrame",
  "content": {
    "name": "sit_00",
    "atlas": "",
    "rect": {
      "x": 43,
      "y": 25,
      "width": 54,
      "height": 160
    },
    "offset": {
      "x": 2.5,
      "y": -7.5
    },
    "originalSize": {
      "width": 135,
      "height": 195
    },
    "rotated": false,
    "capInsets": [
      0,
      0,
      0,
      0
    ],
    "vertices": {
      "rawPosition": [
        -27,
        -80,
        0,
        27,
        -80,
        0,
        -27,
        80,
        0,
        27,
        80,
        0
      ],
      "indexes": [
        0,
        1,
        2,
        2,
        1,
        3
      ],
      "uv": [
        43,
        170,
        97,
        170,
        43,
        10,
        97,
        10
      ],
      "nuv": [
        0.31851851851851853,
        0.05128205128205128,
        0.7185185185185186,
        0.05128205128205128,
        0.31851851851851853,
        0.8717948717948718,
        0.7185185185185186,
        0.8717948717948718
      ],
      "minPos": {
        "x": -27,
        "y": -80,
        "z": 0
      },
      "maxPos": {
        "x": 27,
        "y": 80,
        "z": 0
      }
    },
    "texture": "7c56e403-25ef-41d2-97d8-eef835e5f06a@6c48a",
    "packable": true,
    "pixelsToUnit": 100,
    "pivot": {
      "x": 0.5,
      "y": 0.5
    },
    "meshType": 0
  }
}