{
  "__type__": "cc.SpriteFrame",
  "content": {
    "name": "1_38",
    "atlas": "",
    "rect": {
      "x": 20,
      "y": 23,
      "width": 165,
      "height": 146
    },
    "offset": {
      "x": -7.5,
      "y": 14
    },
    "originalSize": {
      "width": 220,
      "height": 220
    },
    "rotated": false,
    "capInsets": [
      0,
      0,
      0,
      0
    ],
    "vertices": {
      "rawPosition": [
        -82.5,
        -73,
        0,
        82.5,
        -73,
        0,
        -82.5,
        73,
        0,
        82.5,
        73,
        0
      ],
      "indexes": [
        0,
        1,
        2,
        2,
        1,
        3
      ],
      "uv": [
        20,
        197,
        185,
        197,
        20,
        51,
        185,
        51
      ],
      "nuv": [
        0.09090909090909091,
        0.2318181818181818,
        0.8409090909090909,
        0.2318181818181818,
        0.09090909090909091,
        0.8954545454545455,
        0.8409090909090909,
        0.8954545454545455
      ],
      "minPos": {
        "x": -82.5,
        "y": -73,
        "z": 0
      },
      "maxPos": {
        "x": 82.5,
        "y": 73,
        "z": 0
      }
    },
    "texture": "7c5a9e72-2f99-420e-b4ba-87e49450929d@6c48a",
    "packable": true,
    "pixelsToUnit": 100,
    "pivot": {
      "x": 0.5,
      "y": 0.5
    },
    "meshType": 0
  }
}