{
  "__type__": "cc.SpriteFrame",
  "content": {
    "name": "1_38",
    "atlas": "",
    "rect": {
      "x": 18,
      "y": 23,
      "width": 187,
      "height": 173
    },
    "offset": {
      "x": 1.5,
      "y": 0.5
    },
    "originalSize": {
      "width": 220,
      "height": 220
    },
    "rotated": false,
    "capInsets": [
      0,
      0,
      0,
      0
    ],
    "vertices": {
      "rawPosition": [
        -93.5,
        -86.5,
        0,
        93.5,
        -86.5,
        0,
        -93.5,
        86.5,
        0,
        93.5,
        86.5,
        0
      ],
      "indexes": [
        0,
        1,
        2,
        2,
        1,
        3
      ],
      "uv": [
        18,
        197,
        205,
        197,
        18,
        24,
        205,
        24
      ],
      "nuv": [
        0.08181818181818182,
        0.10909090909090909,
        0.9318181818181818,
        0.10909090909090909,
        0.08181818181818182,
        0.8954545454545455,
        0.9318181818181818,
        0.8954545454545455
      ],
      "minPos": {
        "x": -93.5,
        "y": -86.5,
        "z": 0
      },
      "maxPos": {
        "x": 93.5,
        "y": 86.5,
        "z": 0
      }
    },
    "texture": "7ca5a8aa-e85e-4809-b5b9-b619341cc764@6c48a",
    "packable": true,
    "pixelsToUnit": 100,
    "pivot": {
      "x": 0.5,
      "y": 0.5
    },
    "meshType": 0
  }
}