{
  "__type__": "cc.SpriteFrame",
  "content": {
    "name": "tu01-stand1_39",
    "atlas": "",
    "rect": {
      "x": 34,
      "y": 68,
      "width": 136,
      "height": 145
    },
    "offset": {
      "x": -8,
      "y": -30.5
    },
    "originalSize": {
      "width": 220,
      "height": 220
    },
    "rotated": false,
    "capInsets": [
      0,
      0,
      0,
      0
    ],
    "vertices": {
      "rawPosition": [
        -68,
        -72.5,
        0,
        68,
        -72.5,
        0,
        -68,
        72.5,
        0,
        68,
        72.5,
        0
      ],
      "indexes": [
        0,
        1,
        2,
        2,
        1,
        3
      ],
      "uv": [
        34,
        152,
        170,
        152,
        34,
        7,
        170,
        7
      ],
      "nuv": [
        0.15454545454545454,
        0.031818181818181815,
        0.7727272727272727,
        0.031818181818181815,
        0.15454545454545454,
        0.6909090909090909,
        0.7727272727272727,
        0.6909090909090909
      ],
      "minPos": {
        "x": -68,
        "y": -72.5,
        "z": 0
      },
      "maxPos": {
        "x": 68,
        "y": 72.5,
        "z": 0
      }
    },
    "texture": "7cc060bb-f43e-4436-9f04-4aacb301d8e5@6c48a",
    "packable": true,
    "pixelsToUnit": 100,
    "pivot": {
      "x": 0.5,
      "y": 0.5
    },
    "meshType": 0
  }
}