{
  "__type__": "cc.SpriteFrame",
  "content": {
    "name": "1_34",
    "atlas": "",
    "rect": {
      "x": 44,
      "y": 48,
      "width": 140,
      "height": 153
    },
    "offset": {
      "x": 4,
      "y": -14.5
    },
    "originalSize": {
      "width": 220,
      "height": 220
    },
    "rotated": false,
    "capInsets": [
      0,
      0,
      0,
      0
    ],
    "vertices": {
      "rawPosition": [
        -70,
        -76.5,
        0,
        70,
        -76.5,
        0,
        -70,
        76.5,
        0,
        70,
        76.5,
        0
      ],
      "indexes": [
        0,
        1,
        2,
        2,
        1,
        3
      ],
      "uv": [
        44,
        172,
        184,
        172,
        44,
        19,
        184,
        19
      ],
      "nuv": [
        0.2,
        0.08636363636363636,
        0.8363636363636363,
        0.08636363636363636,
        0.2,
        0.7818181818181819,
        0.8363636363636363,
        0.7818181818181819
      ],
      "minPos": {
        "x": -70,
        "y": -76.5,
        "z": 0
      },
      "maxPos": {
        "x": 70,
        "y": 76.5,
        "z": 0
      }
    },
    "texture": "7035d6c0-90b6-43ac-b9b4-18611df286e1@6c48a",
    "packable": true,
    "pixelsToUnit": 100,
    "pivot": {
      "x": 0.5,
      "y": 0.5
    },
    "meshType": 0
  }
}