{
  "__type__": "cc.SpriteFrame",
  "content": {
    "name": "1_13",
    "atlas": "",
    "rect": {
      "x": 44,
      "y": 45,
      "width": 134,
      "height": 158
    },
    "offset": {
      "x": 1,
      "y": -14
    },
    "originalSize": {
      "width": 220,
      "height": 220
    },
    "rotated": false,
    "capInsets": [
      0,
      0,
      0,
      0
    ],
    "vertices": {
      "rawPosition": [
        -67,
        -79,
        0,
        67,
        -79,
        0,
        -67,
        79,
        0,
        67,
        79,
        0
      ],
      "indexes": [
        0,
        1,
        2,
        2,
        1,
        3
      ],
      "uv": [
        44,
        175,
        178,
        175,
        44,
        17,
        178,
        17
      ],
      "nuv": [
        0.2,
        0.07727272727272727,
        0.8090909090909091,
        0.07727272727272727,
        0.2,
        0.7954545454545454,
        0.8090909090909091,
        0.7954545454545454
      ],
      "minPos": {
        "x": -67,
        "y": -79,
        "z": 0
      },
      "maxPos": {
        "x": 67,
        "y": 79,
        "z": 0
      }
    },
    "texture": "70e41409-2bc3-440a-ba28-bf9f3d1d438b@6c48a",
    "packable": true,
    "pixelsToUnit": 100,
    "pivot": {
      "x": 0.5,
      "y": 0.5
    },
    "meshType": 0
  }
}