{
  "__type__": "cc.SpriteFrame",
  "content": {
    "name": "1_107",
    "atlas": "",
    "rect": {
      "x": 79,
      "y": 127,
      "width": 191,
      "height": 174
    },
    "offset": {
      "x": -13,
      "y": -52
    },
    "originalSize": {
      "width": 375,
      "height": 324
    },
    "rotated": false,
    "capInsets": [
      0,
      0,
      0,
      0
    ],
    "vertices": {
      "rawPosition": [
        -95.5,
        -87,
        0,
        95.5,
        -87,
        0,
        -95.5,
        87,
        0,
        95.5,
        87,
        0
      ],
      "indexes": [
        0,
        1,
        2,
        2,
        1,
        3
      ],
      "uv": [
        79,
        197,
        270,
        197,
        79,
        23,
        270,
        23
      ],
      "nuv": [
        0.21066666666666667,
        0.07098765432098765,
        0.72,
        0.07098765432098765,
        0.21066666666666667,
        0.6080246913580247,
        0.72,
        0.6080246913580247
      ],
      "minPos": {
        "x": -95.5,
        "y": -87,
        "z": 0
      },
      "maxPos": {
        "x": 95.5,
        "y": 87,
        "z": 0
      }
    },
    "texture": "df4a5375-9675-4b54-a428-e1353b413d77@6c48a",
    "packable": true,
    "pixelsToUnit": 100,
    "pivot": {
      "x": 0.5,
      "y": 0.5
    },
    "meshType": 0
  }
}