{
  "__type__": "cc.SpriteFrame",
  "content": {
    "name": "1_22",
    "atlas": "",
    "rect": {
      "x": 35,
      "y": 38,
      "width": 174,
      "height": 133
    },
    "offset": {
      "x": 12,
      "y": 5.5
    },
    "originalSize": {
      "width": 220,
      "height": 220
    },
    "rotated": false,
    "capInsets": [
      0,
      0,
      0,
      0
    ],
    "vertices": {
      "rawPosition": [
        -87,
        -66.5,
        0,
        87,
        -66.5,
        0,
        -87,
        66.5,
        0,
        87,
        66.5,
        0
      ],
      "indexes": [
        0,
        1,
        2,
        2,
        1,
        3
      ],
      "uv": [
        35,
        182,
        209,
        182,
        35,
        49,
        209,
        49
      ],
      "nuv": [
        0.1590909090909091,
        0.22272727272727272,
        0.95,
        0.22272727272727272,
        0.1590909090909091,
        0.8272727272727273,
        0.95,
        0.8272727272727273
      ],
      "minPos": {
        "x": -87,
        "y": -66.5,
        "z": 0
      },
      "maxPos": {
        "x": 87,
        "y": 66.5,
        "z": 0
      }
    },
    "texture": "df8fb1c1-d54a-4ba9-85e5-f5a8d3115599@6c48a",
    "packable": true,
    "pixelsToUnit": 100,
    "pivot": {
      "x": 0.5,
      "y": 0.5
    },
    "meshType": 0
  }
}