{
  "__type__": "cc.SpriteFrame",
  "content": {
    "name": "1_086",
    "atlas": "",
    "rect": {
      "x": 41,
      "y": 70,
      "width": 257,
      "height": 231
    },
    "offset": {
      "x": -18,
      "y": -23.5
    },
    "originalSize": {
      "width": 375,
      "height": 324
    },
    "rotated": false,
    "capInsets": [
      0,
      0,
      0,
      0
    ],
    "vertices": {
      "rawPosition": [
        -128.5,
        -115.5,
        0,
        128.5,
        -115.5,
        0,
        -128.5,
        115.5,
        0,
        128.5,
        115.5,
        0
      ],
      "indexes": [
        0,
        1,
        2,
        2,
        1,
        3
      ],
      "uv": [
        41,
        254,
        298,
        254,
        41,
        23,
        298,
        23
      ],
      "nuv": [
        0.10933333333333334,
        0.07098765432098765,
        0.7946666666666666,
        0.07098765432098765,
        0.10933333333333334,
        0.7839506172839507,
        0.7946666666666666,
        0.7839506172839507
      ],
      "minPos": {
        "x": -128.5,
        "y": -115.5,
        "z": 0
      },
      "maxPos": {
        "x": 128.5,
        "y": 115.5,
        "z": 0
      }
    },
    "texture": "df9a8630-7970-4329-abb3-325687388f29@6c48a",
    "packable": true,
    "pixelsToUnit": 100,
    "pivot": {
      "x": 0.5,
      "y": 0.5
    },
    "meshType": 0
  }
}