{
  "__type__": "cc.SpriteFrame",
  "content": {
    "name": "1_52",
    "atlas": "",
    "rect": {
      "x": 18,
      "y": 28,
      "width": 141,
      "height": 173
    },
    "offset": {
      "x": -21.5,
      "y": -4.5
    },
    "originalSize": {
      "width": 220,
      "height": 220
    },
    "rotated": false,
    "capInsets": [
      0,
      0,
      0,
      0
    ],
    "vertices": {
      "rawPosition": [
        -70.5,
        -86.5,
        0,
        70.5,
        -86.5,
        0,
        -70.5,
        86.5,
        0,
        70.5,
        86.5,
        0
      ],
      "indexes": [
        0,
        1,
        2,
        2,
        1,
        3
      ],
      "uv": [
        18,
        192,
        159,
        192,
        18,
        19,
        159,
        19
      ],
      "nuv": [
        0.08181818181818182,
        0.08636363636363636,
        0.7227272727272728,
        0.08636363636363636,
        0.08181818181818182,
        0.8727272727272727,
        0.7227272727272728,
        0.8727272727272727
      ],
      "minPos": {
        "x": -70.5,
        "y": -86.5,
        "z": 0
      },
      "maxPos": {
        "x": 70.5,
        "y": 86.5,
        "z": 0
      }
    },
    "texture": "1111924c-ccd9-424f-83f0-0b5d6c6800cf@6c48a",
    "packable": true,
    "pixelsToUnit": 100,
    "pivot": {
      "x": 0.5,
      "y": 0.5
    },
    "meshType": 0
  }
}