{
  "__type__": "cc.SpriteFrame",
  "content": {
    "name": "ranksmall",
    "atlas": "",
    "rect": {
      "x": 0,
      "y": 2,
      "width": 61,
      "height": 243
    },
    "offset": {
      "x": 0,
      "y": -1
    },
    "originalSize": {
      "width": 61,
      "height": 245
    },
    "rotated": false,
    "capInsets": [
      0,
      0,
      0,
      0
    ],
    "vertices": {
      "rawPosition": [
        -30.5,
        -121.5,
        0,
        30.5,
        -121.5,
        0,
        -30.5,
        121.5,
        0,
        30.5,
        121.5,
        0
      ],
      "indexes": [
        0,
        1,
        2,
        2,
        1,
        3
      ],
      "uv": [
        0,
        243,
        61,
        243,
        0,
        0,
        61,
        0
      ],
      "nuv": [
        0,
        0,
        1,
        0,
        0,
        0.9918367346938776,
        1,
        0.9918367346938776
      ],
      "minPos": {
        "x": -30.5,
        "y": -121.5,
        "z": 0
      },
      "maxPos": {
        "x": 30.5,
        "y": 121.5,
        "z": 0
      }
    },
    "texture": "111bfdf1-8a7d-4f3f-ba51-19dec095079f@6c48a",
    "packable": true,
    "pixelsToUnit": 100,
    "pivot": {
      "x": 0.5,
      "y": 0.5
    },
    "meshType": 0
  }
}