{
  "__type__": "cc.SpriteFrame",
  "content": {
    "name": "1_15",
    "atlas": "",
    "rect": {
      "x": 45,
      "y": 47,
      "width": 140,
      "height": 154
    },
    "offset": {
      "x": 5,
      "y": -14
    },
    "originalSize": {
      "width": 220,
      "height": 220
    },
    "rotated": false,
    "capInsets": [
      0,
      0,
      0,
      0
    ],
    "vertices": {
      "rawPosition": [
        -70,
        -77,
        0,
        70,
        -77,
        0,
        -70,
        77,
        0,
        70,
        77,
        0
      ],
      "indexes": [
        0,
        1,
        2,
        2,
        1,
        3
      ],
      "uv": [
        45,
        173,
        185,
        173,
        45,
        19,
        185,
        19
      ],
      "nuv": [
        0.20454545454545456,
        0.08636363636363636,
        0.8409090909090909,
        0.08636363636363636,
        0.20454545454545456,
        0.7863636363636364,
        0.8409090909090909,
        0.7863636363636364
      ],
      "minPos": {
        "x": -70,
        "y": -77,
        "z": 0
      },
      "maxPos": {
        "x": 70,
        "y": 77,
        "z": 0
      }
    },
    "texture": "114a04e5-13c2-4793-bf05-c2918e7a3931@6c48a",
    "packable": true,
    "pixelsToUnit": 100,
    "pivot": {
      "x": 0.5,
      "y": 0.5
    },
    "meshType": 0
  }
}