{
  "__type__": "cc.SpriteFrame",
  "content": {
    "name": "1_47",
    "atlas": "",
    "rect": {
      "x": 6,
      "y": 8,
      "width": 176,
      "height": 158
    },
    "offset": {
      "x": -16,
      "y": 23
    },
    "originalSize": {
      "width": 220,
      "height": 220
    },
    "rotated": false,
    "capInsets": [
      0,
      0,
      0,
      0
    ],
    "vertices": {
      "rawPosition": [
        -88,
        -79,
        0,
        88,
        -79,
        0,
        -88,
        79,
        0,
        88,
        79,
        0
      ],
      "indexes": [
        0,
        1,
        2,
        2,
        1,
        3
      ],
      "uv": [
        6,
        212,
        182,
        212,
        6,
        54,
        182,
        54
      ],
      "nuv": [
        0.02727272727272727,
        0.24545454545454545,
        0.8272727272727273,
        0.24545454545454545,
        0.02727272727272727,
        0.9636363636363636,
        0.8272727272727273,
        0.9636363636363636
      ],
      "minPos": {
        "x": -88,
        "y": -79,
        "z": 0
      },
      "maxPos": {
        "x": 88,
        "y": 79,
        "z": 0
      }
    },
    "texture": "116409e0-327e-44d3-b545-4dc2b46ec5b4@6c48a",
    "packable": true,
    "pixelsToUnit": 100,
    "pivot": {
      "x": 0.5,
      "y": 0.5
    },
    "meshType": 0
  }
}