{
  "__type__": "cc.SpriteFrame",
  "content": {
    "name": "tu01-stand1_09",
    "atlas": "",
    "rect": {
      "x": 28,
      "y": 68,
      "width": 143,
      "height": 145
    },
    "offset": {
      "x": -10.5,
      "y": -30.5
    },
    "originalSize": {
      "width": 220,
      "height": 220
    },
    "rotated": false,
    "capInsets": [
      0,
      0,
      0,
      0
    ],
    "vertices": {
      "rawPosition": [
        -71.5,
        -72.5,
        0,
        71.5,
        -72.5,
        0,
        -71.5,
        72.5,
        0,
        71.5,
        72.5,
        0
      ],
      "indexes": [
        0,
        1,
        2,
        2,
        1,
        3
      ],
      "uv": [
        28,
        152,
        171,
        152,
        28,
        7,
        171,
        7
      ],
      "nuv": [
        0.12727272727272726,
        0.031818181818181815,
        0.7772727272727272,
        0.031818181818181815,
        0.12727272727272726,
        0.6909090909090909,
        0.7772727272727272,
        0.6909090909090909
      ],
      "minPos": {
        "x": -71.5,
        "y": -72.5,
        "z": 0
      },
      "maxPos": {
        "x": 71.5,
        "y": 72.5,
        "z": 0
      }
    },
    "texture": "a60fa778-d5e1-4c1f-84ae-af1beb80c82c@6c48a",
    "packable": true,
    "pixelsToUnit": 100,
    "pivot": {
      "x": 0.5,
      "y": 0.5
    },
    "meshType": 0
  }
}