{
  "__type__": "cc.SpriteFrame",
  "content": {
    "name": "sit_idle_05",
    "atlas": "",
    "rect": {
      "x": 28,
      "y": 46,
      "width": 66,
      "height": 136
    },
    "offset": {
      "x": 1,
      "y": -16.5
    },
    "originalSize": {
      "width": 120,
      "height": 195
    },
    "rotated": false,
    "capInsets": [
      0,
      0,
      0,
      0
    ],
    "vertices": {
      "rawPosition": [
        -33,
        -68,
        0,
        33,
        -68,
        0,
        -33,
        68,
        0,
        33,
        68,
        0
      ],
      "indexes": [
        0,
        1,
        2,
        2,
        1,
        3
      ],
      "uv": [
        28,
        149,
        94,
        149,
        28,
        13,
        94,
        13
      ],
      "nuv": [
        0.23333333333333334,
        0.06666666666666667,
        0.7833333333333333,
        0.06666666666666667,
        0.23333333333333334,
        0.764102564102564,
        0.7833333333333333,
        0.764102564102564
      ],
      "minPos": {
        "x": -33,
        "y": -68,
        "z": 0
      },
      "maxPos": {
        "x": 33,
        "y": 68,
        "z": 0
      }
    },
    "texture": "a6263afd-18ff-4c13-836e-228ad7ba9766@6c48a",
    "packable": true,
    "pixelsToUnit": 100,
    "pivot": {
      "x": 0.5,
      "y": 0.5
    },
    "meshType": 0
  }
}