{
  "__type__": "cc.SpriteFrame",
  "content": {
    "name": "1_096",
    "atlas": "",
    "rect": {
      "x": 79,
      "y": 74,
      "width": 248,
      "height": 227
    },
    "offset": {
      "x": 15.5,
      "y": -25.5
    },
    "originalSize": {
      "width": 375,
      "height": 324
    },
    "rotated": false,
    "capInsets": [
      0,
      0,
      0,
      0
    ],
    "vertices": {
      "rawPosition": [
        -124,
        -113.5,
        0,
        124,
        -113.5,
        0,
        -124,
        113.5,
        0,
        124,
        113.5,
        0
      ],
      "indexes": [
        0,
        1,
        2,
        2,
        1,
        3
      ],
      "uv": [
        79,
        250,
        327,
        250,
        79,
        23,
        327,
        23
      ],
      "nuv": [
        0.21066666666666667,
        0.07098765432098765,
        0.872,
        0.07098765432098765,
        0.21066666666666667,
        0.7716049382716049,
        0.872,
        0.7716049382716049
      ],
      "minPos": {
        "x": -124,
        "y": -113.5,
        "z": 0
      },
      "maxPos": {
        "x": 124,
        "y": 113.5,
        "z": 0
      }
    },
    "texture": "a6b64072-dc0d-4a99-8592-5679de68915a@6c48a",
    "packable": true,
    "pixelsToUnit": 100,
    "pivot": {
      "x": 0.5,
      "y": 0.5
    },
    "meshType": 0
  }
}