{
  "__type__": "cc.SpriteFrame",
  "content": {
    "name": "sit2_13",
    "atlas": "",
    "rect": {
      "x": 39,
      "y": 40,
      "width": 66,
      "height": 146
    },
    "offset": {
      "x": 4.5,
      "y": -15.5
    },
    "originalSize": {
      "width": 135,
      "height": 195
    },
    "rotated": false,
    "capInsets": [
      0,
      0,
      0,
      0
    ],
    "vertices": {
      "rawPosition": [
        -33,
        -73,
        0,
        33,
        -73,
        0,
        -33,
        73,
        0,
        33,
        73,
        0
      ],
      "indexes": [
        0,
        1,
        2,
        2,
        1,
        3
      ],
      "uv": [
        39,
        155,
        105,
        155,
        39,
        9,
        105,
        9
      ],
      "nuv": [
        0.28888888888888886,
        0.046153846153846156,
        0.7777777777777778,
        0.046153846153846156,
        0.28888888888888886,
        0.7948717948717948,
        0.7777777777777778,
        0.7948717948717948
      ],
      "minPos": {
        "x": -33,
        "y": -73,
        "z": 0
      },
      "maxPos": {
        "x": 33,
        "y": 73,
        "z": 0
      }
    },
    "texture": "a6c55dff-a330-448a-b5cc-20b629752a31@6c48a",
    "packable": true,
    "pixelsToUnit": 100,
    "pivot": {
      "x": 0.5,
      "y": 0.5
    },
    "meshType": 0
  }
}