{
  "__type__": "cc.SpriteFrame",
  "content": {
    "name": "1_29",
    "atlas": "",
    "rect": {
      "x": 50,
      "y": 48,
      "width": 150,
      "height": 160
    },
    "offset": {
      "x": 15,
      "y": -18
    },
    "originalSize": {
      "width": 220,
      "height": 220
    },
    "rotated": false,
    "capInsets": [
      0,
      0,
      0,
      0
    ],
    "vertices": {
      "rawPosition": [
        -75,
        -80,
        0,
        75,
        -80,
        0,
        -75,
        80,
        0,
        75,
        80,
        0
      ],
      "indexes": [
        0,
        1,
        2,
        2,
        1,
        3
      ],
      "uv": [
        50,
        172,
        200,
        172,
        50,
        12,
        200,
        12
      ],
      "nuv": [
        0.22727272727272727,
        0.05454545454545454,
        0.9090909090909091,
        0.05454545454545454,
        0.22727272727272727,
        0.7818181818181819,
        0.9090909090909091,
        0.7818181818181819
      ],
      "minPos": {
        "x": -75,
        "y": -80,
        "z": 0
      },
      "maxPos": {
        "x": 75,
        "y": 80,
        "z": 0
      }
    },
    "texture": "a6ee74c5-dd7c-43f3-8c87-7c77f0bc1299@6c48a",
    "packable": true,
    "pixelsToUnit": 100,
    "pivot": {
      "x": 0.5,
      "y": 0.5
    },
    "meshType": 0
  }
}